YrSt_ID,population,population_unemp,violent_crime,Unemp_Yr_Avg
1980 - AK,440142,42254.0,1919,9.6
1980 - AL,3861466,343670.0,17320,8.9
1980 - AR,2284037,171303.0,7656,7.5
1980 - AZ,2715357,179214.0,17673,6.6
1980 - CA,23532680,1600222.0,210290,6.8
1980 - CO,2878407,166948.0,15215,5.8
1980 - CT,3095224,179523.0,12768,5.8
1980 - DC,635233,47007.0,12772,7.4
1980 - DE,594779,45203.0,2824,7.6
1980 - FL,9567112,583594.0,94095,6.1
1980 - GA,5400851,340254.0,29993,6.3
1980 - HI,964680,48234.0,2889,5.0
1980 - IA,2907804,174468.0,5826,6.0
1980 - ID,943629,70772.0,2957,7.5
1980 - IL,11355062,919760.0,91753,8.1
1980 - IN,5461103,524266.0,20633,9.6
1980 - KS,2354783,105965.0,9168,4.5
1980 - KY,3641479,287677.0,9711,7.9
1980 - LA,4199542,289768.0,27926,6.9
1980 - MA,5728288,320784.0,34444,5.6
1980 - MD,4192211,276686.0,35735,6.6
1980 - ME,1123670,85399.0,2173,7.6
1980 - MI,9228128,1135060.0,59014,12.3
1980 - MN,4061235,235552.0,9250,5.8
1980 - MO,4901288,352893.0,27177,7.2
1980 - MT,781592,47677.0,1740,6.1
1980 - NC,5843665,373995.0,26589,6.4
1980 - ND,652437,31969.0,352,4.9
1980 - NE,1563921,60993.0,3512,3.9
1980 - NH,919114,41360.0,1653,4.5
1980 - NJ,7342164,528636.0,44373,7.2
1980 - NM,1295474,98456.0,7967,7.6
1980 - NV,800312,49619.0,7304,6.2
1980 - NY,17506690,1313002.0,180235,7.5
1980 - OH,10766808,904412.0,53646,8.4
1980 - OK,3001252,132055.0,12589,4.4
1980 - OR,2610477,221891.0,12802,8.5
1980 - PA,11824220,945938.0,43032,8.0
1980 - RI,945835,68100.0,3864,7.2
1980 - SC,3064557,205325.0,20225,6.7
1980 - SD,688217,33034.0,873,4.8
1980 - TN,4545590,336374.0,20824,7.4
1980 - TX,14169829,722661.0,77978,5.1
1980 - UT,1458729,90441.0,4425,6.2
1980 - VA,5323412,276817.0,16355,5.2
1980 - VT,511299,31701.0,914,6.2
1980 - WA,4113331,333180.0,19098,8.1
1980 - WI,4680917,337026.0,8546,7.2
1980 - WV,1930787,183425.0,3547,9.5
1980 - WY,468954,17820.0,1841,3.8
1981 - AK,412000,38728.0,2537,9.4
1981 - AL,3916000,411180.0,18423,10.5
1981 - AR,2294000,201872.0,7119,8.8
1981 - AZ,2793000,173166.0,16082,6.2
1981 - CA,24159000,1787766.0,208485,7.4
1981 - CO,2963000,171854.0,15755,5.8
1981 - CT,3132000,194184.0,14033,6.2
1981 - DC,636000,56604.0,14468,8.9
1981 - DE,598000,47242.0,3044,7.9
1981 - FL,10166000,681122.0,98109,6.7
1981 - GA,5569000,356416.0,30527,6.4
1981 - HI,979000,52866.0,2424,5.4
1981 - IA,2897000,191202.0,5915,6.6
1981 - ID,959000,74802.0,2717,7.8
1981 - IL,11455000,973675.0,90781,8.5
1981 - IN,5466000,541134.0,18672,9.9
1981 - KS,2381000,102383.0,8796,4.3
1981 - KY,3661000,314846.0,10599,8.6
1981 - LA,4305000,361620.0,27478,8.4
1981 - MA,5770000,375050.0,36273,6.5
1981 - MD,4261000,311053.0,37800,7.3
1981 - ME,1132000,83768.0,2214,7.4
1981 - MI,9201000,1140924.0,59058,12.4
1981 - MN,4090000,237220.0,9344,5.8
1981 - MO,4938000,380226.0,26675,7.7
1981 - MT,792000,54648.0,2004,6.9
1981 - NC,5951000,386815.0,25986,6.5
1981 - ND,658000,31584.0,444,4.8
1981 - NE,1576000,66192.0,2861,4.2
1981 - NH,935000,48620.0,1375,5.2
1981 - NJ,7401000,555075.0,46674,7.5
1981 - NM,1327000,96871.0,8913,7.3
1981 - NV,845000,60840.0,7575,7.2
1981 - NY,17594000,1337144.0,188178,7.6
1981 - OH,10776000,1012944.0,53509,9.4
1981 - OK,3098000,111528.0,13223,3.6
1981 - OR,2647000,259406.0,12671,9.8
1981 - PA,11864000,996576.0,44104,8.4
1981 - RI,952000,74256.0,4205,7.8
1981 - SC,3166000,256446.0,20275,8.1
1981 - SD,685000,34250.0,718,5.0
1981 - TN,4610000,414900.0,19019,9.0
1981 - TX,14755000,782015.0,78560,5.3
1981 - UT,1516000,100056.0,4527,6.6
1981 - VA,5426000,325560.0,17456,6.0
1981 - VT,515000,29870.0,659,5.8
1981 - WA,4212000,404352.0,18839,9.6
1981 - WI,4739000,379120.0,8904,8.0
1981 - WV,1951000,206806.0,3410,10.6
1981 - WY,492000,20172.0,2116,4.1
1982 - AK,438000,43362.0,2732,9.9
1982 - AL,3943000,555963.0,17653,14.1
1982 - AR,2291000,226809.0,7438,9.9
1982 - AZ,2860000,288860.0,14785,10.1
1982 - CA,24724000,2447676.0,201429,9.9
1982 - CO,3045000,222285.0,15354,7.3
1982 - CT,3153000,214404.0,12597,6.8
1982 - DC,631000,65624.0,13397,10.4
1982 - DE,602000,50568.0,3370,8.4
1982 - FL,10416000,874944.0,93411,8.4
1982 - GA,5639000,439842.0,26963,7.8
1982 - HI,994000,62622.0,2542,6.3
1982 - IA,2905000,246925.0,5018,8.5
1982 - ID,965000,96500.0,2501,10.0
1982 - IL,11448000,1305072.0,88644,11.4
1982 - IN,5471000,656520.0,16444,12.0
1982 - KS,2408000,151704.0,8088,6.3
1982 - KY,3667000,396036.0,11550,10.8
1982 - LA,4362000,449286.0,29185,10.3
1982 - MA,5781000,445137.0,33031,7.7
1982 - MD,4265000,353995.0,36254,8.3
1982 - ME,1133000,95172.0,1847,8.4
1982 - MI,9109000,1402786.0,59806,15.4
1982 - MN,4133000,326507.0,9062,7.9
1982 - MO,4951000,455492.0,25078,9.2
1982 - MT,801000,68085.0,1801,8.5
1982 - NC,6019000,553748.0,26865,9.2
1982 - ND,670000,37520.0,414,5.6
1982 - NE,1586000,88816.0,3641,5.6
1982 - NH,951000,64668.0,1187,6.8
1982 - NJ,7438000,647106.0,45175,8.7
1982 - NM,1359000,125028.0,9982,9.2
1982 - NV,881000,87219.0,7096,9.9
1982 - NY,17659000,1501015.0,174833,8.5
1982 - OH,10791000,1370457.0,47126,12.7
1982 - OK,3177000,190620.0,14103,6.0
1982 - OR,2649000,304635.0,12529,11.5
1982 - PA,11865000,1328880.0,42767,11.2
1982 - RI,958000,92926.0,3849,9.7
1982 - SC,3203000,355533.0,23061,11.1
1982 - SD,691000,38005.0,684,5.5
1982 - TN,4651000,544167.0,19586,11.7
1982 - TX,15280000,1054320.0,88178,6.9
1982 - UT,1554000,127428.0,4440,8.2
1982 - VA,5491000,406334.0,16970,7.4
1982 - VT,516000,36120.0,655,7.0
1982 - WA,4245000,509400.0,17251,12.0
1982 - WI,4765000,500325.0,9077,10.5
1982 - WV,1948000,272720.0,3405,14.0
1982 - WY,502000,31124.0,1527,6.2
1983 - AK,479000,47900.0,2940,10.0
1983 - AL,3959000,546342.0,16471,13.8
1983 - AR,2328000,230472.0,6930,9.9
1983 - AZ,2963000,260744.0,14642,8.8
1983 - CA,25174000,2467052.0,194491,9.8
1983 - CO,3139000,222869.0,14955,7.1
1983 - CT,3138000,188280.0,11767,6.0
1983 - DC,623000,69776.0,11933,11.2
1983 - DE,606000,46662.0,2746,7.7
1983 - FL,10680000,907800.0,88292,8.5
1983 - GA,5732000,441364.0,26179,7.7
1983 - HI,1023000,63426.0,2579,6.2
1983 - IA,2905000,235305.0,5262,8.1
1983 - ID,989000,89010.0,2361,9.0
1983 - IL,11486000,1355348.0,83629,11.8
1983 - IN,5479000,613648.0,15547,11.2
1983 - KS,2425000,143075.0,7919,5.9
1983 - KY,3714000,423396.0,11967,11.4
1983 - LA,4438000,510370.0,28444,11.5
1983 - MA,5767000,392156.0,33264,6.8
1983 - MD,4304000,301280.0,34736,7.0
1983 - ME,1146000,95118.0,1829,8.3
1983 - MI,9069000,1305936.0,64993,14.4
1983 - MN,4144000,331520.0,7909,8.0
1983 - MO,4970000,492030.0,23718,9.9
1983 - MT,817000,70262.0,1737,8.6
1983 - NC,6082000,547380.0,24911,9.0
1983 - ND,680000,38760.0,365,5.7
1983 - NE,1597000,89432.0,3477,5.6
1983 - NH,959000,52745.0,1200,5.5
1983 - NJ,7468000,597440.0,41304,8.0
1983 - NM,1399000,135703.0,9608,9.7
1983 - NV,891000,85536.0,5838,9.6
1983 - NY,17667000,1537029.0,161489,8.7
1983 - OH,10746000,1332504.0,42759,12.4
1983 - OK,3298000,277032.0,13964,8.4
1983 - OR,2662000,287496.0,12986,10.8
1983 - PA,11895000,1367925.0,40782,11.5
1983 - RI,955000,79265.0,3392,8.3
1983 - SC,3264000,323136.0,20133,9.9
1983 - SD,700000,36400.0,840,5.2
1983 - TN,4685000,543460.0,18836,11.6
1983 - TX,15724000,1242196.0,80546,7.9
1983 - UT,1619000,140853.0,4144,8.7
1983 - VA,5550000,355200.0,16236,6.4
1983 - VT,525000,33600.0,696,6.4
1983 - WA,4300000,477300.0,15986,11.1
1983 - WI,4751000,489353.0,9070,10.3
1983 - WV,1965000,349770.0,3375,17.8
1983 - WY,514000,41634.0,1219,8.1
1984 - AK,500000,49500.0,3108,9.9
1984 - AL,3990000,438900.0,17204,11.0
1984 - AR,2349000,204363.0,7549,8.7
1984 - AZ,3053000,158756.0,15756,5.2
1984 - CA,25622000,1998516.0,195589,7.8
1984 - CO,3178000,171612.0,14548,5.4
1984 - CT,3154000,148238.0,12422,4.7
1984 - DC,623000,57316.0,10725,9.2
1984 - DE,613000,38619.0,2671,6.3
1984 - FL,10976000,702464.0,95270,6.4
1984 - GA,5837000,356057.0,27935,6.1
1984 - HI,1039000,59223.0,2409,5.7
1984 - IA,2910000,203700.0,5781,7.0
1984 - ID,1001000,73073.0,2355,7.3
1984 - IL,11511000,1035990.0,83441,9.0
1984 - IN,5498000,472828.0,16781,8.6
1984 - KS,2438000,119462.0,8147,4.9
1984 - KY,3723000,346239.0,10342,9.3
1984 - LA,4462000,450662.0,30251,10.1
1984 - MA,5798000,278304.0,30362,4.8
1984 - MD,4349000,234846.0,34455,5.4
1984 - ME,1156000,71672.0,1832,6.2
1984 - MI,9075000,1016400.0,68979,11.2
1984 - MN,4162000,262206.0,8802,6.3
1984 - MO,5008000,360576.0,23071,7.2
1984 - MT,824000,62624.0,1958,7.6
1984 - NC,6165000,413055.0,24885,6.7
1984 - ND,686000,36358.0,368,5.3
1984 - NE,1606000,72270.0,3627,4.5
1984 - NH,977000,42011.0,1308,4.3
1984 - NJ,7515000,465930.0,39659,6.2
1984 - NM,1424000,111072.0,9798,7.8
1984 - NV,911000,71969.0,5726,7.9
1984 - NY,17735000,1276920.0,162157,7.2
1984 - OH,10752000,1021440.0,41430,9.5
1984 - OK,3298000,234158.0,13438,7.1
1984 - OR,2674000,251356.0,13533,9.4
1984 - PA,11901000,1082991.0,38154,9.1
1984 - RI,962000,52910.0,3220,5.5
1984 - SC,3300000,227700.0,20607,6.9
1984 - SD,706000,31064.0,1041,4.4
1984 - TN,4717000,405662.0,21010,8.6
1984 - TX,15989000,975329.0,80737,6.1
1984 - UT,1652000,107380.0,4035,6.5
1984 - VA,5636000,287436.0,16660,5.1
1984 - VT,530000,27030.0,769,5.1
1984 - WA,4349000,404457.0,17676,9.3
1984 - WI,4766000,352684.0,9367,7.4
1984 - WV,1952000,288896.0,3283,14.8
1984 - WY,511000,32193.0,1237,6.3
1985 - AK,521000,50537.0,3031,9.7
1985 - AL,4021000,369932.0,18398,9.2
1985 - AR,2359000,205233.0,8199,8.7
1985 - AZ,3187000,200781.0,19202,6.3
1985 - CA,26365000,1898280.0,201763,7.2
1985 - CO,3231000,197091.0,15219,6.1
1985 - CT,3174000,149178.0,12758,4.7
1985 - DC,626000,50706.0,10171,8.1
1985 - DE,622000,32344.0,2695,5.2
1985 - FL,11366000,681960.0,106971,6.0
1985 - GA,5976000,382464.0,30311,6.4
1985 - HI,1054000,56916.0,2313,5.4
1985 - IA,2884000,216300.0,6106,7.5
1985 - ID,1005000,79395.0,2360,7.9
1985 - IL,11535000,1049685.0,82448,9.1
1985 - IN,5499000,428922.0,17014,7.8
1985 - KS,2450000,124950.0,8716,5.1
1985 - KY,3726000,342792.0,11384,9.2
1985 - LA,4481000,519796.0,31108,11.6
1985 - MA,5822000,232880.0,31334,4.0
1985 - MD,4392000,202032.0,36655,4.6
1985 - ME,1164000,64020.0,1950,5.5
1985 - MI,9088000,908800.0,66714,10.0
1985 - MN,4193000,251580.0,10751,6.0
1985 - MO,5029000,326885.0,25321,6.5
1985 - MT,826000,63602.0,1722,7.7
1985 - NC,6255000,350280.0,26327,5.6
1985 - ND,685000,39045.0,322,5.7
1985 - NE,1606000,83512.0,3821,5.2
1985 - NH,998000,36926.0,1405,3.7
1985 - NJ,7562000,423472.0,41172,5.6
1985 - NM,1450000,120350.0,10207,8.3
1985 - NV,936000,72072.0,6244,7.7
1985 - NY,17783000,1173678.0,165365,6.6
1985 - OH,10744000,956216.0,41000,8.9
1985 - OK,3301000,237672.0,13930,7.2
1985 - OR,2687000,236456.0,14807,8.8
1985 - PA,11853000,948240.0,39240,8.0
1985 - RI,968000,45496.0,3355,4.7
1985 - SC,3347000,230943.0,21121,6.9
1985 - SD,708000,34692.0,967,4.9
1985 - TN,4762000,380960.0,22592,8.0
1985 - TX,16370000,1145900.0,90030,7.0
1985 - UT,1645000,98700.0,4398,6.0
1985 - VA,5706000,313830.0,16813,5.5
1985 - VT,535000,25680.0,790,4.8
1985 - WA,4409000,370356.0,18757,8.4
1985 - WI,4775000,343800.0,9880,7.2
1985 - WV,1936000,253616.0,3214,13.1
1985 - WY,509000,35121.0,1307,6.9
1986 - AK,534000,58740.0,3046,11.0
1986 - AL,4053000,393141.0,22616,9.7
1986 - AR,2372000,203992.0,9365,8.6
1986 - AZ,3317000,228873.0,21835,6.9
1986 - CA,26981000,1807727.0,248370,6.7
1986 - CO,3267000,245025.0,17105,7.5
1986 - CT,3189000,124371.0,13578,3.9
1986 - DC,626000,46950.0,9423,7.5
1986 - DE,633000,27219.0,2703,4.3
1986 - FL,11675000,677150.0,121013,5.8
1986 - GA,6104000,366240.0,35869,6.0
1986 - HI,1062000,50976.0,2604,4.8
1986 - IA,2851000,193868.0,6703,6.8
1986 - ID,1003000,85255.0,2232,8.5
1986 - IL,11533000,957239.0,93454,8.3
1986 - IN,5504000,379776.0,16937,6.9
1986 - KS,2461000,130433.0,9076,5.3
1986 - KY,3728000,350432.0,12467,9.4
1986 - LA,4501000,576128.0,34128,12.8
1986 - MA,5832000,227448.0,32476,3.9
1986 - MD,4463000,205298.0,37177,4.6
1986 - ME,1174000,62222.0,1726,5.3
1986 - MI,9145000,804760.0,73517,8.8
1986 - MN,4214000,231770.0,11991,5.5
1986 - MO,5066000,314092.0,29310,6.2
1986 - MT,819000,64701.0,1289,7.9
1986 - NC,6331000,335543.0,30128,5.3
1986 - ND,679000,40061.0,348,5.9
1986 - NE,1598000,79900.0,4196,5.0
1986 - NH,1027000,28756.0,1433,2.8
1986 - NJ,7620000,381000.0,43623,5.0
1986 - NM,1479000,137547.0,10731,9.3
1986 - NV,963000,59706.0,6923,6.2
1986 - NY,17772000,1101864.0,175210,6.2
1986 - OH,10752000,892416.0,45260,8.3
1986 - OK,3305000,271010.0,14423,8.2
1986 - OR,2698000,218538.0,14830,8.1
1986 - PA,11889000,820341.0,42629,6.9
1986 - RI,975000,39975.0,3271,4.1
1986 - SC,3378000,216192.0,22789,6.4
1986 - SD,708000,32568.0,883,4.6
1986 - TN,4803000,379437.0,25919,7.9
1986 - TX,16682000,1468016.0,109925,8.8
1986 - UT,1665000,101565.0,4441,6.1
1986 - VA,5787000,289350.0,17708,5.0
1986 - VT,541000,23263.0,807,4.3
1986 - WA,4463000,361503.0,19505,8.1
1986 - WI,4785000,334950.0,12339,7.0
1986 - WV,1919000,226442.0,3156,11.8
1986 - WY,507000,45123.0,1486,8.9
1987 - AK,525000,54075.0,2391,10.3
1987 - AL,4083000,330723.0,22833,8.1
1987 - AR,2388000,193428.0,9839,8.1
1987 - AZ,3386000,220090.0,20742,6.5
1987 - CA,27663000,1604454.0,253943,5.8
1987 - CO,3296000,250496.0,15409,7.6
1987 - CT,3211000,109174.0,13455,3.4
1987 - DC,622000,39186.0,10016,6.3
1987 - DE,644000,19964.0,2774,3.1
1987 - FL,12023000,637219.0,123168,5.3
1987 - GA,6222000,354654.0,35868,5.7
1987 - HI,1083000,41154.0,2851,3.8
1987 - IA,2834000,155870.0,6553,5.5
1987 - ID,998000,75848.0,2138,7.6
1987 - IL,11582000,868650.0,92216,7.5
1987 - IN,5531000,342922.0,18169,6.2
1987 - KS,2476000,121324.0,8932,4.9
1987 - KY,3727000,316795.0,12589,8.5
1987 - LA,4461000,539781.0,30916,12.1
1987 - MA,5855000,187360.0,33060,3.2
1987 - MD,4535000,199540.0,34820,4.4
1987 - ME,1187000,52228.0,1806,4.4
1987 - MI,9200000,763600.0,71772,8.3
1987 - MN,4246000,216546.0,12118,5.1
1987 - MO,5103000,321489.0,27792,6.3
1987 - MT,809000,60675.0,1223,7.5
1987 - NC,6413000,288585.0,31039,4.5
1987 - ND,672000,33600.0,382,5.0
1987 - NE,1594000,70136.0,4004,4.4
1987 - NH,1057000,24311.0,1581,2.3
1987 - NJ,7672000,314552.0,41507,4.1
1987 - NM,1500000,130500.0,9427,8.7
1987 - NV,1007000,61427.0,7006,6.1
1987 - NY,17825000,873425.0,179691,4.9
1987 - OH,10784000,765664.0,45436,7.1
1987 - OK,3272000,238856.0,13664,7.3
1987 - OR,2724000,171612.0,14697,6.3
1987 - PA,11936000,680352.0,44087,5.7
1987 - RI,986000,35496.0,3547,3.6
1987 - SC,3425000,188375.0,22773,5.5
1987 - SD,709000,29778.0,849,4.2
1987 - TN,4855000,320430.0,25900,6.6
1987 - TX,16789000,1410276.0,105961,8.4
1987 - UT,1680000,104160.0,3861,6.2
1987 - VA,5904000,253872.0,17414,4.3
1987 - VT,548000,19728.0,748,3.6
1987 - WA,4538000,335812.0,19945,7.4
1987 - WI,4807000,283613.0,12014,5.9
1987 - WV,1897000,204876.0,2605,10.8
1987 - WY,490000,39690.0,1387,8.1
1988 - AK,513000,45144.0,2682,8.8
1988 - AL,4127000,297144.0,23052,7.2
1988 - AR,2422000,184072.0,10237,7.6
1988 - AZ,3466000,221824.0,21147,6.4
1988 - CA,28168000,1492904.0,261912,5.3
1988 - CO,3290000,213850.0,15548,6.5
1988 - CT,3241000,93989.0,14759,2.9
1988 - DC,620000,31000.0,11914,5.0
1988 - DE,660000,21120.0,2981,3.2
1988 - FL,12377000,631227.0,138343,5.1
1988 - GA,6401000,364857.0,42589,5.7
1988 - HI,1093000,34976.0,2810,3.2
1988 - IA,2834000,127530.0,7279,4.5
1988 - ID,999000,59940.0,2345,6.0
1988 - IL,11544000,773448.0,93557,6.7
1988 - IN,5575000,295475.0,21187,5.3
1988 - KS,2487000,111915.0,9083,4.5
1988 - KY,3721000,282796.0,12284,7.6
1988 - LA,4420000,477360.0,31711,10.8
1988 - MA,5871000,193743.0,36376,3.3
1988 - MD,4644000,199692.0,37466,4.3
1988 - ME,1206000,43416.0,1898,3.6
1988 - MI,9300000,697500.0,68980,7.5
1988 - MN,4306000,185158.0,12490,4.3
1988 - MO,5139000,292923.0,28393,5.7
1988 - MT,804000,53064.0,989,6.6
1988 - NC,6526000,234936.0,32753,3.6
1988 - ND,663000,31161.0,392,4.7
1988 - NE,1601000,57636.0,4374,3.6
1988 - NH,1097000,26328.0,1622,2.4
1988 - NJ,7720000,293360.0,44993,3.8
1988 - NM,1510000,113250.0,9938,7.5
1988 - NV,1060000,55120.0,8275,5.2
1988 - NY,17898000,769614.0,196396,4.3
1988 - OH,10872000,663192.0,49144,6.1
1988 - OK,3263000,208832.0,14179,6.4
1988 - OR,2741000,158978.0,14959,5.8
1988 - PA,12027000,613377.0,43534,5.1
1988 - RI,995000,30845.0,3947,3.1
1988 - SC,3493000,164171.0,25889,4.7
1988 - SD,715000,29315.0,813,4.1
1988 - TN,4919000,285302.0,26205,5.8
1988 - TX,16780000,1241720.0,109499,7.4
1988 - UT,1691000,84550.0,4110,5.0
1988 - VA,5996000,233844.0,17940,3.9
1988 - VT,556000,16680.0,791,3.0
1988 - WA,4619000,290997.0,21543,6.3
1988 - WI,4858000,213752.0,10414,4.4
1988 - WV,1884000,186516.0,2476,9.9
1988 - WY,471000,30615.0,1479,6.5
1989 - AK,527000,36890.0,2623,7.0
1989 - AL,4118000,288260.0,24329,7.0
1989 - AR,2406000,168420.0,11397,7.0
1989 - AZ,3556000,188468.0,21320,5.3
1989 - CA,29063000,1482213.0,284136,5.1
1989 - CO,3317000,189069.0,15636,5.7
1989 - CT,3239000,123082.0,16576,3.8
1989 - DC,604000,29596.0,12937,4.9
1989 - DE,673000,23555.0,3745,3.5
1989 - FL,12671000,709576.0,140575,5.6
1989 - GA,6436000,353980.0,47357,5.5
1989 - HI,1112000,27800.0,3004,2.5
1989 - IA,2840000,119280.0,7563,4.2
1989 - ID,1014000,53742.0,2582,5.3
1989 - IL,11658000,699480.0,98611,6.0
1989 - IN,5593000,268464.0,22735,4.8
1989 - KS,2513000,105546.0,10073,4.2
1989 - KY,3727000,238528.0,13302,6.4
1989 - LA,4382000,350560.0,34257,8.0
1989 - MA,5913000,242433.0,39912,4.1
1989 - MD,4694000,178372.0,40152,3.8
1989 - ME,1222000,48880.0,1676,4.0
1989 - MI,9273000,658383.0,65760,7.1
1989 - MN,4353000,187179.0,12549,4.3
1989 - MO,5159000,283745.0,32634,5.5
1989 - MT,806000,46748.0,935,5.8
1989 - NC,6571000,229985.0,35902,3.5
1989 - ND,660000,28380.0,417,4.3
1989 - NE,1611000,46719.0,4503,2.9
1989 - NH,1107000,38745.0,1865,3.5
1989 - NJ,7736000,317176.0,47111,4.1
1989 - NM,1528000,102376.0,10755,6.7
1989 - NV,1111000,52217.0,6947,4.7
1989 - NY,17950000,897500.0,203042,5.0
1989 - OH,10907000,610792.0,51109,5.6
1989 - OK,3224000,183768.0,15847,5.7
1989 - OR,2820000,152280.0,14625,5.4
1989 - PA,12040000,565880.0,45586,4.7
1989 - RI,998000,40918.0,3772,4.1
1989 - SC,3512000,161552.0,28576,4.6
1989 - SD,715000,28600.0,969,4.0
1989 - TN,4940000,251940.0,27118,5.1
1989 - TX,16991000,1138397.0,111889,6.7
1989 - UT,1707000,78522.0,4417,4.6
1989 - VA,6098000,237822.0,19057,3.9
1989 - VT,567000,19845.0,753,3.5
1989 - WA,4761000,280899.0,22460,5.9
1989 - WI,4867000,214148.0,10834,4.4
1989 - WV,1857000,159702.0,2724,8.6
1989 - WY,475000,29450.0,1227,6.2
1990 - AK,550043,39603.0,2885,7.2
1990 - AL,4040587,274760.0,28630,6.8
1990 - AR,2350725,162200.0,12511,6.9
1990 - AZ,3665228,194257.0,23911,5.3
1990 - CA,29760021,1726081.0,311051,5.8
1990 - CO,3294394,171308.0,17328,5.2
1990 - CT,3287116,167643.0,18201,5.1
1990 - DC,606900,38235.0,14919,6.3
1990 - DE,666168,31310.0,4365,4.7
1990 - FL,12937926,789213.0,160990,6.1
1990 - GA,6478216,356302.0,48996,5.5
1990 - HI,1108229,29922.0,3113,2.7
1990 - IA,2776755,122177.0,8321,4.4
1990 - ID,1006749,55371.0,2776,5.5
1990 - IL,11430602,697267.0,110575,6.1
1990 - IN,5544159,293840.0,26275,5.3
1990 - KS,2477574,106536.0,11093,4.3
1990 - KY,3685296,221118.0,14386,6.0
1990 - LA,4219973,261638.0,37914,6.2
1990 - MA,6016425,379035.0,44300,6.3
1990 - MD,4781468,215166.0,43940,4.5
1990 - ME,1227928,65080.0,1759,5.3
1990 - MI,9295297,706443.0,73468,7.6
1990 - MN,4375099,210005.0,13392,4.8
1990 - MO,5117073,296790.0,36602,5.8
1990 - MT,799065,47944.0,1273,6.0
1990 - NC,6628637,271774.0,41332,4.1
1990 - ND,638800,25552.0,472,4.0
1990 - NE,1578385,37881.0,5209,2.4
1990 - NH,1109252,63227.0,1459,5.7
1990 - NJ,7730188,394240.0,50057,5.1
1990 - NM,1515069,99995.0,11821,6.6
1990 - NV,1201833,56486.0,7222,4.7
1990 - NY,17990455,953494.0,212458,5.3
1990 - OH,10847115,607438.0,54904,5.6
1990 - OK,3145585,179298.0,17222,5.7
1990 - OR,2842321,156328.0,14405,5.5
1990 - PA,11881643,653490.0,51213,5.5
1990 - RI,1003464,64222.0,4334,6.4
1990 - SC,3486703,167362.0,34050,4.8
1990 - SD,696004,26448.0,1133,3.8
1990 - TN,4877185,258491.0,32698,5.3
1990 - TX,16986510,1070150.0,129343,6.3
1990 - UT,1722850,75805.0,4892,4.4
1990 - VA,6187358,278431.0,21694,4.5
1990 - VT,562758,28138.0,716,5.0
1990 - WA,4866692,253068.0,24410,5.2
1990 - WI,4891769,215238.0,12948,4.4
1990 - WV,1793477,152446.0,3036,8.5
1990 - WY,453588,24040.0,1367,5.3
1991 - AK,570000,48450.0,3499,8.5
1991 - AL,4089000,298497.0,34518,7.3
1991 - AR,2372000,175528.0,14072,7.4
1991 - AZ,3750000,221250.0,25152,5.9
1991 - CA,30380000,2339260.0,331122,7.7
1991 - CO,3377000,175604.0,18887,5.2
1991 - CT,3291000,213915.0,17761,6.5
1991 - DC,598000,46644.0,14671,7.8
1991 - DE,680000,42160.0,4857,6.2
1991 - FL,13277000,995775.0,157243,7.5
1991 - GA,6623000,344396.0,48894,5.2
1991 - HI,1135000,32915.0,2744,2.9
1991 - IA,2795000,131365.0,8477,4.7
1991 - ID,1039000,64418.0,3016,6.2
1991 - IL,11543000,831096.0,119955,7.2
1991 - IN,5610000,336600.0,28349,6.0
1991 - KS,2495000,109780.0,12465,4.4
1991 - KY,3713000,271049.0,16262,7.3
1991 - LA,4252000,310396.0,40438,7.3
1991 - MA,5996000,515656.0,44138,8.6
1991 - MD,4860000,296460.0,46469,6.1
1991 - ME,1235000,92625.0,1631,7.5
1991 - MI,9368000,861856.0,75232,9.2
1991 - MN,4432000,230464.0,14006,5.2
1991 - MO,5158000,340428.0,39358,6.6
1991 - MT,808000,55752.0,1130,6.9
1991 - NC,6737000,390746.0,44355,5.8
1991 - ND,635000,27940.0,415,4.4
1991 - NE,1593000,43011.0,5330,2.7
1991 - NH,1105000,80665.0,1318,7.3
1991 - NJ,7760000,519920.0,49257,6.7
1991 - NM,1548000,109908.0,12922,7.1
1991 - NV,1284000,74472.0,8693,5.8
1991 - NY,18058000,1300176.0,210184,7.2
1991 - OH,10939000,711035.0,61460,6.5
1991 - OK,3175000,200025.0,18533,6.3
1991 - OR,2922000,187008.0,14795,6.4
1991 - PA,11961000,849231.0,53824,7.1
1991 - RI,1004000,86344.0,4638,8.6
1991 - SC,3560000,217160.0,34621,6.1
1991 - SD,703000,24605.0,1281,3.5
1991 - TN,4953000,331851.0,35955,6.7
1991 - TX,17349000,1197081.0,145743,6.9
1991 - UT,1770000,83190.0,5077,4.7
1991 - VA,6286000,370874.0,23459,5.9
1991 - VT,567000,37422.0,662,6.6
1991 - WA,5018000,316134.0,26224,6.3
1991 - WI,4955000,272525.0,13723,5.5
1991 - WV,1801000,192707.0,3440,10.7
1991 - WY,460000,23920.0,1427,5.2
1992 - AK,587000,52243.0,3877,8.9
1992 - AL,4136000,314336.0,36052,7.6
1992 - AR,2399000,170329.0,13831,7.1
1992 - AZ,3832000,287400.0,25706,7.5
1992 - CA,30867000,2870631.0,345624,9.3
1992 - CO,3470000,208200.0,20086,6.0
1992 - CT,3281000,246075.0,16252,7.5
1992 - DC,589000,50654.0,16685,8.6
1992 - DE,689000,37206.0,4280,5.4
1992 - FL,13488000,1106016.0,162827,8.2
1992 - GA,6751000,465819.0,49496,6.9
1992 - HI,1160000,49880.0,2998,4.3
1992 - IA,2812000,126540.0,7816,4.5
1992 - ID,1067000,68288.0,3003,6.4
1992 - IL,11631000,918849.0,113664,7.9
1992 - IN,5662000,368030.0,28791,6.5
1992 - KS,2523000,113535.0,12888,4.5
1992 - KY,3755000,259095.0,20107,6.9
1992 - LA,4287000,342960.0,42209,8.0
1992 - MA,5998000,509830.0,46727,8.5
1992 - MD,4908000,333744.0,49085,6.8
1992 - ME,1235000,90155.0,1616,7.3
1992 - MI,9437000,849330.0,72672,9.0
1992 - MN,4480000,228480.0,15144,5.1
1992 - MO,5193000,321966.0,38448,6.2
1992 - MT,824000,55208.0,1400,6.7
1992 - NC,6843000,417423.0,46600,6.1
1992 - ND,636000,30528.0,530,4.8
1992 - NE,1606000,46574.0,5598,2.9
1992 - NH,1111000,81103.0,1397,7.3
1992 - NJ,7789000,654276.0,48745,8.4
1992 - NM,1581000,113832.0,14781,7.2
1992 - NV,1327000,88909.0,9247,6.7
1992 - NY,18119000,1558234.0,203311,8.6
1992 - OH,11016000,815184.0,57935,7.4
1992 - OK,3212000,192720.0,20005,6.0
1992 - OR,2977000,220298.0,15189,7.4
1992 - PA,12009000,912684.0,51276,7.6
1992 - RI,1005000,89445.0,3965,8.9
1992 - SC,3603000,241401.0,34029,6.7
1992 - SD,711000,23463.0,1383,3.3
1992 - TN,5024000,326560.0,37487,6.5
1992 - TX,17656000,1341856.0,142369,7.6
1992 - UT,1813000,88837.0,5267,4.9
1992 - VA,6377000,401751.0,23907,6.3
1992 - VT,570000,34770.0,624,6.1
1992 - WA,5136000,374928.0,27454,7.3
1992 - WI,5007000,255357.0,13806,5.1
1992 - WV,1812000,204756.0,3833,11.3
1992 - WY,466000,26096.0,1489,5.6
1993 - AK,599000,46123.0,4557,7.7
1993 - AL,4187000,305651.0,32676,7.3
1993 - AR,2424000,150288.0,14381,6.2
1993 - AZ,3936000,251904.0,28142,6.4
1993 - CA,31211000,2965045.0,336381,9.5
1993 - CO,3566000,188998.0,20229,5.3
1993 - CT,3277000,216282.0,14949,6.6
1993 - DC,578000,49130.0,16888,8.5
1993 - DE,700000,35000.0,4801,5.0
1993 - FL,13679000,971209.0,164975,7.1
1993 - GA,6917000,415020.0,50019,6.0
1993 - HI,1172000,52740.0,3061,4.5
1993 - IA,2814000,115374.0,9159,4.1
1993 - ID,1099000,65940.0,3097,6.0
1993 - IL,11697000,865578.0,112260,7.4
1993 - IN,5713000,308502.0,27941,5.4
1993 - KS,2531000,126550.0,12564,5.0
1993 - KY,3789000,234918.0,17530,6.2
1993 - LA,4295000,326420.0,45600,7.6
1993 - MA,6012000,420840.0,48393,7.0
1993 - MD,4965000,307830.0,49540,6.2
1993 - ME,1239000,90447.0,1558,7.3
1993 - MI,9478000,682416.0,75021,7.2
1993 - MN,4517000,225850.0,15986,5.0
1993 - MO,5234000,324508.0,38963,6.2
1993 - MT,839000,51179.0,1489,6.1
1993 - NC,6945000,347250.0,47178,5.0
1993 - ND,635000,27305.0,522,4.3
1993 - NE,1607000,44996.0,6071,2.8
1993 - NH,1125000,69750.0,1550,6.2
1993 - NJ,7879000,598804.0,49390,7.6
1993 - NM,1616000,113120.0,15024,7.0
1993 - NV,1389000,95841.0,12157,6.9
1993 - NY,18197000,1437563.0,195352,7.9
1993 - OH,11091000,732006.0,55915,6.6
1993 - OK,3231000,190629.0,20512,5.9
1993 - OR,3032000,212240.0,15254,7.0
1993 - PA,12048000,843360.0,50295,7.0
1993 - RI,1000000,77000.0,4017,7.7
1993 - SC,3643000,265939.0,37281,7.3
1993 - SD,715000,24310.0,1490,3.4
1993 - TN,5099000,295742.0,39047,5.8
1993 - TX,18031000,1298232.0,137419,7.2
1993 - UT,1860000,76260.0,5599,4.1
1993 - VA,6491000,337532.0,24160,5.2
1993 - VT,576000,29952.0,658,5.2
1993 - WA,5255000,383615.0,27040,7.3
1993 - WI,5038000,241824.0,13321,4.8
1993 - WV,1820000,192920.0,3793,10.6
1993 - WY,470000,25380.0,1345,5.4
1994 - AK,606000,46056.0,4644,7.6
1994 - AL,4219000,261578.0,28844,6.2
1994 - AR,2453000,132462.0,14598,5.4
1994 - AZ,4075000,252650.0,28653,6.2
1994 - CA,31431000,2703066.0,318395,8.6
1994 - CO,3656000,157208.0,18632,4.3
1994 - CT,3275000,183400.0,14916,5.6
1994 - DC,570000,45600.0,15177,8.0
1994 - DE,706000,33888.0,4549,4.8
1994 - FL,13953000,906945.0,160016,6.5
1994 - GA,7055000,366860.0,47103,5.2
1994 - HI,1179000,64845.0,3091,5.5
1994 - IA,2829000,99015.0,8914,3.5
1994 - ID,1133000,61182.0,3238,5.4
1994 - IL,11752000,681616.0,112928,5.8
1994 - IN,5752000,281848.0,30205,4.9
1994 - KS,2554000,125146.0,11314,4.9
1994 - KY,3827000,206658.0,16991,5.4
1994 - LA,4315000,340885.0,42369,7.9
1994 - MA,6041000,368501.0,42749,6.1
1994 - MD,5006000,265318.0,47457,5.3
1994 - ME,1240000,86800.0,1611,7.0
1994 - MI,9496000,569760.0,72751,6.0
1994 - MN,4567000,187247.0,16397,4.1
1994 - MO,5278000,269178.0,39240,5.1
1994 - MT,856000,45368.0,1516,5.3
1994 - NC,7070000,311080.0,46308,4.4
1994 - ND,638000,23606.0,522,3.7
1994 - NE,1623000,43821.0,6322,2.7
1994 - NH,1137000,53439.0,1328,4.7
1994 - NJ,7904000,537472.0,48544,6.8
1994 - NM,1654000,107510.0,14708,6.5
1994 - NV,1457000,90334.0,14597,6.2
1994 - NY,18169000,1271830.0,175433,7.0
1994 - OH,11102000,621712.0,53930,5.6
1994 - OK,3258000,182448.0,21225,5.6
1994 - OR,3086000,166644.0,16067,5.4
1994 - PA,12052000,759276.0,51425,6.3
1994 - RI,997000,68793.0,3744,6.9
1994 - SC,3664000,227168.0,37756,6.2
1994 - SD,721000,23793.0,1641,3.3
1994 - TN,5175000,253575.0,38705,4.9
1994 - TX,18378000,1194570.0,129838,6.5
1994 - UT,1908000,72504.0,5810,3.8
1994 - VA,6552000,321048.0,23437,4.9
1994 - VT,580000,26680.0,562,4.6
1994 - WA,5343000,352638.0,27317,6.6
1994 - WI,5082000,228690.0,13748,4.5
1994 - WV,1822000,160336.0,3931,8.8
1994 - WY,476000,23800.0,1297,5.0
1995 - AK,604000,44092.0,4656,7.3
1995 - AL,4253000,255180.0,26894,6.0
1995 - AR,2484000,119232.0,13741,4.8
1995 - AZ,4218000,227772.0,30095,5.4
1995 - CA,31589000,2495531.0,305154,7.9
1995 - CO,3747000,149880.0,16494,4.0
1995 - CT,3275000,180125.0,13293,5.5
1995 - DC,554000,48752.0,14744,8.8
1995 - DE,717000,30831.0,5198,4.3
1995 - FL,14166000,779130.0,151711,5.5
1995 - GA,7201000,345648.0,47317,4.8
1995 - HI,1187000,70033.0,3509,5.9
1995 - IA,2842000,99470.0,10071,3.5
1995 - ID,1163000,62802.0,3745,5.4
1995 - IL,11830000,615160.0,117836,5.2
1995 - IN,5803000,266938.0,30451,4.6
1995 - KS,2565000,112860.0,10792,4.4
1995 - KY,3860000,208440.0,14079,5.4
1995 - LA,4342000,303940.0,43741,7.0
1995 - MA,6074000,321922.0,41739,5.3
1995 - MD,5042000,252100.0,49757,5.0
1995 - ME,1241000,74460.0,1631,6.0
1995 - MI,9549000,506097.0,65680,5.3
1995 - MN,4610000,175180.0,16416,3.8
1995 - MO,5324000,250228.0,35339,4.7
1995 - MS,2697000,167214.0,13560,6.2
1995 - MT,870000,49590.0,1491,5.7
1995 - NC,7195000,309385.0,46508,4.3
1995 - ND,641000,20512.0,556,3.2
1995 - NE,1637000,44199.0,6253,2.7
1995 - NH,1148000,45920.0,1314,4.0
1995 - NJ,7945000,508480.0,47652,6.4
1995 - NM,1685000,111210.0,13804,6.6
1995 - NV,1530000,85680.0,14461,5.6
1995 - NY,18136000,1142568.0,152683,6.3
1995 - OH,11151000,535248.0,53799,4.8
1995 - OK,3278000,150788.0,21770,4.6
1995 - OR,3141000,153909.0,16408,4.9
1995 - PA,12072000,712248.0,51586,5.9
1995 - RI,990000,62370.0,3643,6.3
1995 - SC,3673000,190996.0,36067,5.2
1995 - SD,729000,22599.0,1513,3.1
1995 - TN,5256000,273312.0,40549,5.2
1995 - TX,18724000,1142164.0,124303,6.1
1995 - UT,1951000,68285.0,6415,3.5
1995 - VA,6618000,297810.0,23921,4.5
1995 - VT,585000,25155.0,692,4.3
1995 - WA,5431000,347584.0,26300,6.4
1995 - WI,5123000,194674.0,14399,3.8
1995 - WV,1828000,144412.0,3842,7.9
1995 - WY,480000,23040.0,1220,4.8
1996 - AK,607000,46132.0,4417,7.6
1996 - AL,4273000,222196.0,24159,5.2
1996 - AR,2510000,133030.0,13161,5.3
1996 - AZ,4428000,247968.0,27963,5.6
1996 - CA,31878000,2327094.0,274996,7.3
1996 - CO,3823000,160566.0,15463,4.2
1996 - CT,3274000,180070.0,13490,5.5
1996 - DC,543000,45612.0,13411,8.4
1996 - DE,725000,36975.0,4845,5.1
1996 - FL,14400000,734400.0,151350,5.1
1996 - GA,7353000,345591.0,46966,4.7
1996 - HI,1184000,74592.0,3322,6.3
1996 - IA,2852000,99820.0,7771,3.5
1996 - ID,1189000,63017.0,3177,5.3
1996 - IL,11847000,627891.0,105482,5.3
1996 - IN,5841000,239481.0,31366,4.1
1996 - KS,2572000,110596.0,10642,4.3
1996 - KY,3884000,213620.0,12448,5.5
1996 - LA,4351000,287166.0,40426,6.6
1996 - MA,6092000,268048.0,39122,4.4
1996 - MD,5072000,258672.0,47230,5.1
1996 - ME,1243000,64636.0,1553,5.2
1996 - MI,9594000,470106.0,60951,4.9
1996 - MN,4658000,186320.0,15782,4.0
1996 - MO,5359000,257232.0,31669,4.8
1996 - MS,2716000,162960.0,13261,6.0
1996 - MT,879000,46587.0,1415,5.3
1996 - NC,7323000,314889.0,43068,4.3
1996 - ND,644000,18676.0,541,2.9
1996 - NE,1652000,44604.0,7182,2.7
1996 - NH,1162000,44156.0,1373,3.8
1996 - NJ,7988000,495256.0,42459,6.2
1996 - NM,1713000,123336.0,14399,7.2
1996 - NV,1603000,80150.0,13005,5.0
1996 - NY,18185000,1127470.0,132206,6.2
1996 - OH,11173000,558650.0,47896,5.0
1996 - OK,3301000,135341.0,19710,4.1
1996 - OR,3204000,182628.0,14837,5.7
1996 - PA,12056000,663080.0,57905,5.5
1996 - RI,990000,54450.0,3437,5.5
1996 - SC,3699000,214542.0,36875,5.8
1996 - SD,732000,23424.0,1297,3.2
1996 - TN,5320000,276640.0,41175,5.2
1996 - TX,19128000,1090296.0,123270,5.7
1996 - UT,2000000,68000.0,6638,3.4
1996 - VA,6675000,300375.0,22782,4.5
1996 - VT,589000,25327.0,714,4.3
1996 - WA,5533000,337513.0,23857,6.1
1996 - WI,5160000,185760.0,13039,3.6
1996 - WV,1826000,136950.0,3836,7.5
1996 - WY,481000,23569.0,1201,4.9
1997 - AK,609000,43848.0,4270,7.2
1997 - AL,4319000,215950.0,24379,5.0
1997 - AR,2523000,131196.0,13293,5.2
1997 - AZ,4555000,209530.0,28411,4.6
1997 - CA,32268000,2065152.0,257582,6.4
1997 - CO,3893000,136255.0,14139,3.5
1997 - CT,3270000,163500.0,12781,5.0
1997 - DC,529000,42320.0,10708,8.0
1997 - DE,732000,29280.0,5753,4.0
1997 - FL,14654000,703392.0,149996,4.8
1997 - GA,7486000,344356.0,45408,4.6
1997 - HI,1187000,73594.0,3299,6.2
1997 - IA,2852000,88412.0,8841,3.1
1997 - ID,1210000,62920.0,3107,5.2
1997 - IL,11896000,571008.0,102476,4.8
1997 - IN,5864000,205240.0,30179,3.5
1997 - KS,2595000,98610.0,11151,3.8
1997 - KY,3908000,207124.0,12386,5.3
1997 - LA,4352000,261120.0,37248,6.0
1997 - MA,6118000,238602.0,39411,3.9
1997 - MD,5094000,254700.0,43127,5.0
1997 - ME,1242000,63342.0,1500,5.1
1997 - MI,9774000,420282.0,57663,4.3
1997 - MN,4686000,154638.0,15827,3.3
1997 - MO,5402000,232286.0,31192,4.3
1997 - MS,2731000,155667.0,12808,5.7
1997 - MT,879000,46587.0,1161,5.3
1997 - NC,7425000,282150.0,45071,3.8
1997 - ND,641000,17307.0,559,2.7
1997 - NE,1657000,41425.0,7265,2.5
1997 - NH,1173000,38709.0,1328,3.3
1997 - NJ,8053000,426809.0,39673,5.3
1997 - NM,1730000,108990.0,14762,6.3
1997 - NV,1677000,73788.0,13395,4.4
1997 - NY,18137000,1160768.0,124890,6.4
1997 - OH,11186000,514556.0,48706,4.6
1997 - OK,3317000,135997.0,18560,4.1
1997 - OR,3243000,184851.0,14412,5.7
1997 - PA,12020000,613020.0,53140,5.1
1997 - RI,987000,51324.0,3292,5.2
1997 - SC,3760000,172960.0,37235,4.6
1997 - SD,738000,21402.0,1457,2.9
1997 - TN,5368000,284504.0,42389,5.3
1997 - TX,19439000,1030267.0,117126,5.3
1997 - UT,2059000,65888.0,6878,3.2
1997 - VA,6734000,255892.0,23249,3.8
1997 - VT,589000,22971.0,705,3.9
1997 - WA,5610000,274890.0,24724,4.9
1997 - WI,5170000,186120.0,13988,3.6
1997 - WV,1816000,125304.0,3971,6.9
1997 - WY,480000,23040.0,1225,4.8
1998 - AK,614000,39296.0,4015,6.4
1998 - AL,4352000,191488.0,22286,4.4
1998 - AR,2538000,131976.0,12442,5.2
1998 - AZ,4669000,200767.0,26984,4.3
1998 - CA,32667000,1927353.0,229883,5.9
1998 - CO,3971000,142956.0,15008,3.6
1998 - CT,3274000,111316.0,11993,3.4
1998 - DC,523000,43932.0,8988,8.4
1998 - DE,744000,27528.0,5672,3.7
1998 - FL,14916000,641388.0,140016,4.3
1998 - GA,7642000,328606.0,43762,4.3
1998 - HI,1193000,72773.0,2946,6.1
1998 - IA,2862000,80136.0,8916,2.8
1998 - ID,1229000,62679.0,3468,5.1
1998 - IL,12045000,529980.0,97291,4.4
1998 - IN,5899000,182869.0,25423,3.1
1998 - KS,2629000,92015.0,10972,3.5
1998 - KY,3936000,181056.0,12909,4.6
1998 - LA,4369000,249033.0,34057,5.7
1998 - MA,6147000,202851.0,38192,3.3
1998 - MD,5135000,225940.0,40903,4.4
1998 - ME,1244000,55980.0,1566,4.5
1998 - MI,9817000,382863.0,60947,3.9
1998 - MN,4725000,127575.0,14656,2.7
1998 - MO,5439000,228438.0,30222,4.2
1998 - MS,2752000,145856.0,11302,5.3
1998 - MT,880000,48400.0,1797,5.5
1998 - NC,7546000,264110.0,43723,3.5
1998 - ND,638000,18502.0,570,2.9
1998 - NE,1663000,43238.0,7507,2.6
1998 - NH,1185000,33180.0,1270,2.8
1998 - NJ,8115000,373290.0,35720,4.6
1998 - NM,1737000,105957.0,16700,6.1
1998 - NV,1747000,73374.0,11244,4.2
1998 - NY,18175000,1017800.0,115915,5.6
1998 - OH,11209000,481987.0,40628,4.3
1998 - OK,3347000,143921.0,18053,4.3
1998 - OR,3282000,190356.0,13778,5.8
1998 - PA,12001000,552046.0,50470,4.6
1998 - RI,988000,45448.0,3084,4.6
1998 - SC,3836000,145768.0,34647,3.8
1998 - SD,738000,20664.0,1139,2.8
1998 - TN,5431000,233533.0,38832,4.3
1998 - TX,19760000,968240.0,111566,4.9
1998 - UT,2100000,77700.0,6599,3.7
1998 - VA,6791000,196939.0,22115,2.9
1998 - VT,591000,20094.0,628,3.4
1998 - WA,5689000,273072.0,24380,4.8
1998 - WI,5224000,177616.0,13009,3.4
1998 - WV,1811000,119526.0,4503,6.6
1998 - WY,481000,22607.0,1191,4.7
1999 - AK,619500,40268.0,3908,6.5
1999 - AL,4369862,205384.0,21421,4.7
1999 - AR,2551373,117363.0,10848,4.6
1999 - AZ,4778332,210247.0,26334,4.4
1999 - CA,33145121,1723546.0,207879,5.2
1999 - CO,4056133,125740.0,13811,3.1
1999 - CT,3282031,95179.0,11342,2.9
1999 - DC,519000,33216.0,8448,6.4
1999 - DE,753538,25620.0,5534,3.4
1999 - FL,15111244,589339.0,129044,3.9
1999 - GA,7788240,303741.0,41585,3.9
1999 - HI,1185497,64017.0,2785,5.4
1999 - IA,2869413,74605.0,8034,2.6
1999 - ID,1251700,61333.0,3066,4.9
1999 - IL,12128370,533648.0,83621,4.4
1999 - IN,5942901,178287.0,22261,3.0
1999 - KS,2654052,87584.0,10159,3.3
1999 - KY,3960825,178237.0,12212,4.5
1999 - LA,4372035,222974.0,32033,5.1
1999 - MA,6175169,197605.0,34023,3.2
1999 - MD,5171634,186179.0,38447,3.6
1999 - ME,1253040,50122.0,1404,4.0
1999 - MI,9863775,364960.0,56709,3.7
1999 - MN,4775508,133714.0,13085,2.8
1999 - MO,5468338,180455.0,27353,3.3
1999 - MS,2768619,141200.0,9671,5.1
1999 - MT,882779,46787.0,2090,5.3
1999 - NC,7650789,244825.0,41474,3.2
1999 - ND,633666,20911.0,424,3.3
1999 - NE,1666028,46649.0,7167,2.8
1999 - NH,1201134,32431.0,1159,2.7
1999 - NJ,8143412,366454.0,33540,4.5
1999 - NM,1739844,97431.0,14520,5.6
1999 - NV,1809253,72370.0,10311,4.0
1999 - NY,18196601,946223.0,107147,5.2
1999 - OH,11256654,484036.0,35616,4.3
1999 - OK,3358044,117532.0,17066,3.5
1999 - OR,3316154,182388.0,12432,5.5
1999 - PA,11994016,527737.0,50431,4.4
1999 - RI,990819,41614.0,2840,4.2
1999 - SC,3885736,167087.0,32920,4.3
1999 - SD,733133,19795.0,1227,2.7
1999 - TN,5483535,219341.0,38111,4.0
1999 - TX,20044141,942075.0,112306,4.7
1999 - UT,2129836,74544.0,5869,3.5
1999 - VA,6872912,192442.0,21626,2.8
1999 - VT,593740,17812.0,676,3.0
1999 - WA,5756361,282062.0,21716,4.9
1999 - WI,5250446,162764.0,12908,3.1
1999 - WV,1806928,117450.0,6336,6.5
1999 - WY,479602,22062.0,1115,4.6
2000 - AK,626932,40124.0,3554,6.4
2000 - AL,4447100,204567.0,21620,4.6
2000 - AR,2673400,114956.0,11904,4.3
2000 - AZ,5130632,205225.0,27281,4.0
2000 - CA,33871648,1659711.0,210531,4.9
2000 - CO,4301261,120435.0,14367,2.8
2000 - CT,3405565,81734.0,11058,2.4
2000 - DC,572059,32035.0,8626,5.6
2000 - DE,783600,28993.0,5363,3.7
2000 - FL,15982378,591348.0,129777,3.7
2000 - GA,8186453,294712.0,41319,3.6
2000 - HI,1211537,52096.0,2954,4.3
2000 - IA,2926324,76084.0,7796,2.6
2000 - ID,1293953,60816.0,3267,4.7
2000 - IL,12419293,534030.0,81196,4.3
2000 - IN,6080485,188495.0,21230,3.1
2000 - KS,2688418,96783.0,10470,3.6
2000 - KY,4041769,169754.0,11903,4.2
2000 - LA,4468976,236856.0,30440,5.3
2000 - MA,6349097,171426.0,30230,2.7
2000 - MD,5296486,190673.0,41663,3.6
2000 - ME,1274923,43347.0,1397,3.4
2000 - MI,9938444,357784.0,55159,3.6
2000 - MN,4919479,157423.0,13813,3.2
2000 - MO,5595211,201428.0,27419,3.6
2000 - MS,2844658,153612.0,10267,5.4
2000 - MT,902195,45110.0,2807,5.0
2000 - NC,8049313,297825.0,40051,3.7
2000 - ND,642200,19266.0,523,3.0
2000 - NE,1711263,47915.0,5606,2.8
2000 - NH,1235786,33366.0,2167,2.7
2000 - NJ,8414350,311331.0,32298,3.7
2000 - NM,1819046,89133.0,13786,4.9
2000 - NV,1998257,83927.0,10474,4.2
2000 - NY,18976457,872917.0,105111,4.6
2000 - OH,11353140,454126.0,37935,4.0
2000 - OK,3450654,103520.0,17177,3.0
2000 - OR,3421399,174491.0,12000,5.1
2000 - PA,12281054,503523.0,51584,4.1
2000 - RI,1048319,42981.0,3121,4.1
2000 - SC,4012012,152456.0,33225,3.8
2000 - SD,754844,18871.0,1259,2.5
2000 - TN,5689283,221882.0,40233,3.9
2000 - TX,20851820,896628.0,113653,4.3
2000 - UT,2233169,73695.0,5711,3.3
2000 - VA,7078515,162806.0,19943,2.3
2000 - VT,608827,17047.0,691,2.8
2000 - WA,5894121,306494.0,21788,5.2
2000 - WI,5363675,187729.0,12700,3.5
2000 - WV,1808344,99459.0,5723,5.5
2000 - WY,493782,19257.0,1316,3.9
2001 - AK,633630,40552.0,3735,6.4
2001 - AL,4468912,227915.0,19582,5.1
2001 - AR,2694698,134735.0,12190,5.0
2001 - AZ,5306966,254734.0,28675,4.8
2001 - CA,34600463,1868425.0,212867,5.4
2001 - CO,4430989,168378.0,15492,3.8
2001 - CT,3434602,106473.0,11492,3.1
2001 - DC,573822,36151.0,9195,6.3
2001 - DE,796599,27881.0,4868,3.5
2001 - FL,16373330,753173.0,130713,4.6
2001 - GA,8405677,344633.0,41671,4.1
2001 - HI,1227024,55216.0,3117,4.5
2001 - IA,2931967,96755.0,7865,3.3
2001 - ID,1320585,67350.0,3211,5.1
2001 - IL,12520227,663572.0,79270,5.3
2001 - IN,6126743,263450.0,22734,4.3
2001 - KS,2702125,113489.0,10909,4.2
2001 - KY,4068816,211578.0,10510,5.2
2001 - LA,4470368,254811.0,30678,5.7
2001 - MA,6401164,236843.0,30585,3.7
2001 - MD,5386079,215443.0,42088,4.0
2001 - ME,1284470,48810.0,1435,3.8
2001 - MI,10006266,520326.0,55424,5.2
2001 - MN,4984535,189412.0,13145,3.8
2001 - MO,5637309,259316.0,30472,4.6
2001 - MS,2859733,157285.0,10006,5.5
2001 - MT,905382,41648.0,3187,4.6
2001 - NC,8206105,451336.0,40465,5.5
2001 - ND,636550,18460.0,505,2.9
2001 - NE,1720039,53321.0,5214,3.1
2001 - NH,1259359,42818.0,2144,3.4
2001 - NJ,8511116,365978.0,33094,4.3
2001 - NM,1830935,89716.0,14288,4.9
2001 - NV,2097722,109082.0,12359,5.2
2001 - NY,19084350,916049.0,98022,4.8
2001 - OH,11389785,489761.0,40023,4.3
2001 - OK,3469577,128374.0,17726,3.7
2001 - OR,3473441,222300.0,10650,6.4
2001 - PA,12303104,590549.0,50432,4.8
2001 - RI,1059659,48744.0,3278,4.6
2001 - SC,4062125,211230.0,33114,5.2
2001 - SD,758324,23508.0,1171,3.1
2001 - TN,5749398,264472.0,42776,4.6
2001 - TX,21370983,1047178.0,122155,4.9
2001 - UT,2278712,100263.0,5314,4.4
2001 - VA,7196750,230296.0,20939,3.2
2001 - VT,612978,20228.0,644,3.3
2001 - WA,5993390,377584.0,21258,6.3
2001 - WI,5405947,243268.0,12486,4.5
2001 - WV,1800975,90049.0,5035,5.0
2001 - WY,493754,18763.0,1272,3.8
2002 - AK,641482,46828.0,3627,7.3
2002 - AL,4478896,264255.0,19931,5.9
2002 - AR,2706268,148845.0,11501,5.5
2002 - AZ,5441125,331909.0,30171,6.1
2002 - CA,35001986,2345133.0,208388,6.7
2002 - CO,4501051,247558.0,15882,5.5
2002 - CT,3458587,148719.0,10807,4.3
2002 - DC,569157,36426.0,9322,6.4
2002 - DE,805945,32238.0,4836,4.0
2002 - FL,16691701,934735.0,128721,5.6
2002 - GA,8544005,427200.0,39271,5.0
2002 - HI,1240663,52108.0,3262,4.2
2002 - IA,2935840,117434.0,8388,4.0
2002 - ID,1343124,75215.0,3419,5.6
2002 - IL,12586447,818119.0,75759,6.5
2002 - IN,6156913,320159.0,22001,5.2
2002 - KS,2711769,135588.0,10229,5.0
2002 - KY,4089822,233120.0,11101,5.7
2002 - LA,4476192,277524.0,29690,6.2
2002 - MA,6421800,340355.0,31137,5.3
2002 - MD,5450525,239823.0,42015,4.4
2002 - ME,1294894,56975.0,1396,4.4
2002 - MI,10043221,632723.0,54306,6.3
2002 - MN,5024791,226116.0,13428,4.5
2002 - MO,5669544,306155.0,30557,5.4
2002 - MS,2866733,189204.0,9858,6.6
2002 - MT,910372,40056.0,3197,4.4
2002 - NC,8305820,556490.0,39118,6.7
2002 - ND,633911,23455.0,496,3.7
2002 - NE,1727564,63920.0,5428,3.7
2002 - NH,1274405,57348.0,2056,4.5
2002 - NJ,8575252,497365.0,32252,5.8
2002 - NM,1852044,101862.0,13719,5.5
2002 - NV,2167455,121377.0,13856,5.6
2002 - NY,19134293,1186326.0,95030,6.2
2002 - OH,11408699,650296.0,40128,5.7
2002 - OK,3489700,160526.0,17587,4.6
2002 - OR,3520355,264027.0,10298,7.5
2002 - PA,12328827,690414.0,49578,5.6
2002 - RI,1068326,53416.0,3051,5.0
2002 - SC,4103770,238019.0,33761,5.8
2002 - SD,760437,24334.0,1350,3.2
2002 - TN,5789796,301069.0,41562,5.2
2002 - TX,21736925,1369426.0,126018,6.3
2002 - UT,2318789,134490.0,5488,5.8
2002 - VA,7287829,306089.0,21256,4.2
2002 - VT,616408,24656.0,658,4.0
2002 - WA,6067060,448962.0,20964,7.4
2002 - WI,5439692,293743.0,12238,5.4
2002 - WV,1804884,106488.0,4221,5.9
2002 - WY,498830,19953.0,1364,4.0
2003 - AK,648280,50566.0,3877,7.8
2003 - AL,4503726,270224.0,19331,6.0
2003 - AR,2727774,160939.0,12449,5.9
2003 - AZ,5579222,318016.0,28638,5.7
2003 - CA,35462712,2411464.0,205551,6.8
2003 - CO,4547633,272858.0,15757,6.0
2003 - CT,3486960,188296.0,11045,5.4
2003 - DC,557620,37918.0,9061,6.8
2003 - DE,818166,35181.0,5525,4.3
2003 - FL,16999181,883957.0,124280,5.2
2003 - GA,8676460,416470.0,39435,4.8
2003 - HI,1248755,51199.0,3400,4.1
2003 - IA,2941976,132389.0,8175,4.5
2003 - ID,1367034,76554.0,3362,5.6
2003 - IL,12649087,860138.0,70376,6.8
2003 - IN,6199571,328577.0,21842,5.3
2003 - KS,2724786,149863.0,10831,5.5
2003 - KY,4118189,251210.0,10232,6.1
2003 - LA,4493665,287595.0,28622,6.4
2003 - MA,6420357,365960.0,30377,5.7
2003 - MD,5512310,242542.0,38778,4.4
2003 - ME,1309205,65460.0,1422,5.0
2003 - MI,10082364,725930.0,51550,7.2
2003 - MN,5064172,248144.0,13316,4.9
2003 - MO,5719204,320275.0,28067,5.6
2003 - MS,2882594,181603.0,9336,6.3
2003 - MT,918157,43153.0,3351,4.7
2003 - NC,8421190,538956.0,38243,6.4
2003 - ND,633400,23436.0,508,3.7
2003 - NE,1737475,67762.0,5105,3.9
2003 - NH,1288705,55414.0,1937,4.3
2003 - NJ,8642412,501260.0,31488,5.8
2003 - NM,1878562,110835.0,12535,5.9
2003 - NV,2242207,114353.0,13813,5.1
2003 - NY,19212425,1229595.0,89486,6.4
2003 - OH,11437680,709136.0,38185,6.2
2003 - OK,3506469,192856.0,17758,5.5
2003 - OR,3564330,288711.0,10506,8.1
2003 - PA,12370761,705133.0,49210,5.7
2003 - RI,1076084,57032.0,3074,5.3
2003 - SC,4148744,286263.0,33455,6.9
2003 - SD,764905,26772.0,1329,3.5
2003 - TN,5845208,327332.0,40409,5.6
2003 - TX,22103374,1480926.0,122246,6.7
2003 - UT,2352119,131719.0,5889,5.6
2003 - VA,7365284,301977.0,20490,4.1
2003 - VT,619343,26632.0,707,4.3
2003 - WA,6131298,453716.0,21272,7.4
2003 - WI,5474290,312035.0,12104,5.7
2003 - WV,1811440,110498.0,4627,6.1
2003 - WY,502111,21591.0,1314,4.3
2004 - AK,657755,49332.0,4159,7.5
2004 - AL,4525375,257946.0,19324,5.7
2004 - AR,2750000,156750.0,13814,5.7
2004 - AZ,5739879,286994.0,28952,5.0
2004 - CA,35842038,2222206.0,189175,6.2
2004 - CO,4601821,253100.0,17121,5.5
2004 - CT,3498966,174948.0,10113,5.0
2004 - DC,554239,43231.0,7590,7.8
2004 - DE,830069,33203.0,5105,4.0
2004 - FL,17385430,799730.0,123754,4.6
2004 - GA,8918129,428070.0,40217,4.8
2004 - HI,1262124,42912.0,3213,3.4
2004 - IA,2952904,132881.0,8499,4.5
2004 - ID,1395140,68362.0,3452,4.9
2004 - IL,12712016,788145.0,69365,6.2
2004 - IN,6226537,336233.0,20294,5.4
2004 - KS,2733697,150353.0,10330,5.5
2004 - KY,4141835,223659.0,10152,5.4
2004 - LA,4506685,265894.0,28844,5.9
2004 - MA,6407382,333184.0,29489,5.2
2004 - MD,5561332,239137.0,38961,4.3
2004 - ME,1314985,61804.0,1364,4.7
2004 - MI,10104206,717399.0,49737,7.1
2004 - MN,5096546,239538.0,13751,4.7
2004 - MO,5759532,339812.0,28226,5.9
2004 - MS,2900768,179848.0,8568,6.2
2004 - MT,926920,44492.0,2723,4.8
2004 - NC,8540468,469726.0,38244,5.5
2004 - ND,636308,21634.0,558,3.4
2004 - NE,1747704,68160.0,5393,3.9
2004 - NH,1299169,49368.0,2202,3.8
2004 - NJ,8685166,416888.0,30943,4.8
2004 - NM,1903006,104665.0,13081,5.5
2004 - NV,2332898,100315.0,14379,4.3
2004 - NY,19280727,1118282.0,84914,5.8
2004 - OH,11450143,721359.0,38787,6.3
2004 - OK,3523546,172654.0,17635,4.9
2004 - OR,3591363,262169.0,10724,7.3
2004 - PA,12394471,669301.0,50998,5.4
2004 - RI,1079916,56156.0,2673,5.2
2004 - SC,4197892,285457.0,33160,6.8
2004 - SD,770621,28513.0,1319,3.7
2004 - TN,5893298,312345.0,41113,5.3
2004 - TX,22471549,1325821.0,121554,5.9
2004 - UT,2420708,121035.0,5647,5.0
2004 - VA,7481332,284291.0,20608,3.8
2004 - VT,621233,22986.0,713,3.7
2004 - WA,6207046,391044.0,21330,6.3
2004 - WI,5503533,275177.0,11548,5.0
2004 - WV,1812548,96065.0,5110,5.3
2004 - WY,505887,19224.0,1163,3.8
2005 - AK,663253,45764.0,4194,6.9
2005 - AL,4548327,204675.0,19678,4.5
2005 - AR,2775708,147113.0,14670,5.3
2005 - AZ,5953007,279791.0,30478,4.7
2005 - CA,36154147,1952324.0,190178,5.4
2005 - CO,4663295,233165.0,18498,5.0
2005 - CT,3500701,171534.0,9542,4.9
2005 - DC,582049,37251.0,8032,6.4
2005 - DE,841741,34511.0,5332,4.1
2005 - FL,17768191,657423.0,125957,3.7
2005 - GA,9132553,493158.0,40725,5.4
2005 - HI,1273278,36925.0,3253,2.9
2005 - IA,2965524,127518.0,8697,4.3
2005 - ID,1429367,57175.0,3670,4.0
2005 - IL,12765427,727629.0,70496,5.7
2005 - IN,6266019,344631.0,20302,5.5
2005 - KS,2748172,137409.0,10701,5.0
2005 - KY,4172608,246184.0,11134,5.9
2005 - LA,4507331,320021.0,26889,7.1
2005 - MA,6433367,315235.0,29644,4.9
2005 - MD,5589599,229174.0,39369,4.1
2005 - ME,1318220,64593.0,1483,4.9
2005 - MI,10100833,686857.0,55936,6.8
2005 - MN,5126739,210196.0,15243,4.1
2005 - MO,5797703,313076.0,30477,5.4
2005 - MS,2908496,218137.0,8131,7.5
2005 - MT,934737,41128.0,2634,4.4
2005 - NC,8672459,450968.0,40650,5.2
2005 - ND,634605,21577.0,706,3.4
2005 - NE,1758163,66810.0,5052,3.8
2005 - NH,1306819,47045.0,1761,3.6
2005 - NJ,8703150,391642.0,30919,4.5
2005 - NM,1925985,98225.0,12448,5.1
2005 - NV,2412301,98904.0,14654,4.1
2005 - NY,19315721,965786.0,85839,5.0
2005 - OH,11470685,676770.0,40162,5.9
2005 - OK,3543442,159455.0,18044,4.5
2005 - OR,3638871,225610.0,10444,6.2
2005 - PA,12405348,620267.0,52761,5.0
2005 - RI,1073579,54753.0,2710,5.1
2005 - SC,4246933,284545.0,32590,6.7
2005 - SD,774883,29446.0,1387,3.8
2005 - TN,5955745,333522.0,45104,5.6
2005 - TX,22928508,1238139.0,121091,5.4
2005 - UT,2490334,102104.0,5612,4.1
2005 - VA,7564327,272316.0,21434,3.6
2005 - VT,622387,21784.0,782,3.5
2005 - WA,6291899,352346.0,21745,5.6
2005 - WI,5527644,259799.0,13367,4.7
2005 - WV,1814083,92518.0,4968,5.1
2005 - WY,508798,18317.0,1172,3.6
2006 - AK,670053,44223.0,4610,6.6
2006 - AL,4599030,183961.0,19553,4.0
2006 - AR,2810872,146165.0,15538,5.2
2006 - AZ,6166318,258985.0,33456,4.2
2006 - CA,36457549,1786420.0,194483,4.9
2006 - CO,4753377,204395.0,18794,4.3
2006 - CT,3504809,150707.0,10505,4.3
2006 - DC,581530,33729.0,8772,5.8
2006 - DE,853476,30725.0,5983,3.6
2006 - FL,18089888,578876.0,129602,3.2
2006 - GA,9363941,440105.0,44754,4.7
2006 - HI,1285498,33423.0,3608,2.6
2006 - IA,2982085,110337.0,8521,3.7
2006 - ID,1466465,51326.0,3666,3.5
2006 - IL,12831970,577439.0,69498,4.5
2006 - IN,6313520,315676.0,20303,5.0
2006 - KS,2764075,121619.0,11960,4.4
2006 - KY,4206074,239746.0,11361,5.7
2006 - LA,4287768,192950.0,30923,4.5
2006 - MA,6437193,315422.0,32217,4.9
2006 - MD,5615727,219013.0,38111,3.9
2006 - ME,1321574,60792.0,1533,4.6
2006 - MI,10095643,706695.0,56981,7.0
2006 - MN,5167101,206684.0,16042,4.0
2006 - MO,5842713,286293.0,31897,4.9
2006 - MS,2910540,189185.0,9076,6.5
2006 - MT,944632,33062.0,3564,3.5
2006 - NC,8856505,425112.0,42088,4.8
2006 - ND,635867,20348.0,1255,3.2
2006 - NE,1768331,54818.0,5197,3.1
2006 - NH,1314895,44706.0,1785,3.4
2006 - NJ,8724560,410054.0,30550,4.7
2006 - NM,1954599,82093.0,12797,4.2
2006 - NV,2495529,102317.0,18687,4.1
2006 - NY,19306183,868778.0,84016,4.5
2006 - OH,11478006,619812.0,41491,5.4
2006 - OK,3579212,143168.0,17905,4.0
2006 - OR,3700758,196140.0,10534,5.3
2006 - PA,12440621,572269.0,55028,4.6
2006 - RI,1067610,52313.0,2460,4.9
2006 - SC,4321249,276560.0,33322,6.4
2006 - SD,781919,24239.0,2071,3.1
2006 - TN,6038803,314018.0,46043,5.2
2006 - TX,23507783,1151881.0,121602,4.9
2006 - UT,2550063,76502.0,5771,3.0
2006 - VA,7642884,236929.0,21683,3.1
2006 - VT,623908,23085.0,905,3.7
2006 - WA,6395798,319790.0,22303,5.0
2006 - WI,5556506,261156.0,15899,4.7
2006 - WV,1818470,89105.0,5113,4.9
2006 - WY,515004,16480.0,1307,3.2
2007 - AK,683478,43059.0,4520,6.3
2007 - AL,4627851,185114.0,20775,4.0
2007 - AR,2834797,150244.0,15226,5.3
2007 - AZ,6338755,247211.0,32835,3.9
2007 - CA,36553215,1973874.0,191561,5.4
2007 - CO,4861515,179876.0,17101,3.7
2007 - CT,3502309,157604.0,10547,4.5
2007 - DC,588292,32356.0,8325,5.5
2007 - DE,864764,29402.0,6100,3.4
2007 - FL,18251243,730050.0,131878,4.0
2007 - GA,9544750,429514.0,46917,4.5
2007 - HI,1283388,35935.0,3544,2.8
2007 - IA,2988046,110558.0,8970,3.7
2007 - ID,1499402,46481.0,3841,3.1
2007 - IL,12852548,642627.0,68528,5.0
2007 - IN,6345289,291883.0,21310,4.6
2007 - KS,2775997,119368.0,12730,4.3
2007 - KY,4241474,229040.0,12329,5.4
2007 - LA,4293204,184608.0,31789,4.3
2007 - MA,6449755,296689.0,28487,4.6
2007 - MD,5618344,191024.0,36063,3.4
2007 - ME,1317207,61909.0,1565,4.7
2007 - MI,10071822,705028.0,53765,7.0
2007 - MN,5197621,239091.0,15054,4.6
2007 - MO,5878415,299799.0,32962,5.1
2007 - MS,2918785,178046.0,8502,6.1
2007 - MT,957861,34483.0,3638,3.6
2007 - NC,9061032,425869.0,42231,4.7
2007 - ND,639715,19831.0,1343,3.1
2007 - NE,1774571,53237.0,5524,3.0
2007 - NH,1315828,46054.0,1896,3.5
2007 - NJ,8685920,373495.0,28544,4.3
2007 - NM,1969915,74857.0,13311,3.8
2007 - NV,2565382,115442.0,19365,4.5
2007 - NY,19297729,887696.0,79962,4.6
2007 - OH,11466917,642147.0,40759,5.6
2007 - OK,3617316,148310.0,18234,4.1
2007 - OR,3747455,194868.0,11015,5.2
2007 - PA,12432792,547043.0,51806,4.4
2007 - RI,1057832,55007.0,2424,5.2
2007 - SC,4407709,251239.0,34630,5.7
2007 - SD,796214,22294.0,1926,2.8
2007 - TN,6156719,289366.0,46482,4.7
2007 - TX,23904380,1027888.0,122014,4.3
2007 - UT,2645330,68779.0,6347,2.6
2007 - VA,7712091,231363.0,21035,3.0
2007 - VT,621254,24850.0,802,4.0
2007 - WA,6468424,304016.0,21768,4.7
2007 - WI,5601640,274480.0,16330,4.9
2007 - WV,1812035,83354.0,5016,4.6
2007 - WY,522830,14639.0,1344,2.8
2008 - AK,686293,45982.0,4475,6.7
2008 - AL,4661900,265728.0,21110,5.7
2008 - AR,2855390,157046.0,14649,5.5
2008 - AZ,6500180,396511.0,31567,6.1
2008 - CA,36756666,2683237.0,185329,7.3
2008 - CO,4939456,237094.0,17480,4.8
2008 - CT,3501252,199571.0,10737,5.7
2008 - DC,591833,38469.0,8509,6.5
2008 - DE,873092,42782.0,6187,4.9
2008 - FL,18328340,1154685.0,126256,6.3
2008 - GA,9685744,600516.0,47353,6.2
2008 - HI,1288198,55393.0,3510,4.3
2008 - IA,3002555,126107.0,8651,4.2
2008 - ID,1523816,77715.0,3680,5.1
2008 - IL,12901563,812798.0,67780,6.3
2008 - IN,6376792,376231.0,21525,5.9
2008 - KS,2802134,128898.0,11554,4.6
2008 - KY,4269245,273232.0,12690,6.4
2008 - LA,4410796,216129.0,29613,4.9
2008 - MA,6497967,357388.0,30137,5.5
2008 - MD,5633597,236611.0,35393,4.2
2008 - ME,1316456,72405.0,1572,5.5
2008 - MI,10003422,800274.0,51512,8.0
2008 - MN,5220393,281901.0,13853,5.4
2008 - MO,5911605,360608.0,29701,6.1
2008 - MS,2938618,193949.0,8942,6.6
2008 - MT,967440,49339.0,3013,5.1
2008 - NC,9222414,562567.0,43125,6.1
2008 - ND,641481,20527.0,1441,3.2
2008 - NE,1783432,58853.0,5570,3.3
2008 - NH,1315809,51317.0,2054,3.9
2008 - NJ,8682661,460181.0,28351,5.3
2008 - NM,1984356,89296.0,12967,4.5
2008 - NV,2600167,174211.0,18973,6.7
2008 - NY,19490297,1052476.0,77546,5.4
2008 - OH,11485910,735098.0,40436,6.4
2008 - OK,3642361,134767.0,19359,3.7
2008 - OR,3790060,246354.0,9909,6.5
2008 - PA,12448279,659759.0,51044,5.3
2008 - RI,1050788,81961.0,2656,7.8
2008 - SC,4479800,304626.0,32746,6.8
2008 - SD,804194,24930.0,2227,3.1
2008 - TN,6214888,410183.0,44913,6.6
2008 - TX,24326974,1167695.0,123585,4.8
2008 - UT,2736424,98511.0,6165,3.6
2008 - VA,7769089,302994.0,20031,3.9
2008 - VT,621270,29200.0,854,4.7
2008 - WA,6549224,353658.0,21888,5.4
2008 - WI,5627967,275770.0,15507,4.9
2008 - WV,1814468,79837.0,5006,4.4
2008 - WY,532668,16513.0,1330,3.1
2009 - AK,698473,53782.0,4424,7.7
2009 - AL,4708708,517958.0,21194,11.0
2009 - AR,2889450,228267.0,14905,7.9
2009 - AZ,6595778,652982.0,28128,9.9
2009 - CA,36961664,4102745.0,174934,11.1
2009 - CO,5024748,366807.0,17022,7.3
2009 - CT,3518288,277945.0,10588,7.9
2009 - DC,599657,55768.0,8089,9.3
2009 - DE,885122,73465.0,5713,8.3
2009 - FL,18537969,1927949.0,113541,10.4
2009 - GA,9829211,973092.0,42073,9.9
2009 - HI,1295178,93253.0,3550,7.2
2009 - IA,3007856,192503.0,8485,6.4
2009 - ID,1545801,136030.0,3805,8.8
2009 - IL,12910409,1316862.0,64185,10.2
2009 - IN,6423113,661581.0,21455,10.3
2009 - KS,2818747,194494.0,11460,6.9
2009 - KY,4314113,448668.0,11000,10.4
2009 - LA,4492076,305461.0,28878,6.8
2009 - MA,6593587,534081.0,30503,8.1
2009 - MD,5699478,398963.0,33625,7.0
2009 - ME,1318301,106782.0,1580,8.1
2009 - MI,9969727,1365853.0,49825,13.7
2009 - MN,5266214,410765.0,12874,7.8
2009 - MO,5987580,556845.0,29513,9.3
2009 - MS,2951996,280440.0,8451,9.5
2009 - MT,974989,66299.0,2798,6.8
2009 - NC,9380884,994374.0,37946,10.6
2009 - ND,646844,26521.0,1723,4.1
2009 - NE,1796619,82644.0,5199,4.6
2009 - NH,1324575,82124.0,2125,6.2
2009 - NJ,8707739,792404.0,27113,9.1
2009 - NM,2009671,150725.0,12709,7.5
2009 - NV,2643085,298669.0,18639,11.3
2009 - NY,19541453,1621941.0,75110,8.3
2009 - OH,11542645,1188892.0,38305,10.3
2009 - OK,3687050,235971.0,18560,6.4
2009 - OR,3825657,432299.0,9968,11.3
2009 - PA,12604767,1020986.0,48188,8.1
2009 - RI,1053209,115853.0,2678,11.0
2009 - SC,4561242,515420.0,30799,11.3
2009 - SD,812383,39807.0,1777,4.9
2009 - TN,6296254,661107.0,41933,10.5
2009 - TX,24782302,1883455.0,121684,7.6
2009 - UT,2784572,203274.0,5998,7.3
2009 - VA,7882590,528134.0,18195,6.7
2009 - VT,621760,41036.0,837,6.6
2009 - WA,6664195,606442.0,22412,9.1
2009 - WI,5654774,486311.0,14650,8.6
2009 - WV,1819777,140123.0,5554,7.7
2009 - WY,544270,34289.0,1196,6.3
2010 - AK,714146,56418.0,4537,7.9
2010 - AL,4785401,502467.0,18363,10.5
2010 - AR,2921588,239570.0,14711,8.2
2010 - AZ,6413158,666968.0,26528,10.4
2010 - CA,37338198,4555260.0,164133,12.2
2010 - CO,5047692,439149.0,16339,8.7
2010 - CT,3575498,325370.0,10083,9.1
2010 - DC,604912,56862.0,8026,9.4
2010 - DE,899792,75583.0,5608,8.4
2010 - FL,18838613,2072247.0,101969,11.0
2010 - GA,9712157,1029489.0,39068,10.6
2010 - HI,1363359,94072.0,3603,6.9
2010 - IA,3050202,183012.0,8191,6.0
2010 - ID,1571102,141399.0,3464,9.0
2010 - IL,12841980,1335566.0,57132,10.4
2010 - IN,6490622,675025.0,20983,10.4
2010 - KS,2859143,202999.0,10602,7.1
2010 - KY,4347223,443417.0,10604,10.2
2010 - LA,4545343,363627.0,25241,8.0
2010 - MA,6555466,544104.0,30737,8.3
2010 - MD,5785681,439712.0,31607,7.6
2010 - ME,1327379,108845.0,1621,8.2
2010 - MI,9877143,1244520.0,48693,12.6
2010 - MN,5310658,392989.0,12515,7.4
2010 - MO,5995715,575589.0,27440,9.6
2010 - MS,2970072,308887.0,7999,10.4
2010 - MT,990958,72340.0,2733,7.3
2010 - NC,9560234,1042066.0,34679,10.9
2010 - ND,674629,25636.0,1548,3.8
2010 - NE,1830141,84186.0,5093,4.6
2010 - NH,1316807,76375.0,2204,5.8
2010 - NJ,8799593,835961.0,27055,9.5
2010 - NM,2065913,167339.0,12147,8.1
2010 - NV,2704283,365078.0,17929,13.5
2010 - NY,19395206,1667988.0,76492,8.6
2010 - OH,11537968,1188411.0,36306,10.3
2010 - OK,3760184,255693.0,18100,6.8
2010 - OR,3838332,410702.0,9648,10.7
2010 - PA,12717722,1081006.0,46612,8.5
2010 - RI,1052528,117883.0,2709,11.2
2010 - SC,4637106,519356.0,27923,11.2
2010 - SD,816598,40830.0,2196,5.0
2010 - TN,6357436,616671.0,38909,9.7
2010 - TX,25253466,2070784.0,113231,8.2
2010 - UT,2775479,216487.0,5925,7.8
2010 - VA,8023953,577725.0,17184,7.2
2010 - VT,625909,38180.0,820,6.1
2010 - WA,6742950,674295.0,21138,10.0
2010 - WI,5691659,495174.0,14167,8.7
2010 - WV,1854368,159476.0,5586,8.6
2010 - WY,564554,36696.0,1117,6.5
2011 - AK,723860,55013.0,4416,7.6
2011 - AL,4803689,461154.0,20166,9.6
2011 - AR,2938582,243902.0,14173,8.3
2011 - AZ,6467315,614395.0,26789,9.5
2011 - CA,37683933,4409020.0,154943,11.7
2011 - CO,5116302,429769.0,16085,8.4
2011 - CT,3586717,315631.0,9889,8.8
2011 - DC,619020,63140.0,7433,10.2
2011 - DE,908137,68110.0,5144,7.5
2011 - FL,19082262,1908226.0,98198,10.0
2011 - GA,9812460,1000871.0,36762,10.2
2011 - HI,1378129,93713.0,3465,6.8
2011 - IA,3064097,171589.0,7883,5.6
2011 - ID,1583744,131451.0,3202,8.3
2011 - IL,12859752,1247396.0,54523,9.7
2011 - IN,6516353,592988.0,21619,9.1
2011 - KS,2870386,186575.0,10209,6.5
2011 - KY,4366814,410481.0,10465,9.4
2011 - LA,4574766,356832.0,25373,7.8
2011 - MA,6607003,482311.0,28232,7.3
2011 - MD,5839572,426289.0,28817,7.3
2011 - ME,1328544,104955.0,1638,7.9
2011 - MI,9876801,1027187.0,43731,10.4
2011 - MN,5347299,347574.0,12323,6.5
2011 - MO,6008984,510764.0,26888,8.5
2011 - MS,2977457,297746.0,8009,10.0
2011 - MT,997667,69837.0,2755,7.0
2011 - NC,9651103,994064.0,33421,10.3
2011 - ND,684740,23966.0,1699,3.5
2011 - NE,1842234,81058.0,4672,4.4
2011 - NH,1317807,71162.0,2864,5.4
2011 - NJ,8834773,830469.0,27203,9.4
2011 - NM,2078674,155901.0,11904,7.5
2011 - NV,2720028,353604.0,15452,13.0
2011 - NY,19501616,1618634.0,77463,8.3
2011 - OH,11541007,1027150.0,35218,8.9
2011 - OK,3784163,223266.0,17311,5.9
2011 - OR,3868229,367482.0,9643,9.5
2011 - PA,12743948,1006772.0,46189,7.9
2011 - RI,1050646,115571.0,2586,11.0
2011 - SC,4673348,495375.0,27894,10.6
2011 - SD,823593,38709.0,2105,4.7
2011 - TN,6399787,575981.0,38895,9.0
2011 - TX,25631778,1999279.0,104734,7.8
2011 - UT,2814347,188561.0,5547,6.7
2011 - VA,8104384,534889.0,16014,6.6
2011 - VT,626592,34463.0,925,5.5
2011 - WA,6823267,634564.0,20152,9.3
2011 - WI,5709843,445368.0,14268,7.8
2011 - WV,1854908,150248.0,5497,8.1
2011 - WY,567356,32907.0,1245,5.8
2012 - AK,730307,51852.0,4412,7.1
2012 - AL,4817528,380585.0,21693,7.9
2012 - AR,2949828,224187.0,13851,7.6
2012 - AZ,6551149,550297.0,28077,8.4
2012 - CA,37999878,3951987.0,160944,10.4
2012 - CO,5189458,409967.0,15951,7.9
2012 - CT,3591765,298116.0,10183,8.3
2012 - DC,633427,57642.0,7866,9.1
2012 - DE,917053,66028.0,5048,7.2
2012 - FL,19320749,1642264.0,94087,8.5
2012 - GA,9915646,912239.0,37675,9.2
2012 - HI,1390090,83405.0,3378,6.0
2012 - IA,3075039,156827.0,8167,5.1
2012 - ID,1595590,114882.0,3348,7.2
2012 - IL,12868192,1158137.0,53556,9.0
2012 - IN,6537782,542636.0,22544,8.3
2012 - KS,2885398,164468.0,10292,5.7
2012 - KY,4379730,359138.0,9852,8.2
2012 - LA,4602134,326752.0,22839,7.1
2012 - MA,6645303,445235.0,27047,6.7
2012 - MD,5884868,411941.0,28086,7.0
2012 - ME,1328501,99638.0,1626,7.5
2012 - MI,9882519,899309.0,44962,9.1
2012 - MN,5379646,301260.0,12419,5.6
2012 - MO,6024522,421717.0,27189,7.0
2012 - MS,2986450,268780.0,7769,9.0
2012 - MT,1005494,60330.0,2803,6.0
2012 - NC,9748364,906598.0,34464,9.3
2012 - ND,701345,21742.0,1723,3.1
2012 - NE,1855350,74214.0,4802,4.0
2012 - NH,1321617,72689.0,2841,5.5
2012 - NJ,8867749,824701.0,25727,9.3
2012 - NM,2083540,147931.0,11660,7.1
2012 - NV,2754354,308488.0,16763,11.2
2012 - NY,19576125,1663971.0,79535,8.5
2012 - OH,11553031,854924.0,34827,7.4
2012 - OK,3815780,198421.0,18102,5.2
2012 - OR,3899801,343182.0,9638,8.8
2012 - PA,12764475,995629.0,45384,7.8
2012 - RI,1050304,109232.0,2657,10.4
2012 - SC,4723417,434554.0,26474,9.2
2012 - SD,834047,35864.0,2701,4.3
2012 - TN,6454914,503483.0,41213,7.8
2012 - TX,26060796,1746073.0,106475,6.7
2012 - UT,2854871,154163.0,5939,5.4
2012 - VA,8186628,491198.0,15676,6.0
2012 - VT,625953,31298.0,891,5.0
2012 - WA,6895318,558521.0,20553,8.1
2012 - WI,5724554,400719.0,16254,7.0
2012 - WV,1856680,139251.0,5943,7.5
2012 - WY,576626,30561.0,1161,5.3
2013 - AK,737259,51608.0,4709,7.0
2013 - AL,4833996,348048.0,20834,7.2
2013 - AR,2958765,215990.0,13705,7.3
2013 - AZ,6634997,517530.0,27576,7.8
2013 - CA,38431393,3420394.0,154739,8.9
2013 - CO,5272086,363774.0,16099,6.9
2013 - CT,3599341,280749.0,9439,7.8
2013 - DC,649111,55174.0,8415,8.5
2013 - DE,925240,61991.0,4633,6.7
2013 - FL,19600311,1411222.0,91993,7.2
2013 - GA,9994759,819570.0,37519,8.2
2013 - HI,1408987,69040.0,3585,4.9
2013 - IA,3092341,148432.0,8443,4.8
2013 - ID,1612843,98383.0,3471,6.1
2013 - IL,12890552,1160150.0,51956,9.0
2013 - IN,6570713,505945.0,23627,7.7
2013 - KS,2895801,153477.0,9928,5.3
2013 - KY,4399583,351967.0,9280,8.0
2013 - LA,4629284,310162.0,24127,6.7
2013 - MA,6708874,449495.0,27264,6.7
2013 - MD,5938737,391957.0,28235,6.6
2013 - ME,1328702,89023.0,1761,6.7
2013 - MI,9898193,871041.0,44757,8.8
2013 - MN,5422060,271103.0,12710,5.0
2013 - MO,6044917,405009.0,26216,6.7
2013 - MS,2992206,257330.0,8303,8.6
2013 - MT,1014864,54803.0,2924,5.4
2013 - NC,9848917,787913.0,33587,8.0
2013 - ND,723857,20992.0,1979,2.9
2013 - NE,1868969,71021.0,4949,3.8
2013 - NH,1322616,67453.0,2952,5.1
2013 - NJ,8911502,730743.0,25748,8.2
2013 - NM,2086895,143996.0,12990,6.9
2013 - NV,2791494,267983.0,16888,9.6
2013 - NY,19695680,1516567.0,77563,7.7
2013 - OH,11572005,867900.0,33722,7.5
2013 - OK,3853118,204215.0,17187,5.3
2013 - OR,3928068,310317.0,9536,7.9
2013 - PA,12781296,945816.0,42825,7.4
2013 - RI,1053354,97962.0,2710,9.3
2013 - SC,4771929,362667.0,24263,7.6
2013 - SD,845510,32129.0,2733,3.8
2013 - TN,6497269,506787.0,38063,7.8
2013 - TX,26505637,1669855.0,108757,6.3
2013 - UT,2902787,133528.0,6644,4.6
2013 - VA,8270345,471410.0,16355,5.7
2013 - VT,626855,27582.0,775,4.4
2013 - WA,6973742,488162.0,20223,7.0
2013 - WI,5742953,384778.0,16118,6.7
2013 - WV,1853595,126044.0,5657,6.8
2013 - WY,583223,27411.0,1212,4.7
2014 - AK,737046,50856.0,4684,6.9
2014 - AL,4846411,329556.0,20727,6.8
2014 - AR,2966835,178010.0,14248,6.0
2014 - AZ,6728783,457557.0,26422,6.8
2014 - CA,38792291,2909422.0,153763,7.5
2014 - CO,5355588,267779.0,16487,5.0
2014 - CT,3594762,237254.0,8575,6.6
2014 - DC,659836,51467.0,8199,7.8
2014 - DE,935968,53350.0,4568,5.7
2014 - FL,19905569,1254051.0,91345,6.3
2014 - GA,10097132,716896.0,38955,7.1
2014 - HI,1420257,62491.0,3362,4.4
2014 - IA,3109481,130598.0,8484,4.2
2014 - ID,1634806,78471.0,3439,4.8
2014 - IL,12882189,914635.0,47775,7.1
2014 - IN,6597880,395873.0,24105,6.0
2014 - KS,2902507,130613.0,10235,4.5
2014 - KY,4412617,286820.0,9495,6.5
2014 - LA,4648990,297535.0,23983,6.4
2014 - MA,6755124,391797.0,26689,5.8
2014 - MD,5975346,346570.0,26767,5.8
2014 - ME,1330256,74494.0,1698,5.6
2014 - MI,9916306,723890.0,42555,7.3
2014 - MN,5457125,229199.0,12505,4.2
2014 - MO,6063827,369893.0,26882,6.1
2014 - MS,2993443,224508.0,8331,7.5
2014 - MT,1023252,48093.0,3361,4.7
2014 - NC,9940387,626244.0,32718,6.3
2014 - ND,740040,19981.0,2001,2.7
2014 - NE,1882980,62138.0,5201,3.3
2014 - NH,1327996,57104.0,2625,4.3
2014 - NJ,8938844,607841.0,23319,6.8
2014 - NM,2085567,139733.0,12465,6.7
2014 - NV,2838281,224224.0,18043,7.9
2014 - NY,19748858,1244178.0,75972,6.3
2014 - OH,11596998,672626.0,33130,5.8
2014 - OK,3879610,174582.0,16052,4.5
2014 - OR,3971202,270042.0,10294,6.8
2014 - PA,12793767,754832.0,40298,5.9
2014 - RI,1054907,81228.0,2320,7.7
2014 - SC,4829160,313895.0,24038,6.5
2014 - SD,853304,29012.0,2801,3.4
2014 - TN,6547779,432153.0,39989,6.6
2014 - TX,26979078,1375933.0,109711,5.1
2014 - UT,2944498,111891.0,6464,3.8
2014 - VA,8328098,433061.0,16522,5.2
2014 - VT,626767,24444.0,643,3.9
2014 - WA,7063166,430853.0,20185,6.1
2014 - WI,5759432,311009.0,16763,5.4
2014 - WV,1848751,122018.0,5850,6.6
2014 - WY,584304,24541.0,1142,4.2
2015 - AK,737709,47951.0,5391,6.5
2015 - AL,4853875,296086.0,22957,6.1
2015 - AR,2977853,148893.0,15769,5.0
2015 - AZ,6817565,415871.0,27968,6.1
2015 - CA,38993940,2417624.0,166883,6.2
2015 - CO,5448819,212504.0,17348,3.9
2015 - CT,3584730,204330.0,7938,5.7
2015 - DC,670377,46256.0,8538,6.9
2015 - DE,944076,46260.0,4760,4.9
2015 - FL,20244914,1113470.0,93625,5.5
2015 - GA,10199398,611964.0,38891,6.0
2015 - HI,1431603,51538.0,4201,3.6
2015 - IA,3121997,118636.0,8619,3.8
2015 - ID,1652828,67766.0,3593,4.1
2015 - IL,12839047,770343.0,49755,6.0
2015 - IN,6612768,317413.0,25373,4.8
2015 - KS,2906721,122082.0,11483,4.2
2015 - KY,4424611,234504.0,9887,5.3
2015 - LA,4668960,294144.0,25202,6.3
2015 - MA,6784240,325644.0,26453,4.8
2015 - MD,5994983,305744.0,28185,5.1
2015 - ME,1329453,58496.0,1726,4.4
2015 - MI,9917715,535557.0,41712,5.4
2015 - MN,5482435,202850.0,13319,3.7
2015 - MO,6076204,303810.0,30292,5.0
2015 - MS,2989390,191321.0,8190,6.4
2015 - MT,1032073,43347.0,3647,4.2
2015 - NC,10035186,572006.0,34734,5.7
2015 - ND,756835,21191.0,1949,2.8
2015 - NE,1893765,56813.0,5167,3.0
2015 - NH,1330111,45224.0,2692,3.4
2015 - NJ,8935421,518254.0,22879,5.8
2015 - NM,2080328,135221.0,13672,6.5
2015 - NV,2883758,193212.0,20118,6.7
2015 - NY,19747183,1046601.0,75126,5.3
2015 - OH,11605090,568649.0,34373,4.9
2015 - OK,3907414,171926.0,16746,4.4
2015 - OR,4024634,225380.0,10680,5.6
2015 - PA,12791904,677971.0,40348,5.3
2015 - RI,1055607,63336.0,2565,6.0
2015 - SC,4894834,293690.0,24448,6.0
2015 - SD,857919,26595.0,3302,3.1
2015 - TN,6595056,369323.0,40816,5.6
2015 - TX,27429639,1234334.0,113193,4.5
2015 - UT,2990632,107663.0,7138,3.6
2015 - VA,8367587,368174.0,16705,4.4
2015 - VT,626088,22539.0,747,3.6
2015 - WA,7160290,400976.0,20505,5.6
2015 - WI,5767891,259555.0,17549,4.5
2015 - WV,1841053,123351.0,6397,6.7
2015 - WY,586555,25222.0,1300,4.3
2016 - AK,741522,51165.0,5966,6.9
2016 - AL,4860545,281912.0,25878,5.8
2016 - AR,2988231,119529.0,16563,4.0
2016 - AZ,6908642,373067.0,32542,5.4
2016 - CA,39296476,2161306.0,174796,5.5
2016 - CO,5530105,182493.0,19030,3.3
2016 - CT,3587685,186560.0,8169,5.2
2016 - DC,684336,41744.0,8236,6.1
2016 - DE,952698,42871.0,4859,4.5
2016 - FL,20656589,991516.0,88700,4.8
2016 - GA,10313620,556935.0,40268,5.4
2016 - HI,1428683,42860.0,3452,3.0
2016 - IA,3130869,112711.0,9170,3.6
2016 - ID,1680026,63841.0,3876,3.8
2016 - IL,12835726,744472.0,56054,5.8
2016 - IN,6634007,291896.0,26516,4.4
2016 - KS,2907731,119217.0,11665,4.1
2016 - KY,4436113,226242.0,10452,5.1
2016 - LA,4686157,285856.0,26477,6.1
2016 - MA,6823721,266125.0,25975,3.9
2016 - MD,6024752,271114.0,29019,4.5
2016 - ME,1330232,50549.0,1649,3.8
2016 - MI,9933445,496672.0,45782,5.0
2016 - MN,5525050,215477.0,13365,3.9
2016 - MO,6091176,280194.0,31720,4.6
2016 - MS,2985415,173154.0,8411,5.8
2016 - MT,1038656,43624.0,3886,4.2
2016 - NC,10156689,517991.0,37767,5.1
2016 - ND,755548,23422.0,1905,3.1
2016 - NE,1907603,59136.0,5661,3.1
2016 - NH,1335015,38715.0,2668,2.9
2016 - NJ,8978416,448921.0,21861,5.0
2016 - NM,2085432,137639.0,14585,6.6
2016 - NV,2939254,167537.0,19924,5.7
2016 - NY,19836286,971978.0,74315,4.9
2016 - OH,11622554,581128.0,35759,5.0
2016 - OK,3921207,188218.0,17855,4.8
2016 - OR,4085989,196127.0,10983,4.8
2016 - PA,12787085,690503.0,40389,5.4
2016 - RI,1057566,54993.0,2529,5.2
2016 - SC,4959822,247991.0,25137,5.0
2016 - SD,861542,25846.0,3636,3.0
2016 - TN,6649404,312522.0,42459,4.7
2016 - TX,27904862,1283624.0,121064,4.6
2016 - UT,3044321,106551.0,7406,3.5
2016 - VA,8414380,344990.0,18495,4.1
2016 - VT,623354,19947.0,851,3.2
2016 - WA,7280934,385890.0,22101,5.3
2016 - WI,5772917,230917.0,17716,4.0
2016 - WV,1828637,111547.0,6633,6.1
2016 - WY,584910,31000.0,1431,5.3
2017 - AK,739786,51045.0,6338,6.9
2017 - AL,4875120,214505.0,25469,4.4
2017 - AR,3002997,111111.0,16996,3.7
2017 - AZ,7048876,345395.0,35647,4.9
2017 - CA,39399349,1891169.0,178597,4.8
2017 - CO,5615902,157245.0,20901,2.8
2017 - CT,3573880,167972.0,8190,4.7
2017 - DC,695691,42437.0,6976,6.1
2017 - DE,957078,43069.0,4377,4.5
2017 - FL,20976812,881026.0,85606,4.2
2017 - GA,10413055,489414.0,37118,4.7
2017 - HI,1424203,34181.0,3577,2.4
2017 - IA,3143637,97453.0,9038,3.1
2017 - ID,1718904,55005.0,4111,3.2
2017 - IL,12786196,626524.0,55777,4.9
2017 - IN,6660082,239763.0,26307,3.6
2017 - KS,2910689,104785.0,11654,3.6
2017 - KY,4453874,218240.0,10292,4.9
2017 - LA,4670818,238212.0,25986,5.1
2017 - MA,6863246,253940.0,24318,3.7
2017 - MD,6024891,253045.0,30321,4.2
2017 - ME,1335063,45392.0,1610,3.4
2017 - MI,9976447,458917.0,44883,4.6
2017 - MN,5568155,189317.0,13345,3.4
2017 - MO,6108612,226019.0,32450,3.7
2017 - MS,2989663,152473.0,7661,5.1
2017 - MT,1053090,42124.0,3937,4.0
2017 - NC,10270800,462186.0,38043,4.5
2017 - ND,755176,20390.0,2133,2.7
2017 - NE,1917575,55610.0,5979,2.9
2017 - NH,1349767,36444.0,2642,2.7
2017 - NJ,8888543,408873.0,20604,4.6
2017 - NM,2093395,123510.0,16300,5.9
2017 - NV,2972405,148620.0,16663,5.0
2017 - NY,19590719,920764.0,70746,4.7
2017 - OH,11664129,583206.0,34621,5.0
2017 - OK,3932640,165171.0,17989,4.2
2017 - OR,4146592,170010.0,11629,4.1
2017 - PA,12790447,626732.0,40030,4.9
2017 - RI,1056486,46485.0,2474,4.4
2017 - SC,5021219,215912.0,25412,4.3
2017 - SD,873286,27945.0,3753,3.2
2017 - TN,6708794,254934.0,43940,3.8
2017 - TX,28322717,1217877.0,123984,4.3
2017 - UT,3103118,102403.0,7515,3.3
2017 - VA,8465207,313213.0,17811,3.7
2017 - VT,624525,18111.0,1082,2.9
2017 - WA,7425432,348995.0,22483,4.7
2017 - WI,5792051,191138.0,18638,3.3
2017 - WV,1817048,94486.0,6564,5.2
2017 - WY,578934,24315.0,1358,4.2
2018 - AK,737438,47933.0,6526,6.5
2018 - AL,4887871,190627.0,25399,3.9
2018 - AR,3013825,111512.0,16384,3.7
2018 - AZ,7171646,337067.0,34058,4.7
2018 - CA,39557045,1661396.0,176982,4.2
2018 - CO,5695564,182258.0,22624,3.2
2018 - CT,3572665,150052.0,7411,4.2
2018 - DC,702455,40040.0,6996,5.7
2018 - DE,967171,36752.0,4097,3.8
2018 - FL,21299325,766776.0,81980,3.6
2018 - GA,10519475,420779.0,34355,4.0
2018 - HI,1420491,35512.0,3532,2.5
2018 - IA,3156145,82060.0,7893,2.6
2018 - ID,1754208,50872.0,3983,2.9
2018 - IL,12741080,547866.0,51490,4.3
2018 - IN,6691878,234216.0,25581,3.5
2018 - KS,2911505,96080.0,12782,3.3
2018 - KY,4468402,196610.0,9467,4.4
2018 - LA,4659978,228339.0,25049,4.9
2018 - MA,6902149,234673.0,23337,3.4
2018 - MD,6042718,235666.0,28320,3.9
2018 - ME,1338404,44167.0,1501,3.3
2018 - MI,9995915,419828.0,44918,4.2
2018 - MN,5611179,162724.0,12369,2.9
2018 - MO,6126452,196046.0,30758,3.2
2018 - MS,2986530,143353.0,6999,4.8
2018 - MT,1062305,38243.0,3974,3.6
2018 - NC,10383620,415345.0,39210,4.0
2018 - ND,760077,19762.0,2133,2.6
2018 - NE,1929268,55949.0,5494,2.9
2018 - NH,1356458,35268.0,2349,2.6
2018 - NJ,8908520,365249.0,18537,4.1
2018 - NM,2095428,102676.0,17949,4.9
2018 - NV,3034392,133513.0,16420,4.4
2018 - NY,19542209,820773.0,68495,4.2
2018 - OH,11689442,526025.0,32723,4.5
2018 - OK,3943079,134065.0,18380,3.4
2018 - OR,4190713,171819.0,11966,4.1
2018 - PA,12807060,537897.0,39192,4.2
2018 - RI,1057315,42293.0,2317,4.0
2018 - SC,5084127,177944.0,24825,3.5
2018 - SD,882235,27349.0,3570,3.1
2018 - TN,6770010,236950.0,42226,3.5
2018 - TX,28701845,1090670.0,117927,3.8
2018 - UT,3161105,97994.0,7368,3.1
2018 - VA,8517685,255531.0,17032,3.0
2018 - VT,626299,15657.0,1077,2.5
2018 - WA,7535591,339102.0,23472,4.5
2018 - WI,5813568,174407.0,17176,3.0
2018 - WV,1805832,93903.0,5236,5.2
2018 - WY,577737,22532.0,1226,3.9
