YrSt_ID,population,population_unemp,aggravated_assault,Unemp_Yr_Avg
1980 - AK,440142,42254.0,1270,9.6
1980 - AL,3861466,343670.0,10551,8.9
1980 - AR,2284037,171303.0,4989,7.5
1980 - AZ,2715357,179214.0,10909,6.6
1980 - CA,23532680,1600222.0,102766,6.8
1980 - CO,2878407,166948.0,8899,5.8
1980 - CT,3095224,179523.0,5203,5.8
1980 - DC,635233,47007.0,3236,7.4
1980 - DE,594779,45203.0,1824,7.6
1980 - FL,9567112,583594.0,53254,6.1
1980 - GA,5400851,340254.0,16189,6.3
1980 - HI,964680,48234.0,635,5.0
1980 - IA,2907804,174468.0,3751,6.0
1980 - ID,943629,70772.0,2275,7.5
1980 - IL,11355062,919760.0,44923,8.1
1980 - IN,5461103,524266.0,10620,9.6
1980 - KS,2354783,105965.0,5599,4.5
1980 - KY,3641479,287677.0,5224,7.9
1980 - LA,4199542,289768.0,17127,6.9
1980 - MA,5728288,320784.0,19158,5.6
1980 - MD,4192211,276686.0,17194,6.6
1980 - ME,1123670,85399.0,1650,7.6
1980 - MI,9228128,1135060.0,31251,12.3
1980 - MN,4061235,235552.0,4177,5.8
1980 - MO,4901288,352893.0,14075,7.2
1980 - MT,781592,47677.0,1279,6.1
1980 - NC,5843665,373995.0,19836,6.4
1980 - ND,652437,31969.0,232,4.9
1980 - NE,1563921,60993.0,1794,3.9
1980 - NH,919114,41360.0,1085,4.5
1980 - NJ,7342164,528636.0,19313,7.2
1980 - NM,1295474,98456.0,5579,7.6
1980 - NV,800312,49619.0,2920,6.2
1980 - NY,17506690,1313002.0,60329,7.5
1980 - OH,10766808,904412.0,24997,8.4
1980 - OK,3001252,132055.0,8055,4.4
1980 - OR,2610477,221891.0,7608,8.5
1980 - PA,11824220,945938.0,18462,8.0
1980 - RI,945835,68100.0,2538,7.2
1980 - SC,3064557,205325.0,15109,6.7
1980 - SD,688217,33034.0,644,4.8
1980 - TN,4545590,336374.0,10427,7.4
1980 - TX,14169829,722661.0,39339,5.1
1980 - UT,1458729,90441.0,2796,6.2
1980 - VA,5323412,276817.0,8046,5.2
1980 - VT,511299,31701.0,555,6.2
1980 - WA,4113331,333180.0,11146,8.1
1980 - WI,4680917,337026.0,4403,7.2
1980 - WV,1930787,183425.0,2167,9.5
1980 - WY,468954,17820.0,1470,3.8
1981 - AK,412000,38728.0,1584,9.4
1981 - AL,3916000,411180.0,11985,10.5
1981 - AR,2294000,201872.0,4557,8.8
1981 - AZ,2793000,173166.0,9830,6.2
1981 - CA,24159000,1787766.0,97995,7.4
1981 - CO,2963000,171854.0,9438,5.8
1981 - CT,3132000,194184.0,5469,6.2
1981 - DC,636000,56604.0,3432,8.9
1981 - DE,598000,47242.0,1990,7.9
1981 - FL,10166000,681122.0,55407,6.7
1981 - GA,5569000,356416.0,16267,6.4
1981 - HI,979000,52866.0,584,5.4
1981 - IA,2897000,191202.0,3896,6.6
1981 - ID,959000,74802.0,2114,7.8
1981 - IL,11455000,973675.0,43108,8.5
1981 - IN,5466000,541134.0,9618,9.9
1981 - KS,2381000,102383.0,5301,4.3
1981 - KY,3661000,314846.0,5838,8.6
1981 - LA,4305000,361620.0,16325,8.4
1981 - MA,5770000,375050.0,18850,6.5
1981 - MD,4261000,311053.0,17640,7.3
1981 - ME,1132000,83768.0,1665,7.4
1981 - MI,9201000,1140924.0,30143,12.4
1981 - MN,4090000,237220.0,3937,5.8
1981 - MO,4938000,380226.0,14065,7.7
1981 - MT,792000,54648.0,1500,6.9
1981 - NC,5951000,386815.0,19285,6.5
1981 - ND,658000,31584.0,287,4.8
1981 - NE,1576000,66192.0,1374,4.2
1981 - NH,935000,48620.0,859,5.2
1981 - NJ,7401000,555075.0,18997,7.5
1981 - NM,1327000,96871.0,6266,7.3
1981 - NV,845000,60840.0,3009,7.2
1981 - NY,17594000,1337144.0,60189,7.6
1981 - OH,10776000,1012944.0,23842,9.4
1981 - OK,3098000,111528.0,8279,3.6
1981 - OR,2647000,259406.0,6669,9.8
1981 - PA,11864000,996576.0,18576,8.4
1981 - RI,952000,74256.0,2738,7.8
1981 - SC,3166000,256446.0,14992,8.1
1981 - SD,685000,34250.0,505,5.0
1981 - TN,4610000,414900.0,8920,9.0
1981 - TX,14755000,782015.0,40765,5.3
1981 - UT,1516000,100056.0,2760,6.6
1981 - VA,5426000,325560.0,8285,6.0
1981 - VT,515000,29870.0,325,5.8
1981 - WA,4212000,404352.0,11036,9.6
1981 - WI,4739000,379120.0,4749,8.0
1981 - WV,1951000,206806.0,2024,10.6
1981 - WY,492000,20172.0,1709,4.1
1982 - AK,438000,43362.0,1691,9.9
1982 - AL,3943000,555963.0,11793,14.1
1982 - AR,2291000,226809.0,4824,9.9
1982 - AZ,2860000,288860.0,8912,10.1
1982 - CA,24724000,2447676.0,94133,9.9
1982 - CO,3045000,222285.0,9229,7.3
1982 - CT,3153000,214404.0,5167,6.8
1982 - DC,631000,65624.0,3645,10.4
1982 - DE,602000,50568.0,2415,8.4
1982 - FL,10416000,874944.0,55413,8.4
1982 - GA,5639000,439842.0,15292,7.8
1982 - HI,994000,62622.0,609,6.3
1982 - IA,2905000,246925.0,3538,8.5
1982 - ID,965000,96500.0,2025,10.0
1982 - IL,11448000,1305072.0,44515,11.4
1982 - IN,5471000,656520.0,8602,12.0
1982 - KS,2408000,151704.0,5259,6.3
1982 - KY,3667000,396036.0,6893,10.8
1982 - LA,4362000,449286.0,17472,10.3
1982 - MA,5781000,445137.0,18989,7.7
1982 - MD,4265000,353995.0,18849,8.3
1982 - ME,1133000,95172.0,1326,8.4
1982 - MI,9109000,1402786.0,30034,15.4
1982 - MN,4133000,326507.0,3841,7.9
1982 - MO,4951000,455492.0,13762,9.2
1982 - MT,801000,68085.0,1386,8.5
1982 - NC,6019000,553748.0,19830,9.2
1982 - ND,670000,37520.0,258,5.6
1982 - NE,1586000,88816.0,2299,5.6
1982 - NH,951000,64668.0,690,6.8
1982 - NJ,7438000,647106.0,19664,8.7
1982 - NM,1359000,125028.0,7453,9.2
1982 - NV,881000,87219.0,2737,9.9
1982 - NY,17659000,1501015.0,59818,8.5
1982 - OH,10791000,1370457.0,23418,12.7
1982 - OK,3177000,190620.0,8361,6.0
1982 - OR,2649000,304635.0,6903,11.5
1982 - PA,11865000,1328880.0,18835,11.2
1982 - RI,958000,92926.0,2529,9.7
1982 - SC,3203000,355533.0,17550,11.1
1982 - SD,691000,38005.0,468,5.5
1982 - TN,4651000,544167.0,9310,11.7
1982 - TX,15280000,1054320.0,45278,6.9
1982 - UT,1554000,127428.0,2674,8.2
1982 - VA,5491000,406334.0,8491,7.4
1982 - VT,516000,36120.0,344,7.0
1982 - WA,4245000,509400.0,10116,12.0
1982 - WI,4765000,500325.0,4856,10.5
1982 - WV,1948000,272720.0,2031,14.0
1982 - WY,502000,31124.0,1173,6.2
1983 - AK,479000,47900.0,1923,10.0
1983 - AL,3959000,546342.0,11281,13.8
1983 - AR,2328000,230472.0,4552,9.9
1983 - AZ,2963000,260744.0,9265,8.8
1983 - CA,25174000,2467052.0,93933,9.8
1983 - CO,3139000,222869.0,9469,7.1
1983 - CT,3138000,188280.0,4715,6.0
1983 - DC,623000,69776.0,3646,11.2
1983 - DE,606000,46662.0,1793,7.7
1983 - FL,10680000,907800.0,53797,8.5
1983 - GA,5732000,441364.0,15408,7.7
1983 - HI,1023000,63426.0,891,6.2
1983 - IA,2905000,235305.0,3637,8.1
1983 - ID,989000,89010.0,1875,9.0
1983 - IL,11486000,1355348.0,42273,11.8
1983 - IN,5479000,613648.0,8278,11.2
1983 - KS,2425000,143075.0,5117,5.9
1983 - KY,3714000,423396.0,7550,11.4
1983 - LA,4438000,510370.0,17612,11.5
1983 - MA,5767000,392156.0,19543,6.8
1983 - MD,4304000,301280.0,18007,7.0
1983 - ME,1146000,95118.0,1301,8.3
1983 - MI,9069000,1305936.0,33125,14.4
1983 - MN,4144000,331520.0,3615,8.0
1983 - MO,4970000,492030.0,13639,9.9
1983 - MT,817000,70262.0,1353,8.6
1983 - NC,6082000,547380.0,18249,9.0
1983 - ND,680000,38760.0,213,5.7
1983 - NE,1597000,89432.0,2300,5.6
1983 - NH,959000,52745.0,763,5.5
1983 - NJ,7468000,597440.0,18553,8.0
1983 - NM,1399000,135703.0,7218,9.7
1983 - NV,891000,85536.0,2530,9.6
1983 - NY,17667000,1537029.0,59452,8.7
1983 - OH,10746000,1332504.0,21640,12.4
1983 - OK,3298000,277032.0,8223,8.4
1983 - OR,2662000,287496.0,7266,10.8
1983 - PA,11895000,1367925.0,17249,11.5
1983 - RI,955000,79265.0,2128,8.3
1983 - SC,3264000,323136.0,15243,9.9
1983 - SD,700000,36400.0,595,5.2
1983 - TN,4685000,543460.0,8650,11.6
1983 - TX,15724000,1242196.0,42205,7.9
1983 - UT,1619000,140853.0,2644,8.7
1983 - VA,5550000,355200.0,8347,6.4
1983 - VT,525000,33600.0,317,6.4
1983 - WA,4300000,477300.0,9318,11.1
1983 - WI,4751000,489353.0,4663,10.3
1983 - WV,1965000,349770.0,2147,17.8
1983 - WY,514000,41634.0,926,8.1
1984 - AK,500000,49500.0,2045,9.9
1984 - AL,3990000,438900.0,11995,11.0
1984 - AR,2349000,204363.0,5089,8.7
1984 - AZ,3053000,158756.0,10199,5.2
1984 - CA,25622000,1998516.0,97246,7.8
1984 - CO,3178000,171612.0,9503,5.4
1984 - CT,3154000,148238.0,5532,4.7
1984 - DC,623000,57316.0,4097,9.2
1984 - DE,613000,38619.0,1635,6.3
1984 - FL,10976000,702464.0,58125,6.4
1984 - GA,5837000,356057.0,16619,6.1
1984 - HI,1039000,59223.0,857,5.7
1984 - IA,2910000,203700.0,4233,7.0
1984 - ID,1001000,73073.0,1890,7.3
1984 - IL,11511000,1035990.0,43849,9.0
1984 - IN,5498000,472828.0,9671,8.6
1984 - KS,2438000,119462.0,5644,4.9
1984 - KY,3723000,346239.0,6641,9.3
1984 - LA,4462000,450662.0,19311,10.1
1984 - MA,5798000,278304.0,18402,4.8
1984 - MD,4349000,234846.0,19364,5.4
1984 - ME,1156000,71672.0,1352,6.2
1984 - MI,9075000,1016400.0,34388,11.2
1984 - MN,4162000,262206.0,4717,6.3
1984 - MO,5008000,360576.0,14335,7.2
1984 - MT,824000,62624.0,1526,7.6
1984 - NC,6165000,413055.0,18404,6.7
1984 - ND,686000,36358.0,217,5.3
1984 - NE,1606000,72270.0,2499,4.5
1984 - NH,977000,42011.0,869,4.3
1984 - NJ,7515000,465930.0,18593,6.2
1984 - NM,1424000,111072.0,7029,7.8
1984 - NV,911000,71969.0,2533,7.9
1984 - NY,17735000,1276920.0,64872,7.2
1984 - OH,10752000,1021440.0,21489,9.5
1984 - OK,3298000,234158.0,8197,7.1
1984 - OR,2674000,251356.0,7696,9.4
1984 - PA,11901000,1082991.0,17196,9.1
1984 - RI,962000,52910.0,1891,5.5
1984 - SC,3300000,227700.0,15565,6.9
1984 - SD,706000,31064.0,733,4.4
1984 - TN,4717000,405662.0,10862,8.6
1984 - TX,15989000,975329.0,42761,6.1
1984 - UT,1652000,107380.0,2694,6.5
1984 - VA,5636000,287436.0,8958,5.1
1984 - VT,530000,27030.0,530,5.1
1984 - WA,4349000,404457.0,10051,9.3
1984 - WI,4766000,352684.0,5293,7.4
1984 - WV,1952000,288896.0,2148,14.8
1984 - WY,511000,32193.0,995,6.3
1985 - AK,521000,50537.0,2094,9.7
1985 - AL,4021000,369932.0,12686,9.2
1985 - AR,2359000,205233.0,5709,8.7
1985 - AZ,3187000,200781.0,12820,6.3
1985 - CA,26365000,1898280.0,101185,7.2
1985 - CO,3231000,197091.0,9697,6.1
1985 - CT,3174000,149178.0,5843,4.7
1985 - DC,626000,50706.0,4457,8.1
1985 - DE,622000,32344.0,1596,5.2
1985 - FL,11366000,681960.0,64165,6.0
1985 - GA,5976000,382464.0,17292,6.4
1985 - HI,1054000,56916.0,912,5.4
1985 - IA,2884000,216300.0,4501,7.5
1985 - ID,1005000,79395.0,1877,7.9
1985 - IL,11535000,1049685.0,43872,9.1
1985 - IN,5499000,428922.0,10312,7.8
1985 - KS,2450000,124950.0,5947,5.1
1985 - KY,3726000,342792.0,7501,9.2
1985 - LA,4481000,519796.0,20313,11.6
1985 - MA,5822000,232880.0,18424,4.0
1985 - MD,4392000,202032.0,21335,4.6
1985 - ME,1164000,64020.0,1471,5.5
1985 - MI,9088000,908800.0,32984,10.0
1985 - MN,4193000,251580.0,5823,6.0
1985 - MO,5029000,326885.0,16019,6.5
1985 - MT,826000,63602.0,1342,7.7
1985 - NC,6255000,350280.0,19426,5.6
1985 - ND,685000,39045.0,221,5.7
1985 - NE,1606000,83512.0,2619,5.2
1985 - NH,998000,36926.0,927,3.7
1985 - NJ,7562000,423472.0,19059,5.6
1985 - NM,1450000,120350.0,7324,8.3
1985 - NV,936000,72072.0,3011,7.7
1985 - NY,17783000,1173678.0,68270,6.6
1985 - OH,10744000,956216.0,22179,8.9
1985 - OK,3301000,237672.0,8898,7.2
1985 - OR,2687000,236456.0,8333,8.8
1985 - PA,11853000,948240.0,18375,8.0
1985 - RI,968000,45496.0,1945,4.7
1985 - SC,3347000,230943.0,16289,6.9
1985 - SD,708000,34692.0,665,4.9
1985 - TN,4762000,380960.0,11522,8.0
1985 - TX,16370000,1145900.0,47854,7.0
1985 - UT,1645000,98700.0,3059,6.0
1985 - VA,5706000,313830.0,9137,5.5
1985 - VT,535000,25680.0,557,4.8
1985 - WA,4409000,370356.0,10285,8.4
1985 - WI,4775000,343800.0,5519,7.2
1985 - WV,1936000,253616.0,2054,13.1
1985 - WY,509000,35121.0,1069,6.9
1986 - AK,534000,58740.0,2142,11.0
1986 - AL,4053000,393141.0,16534,9.7
1986 - AR,2372000,203992.0,6598,8.6
1986 - AZ,3317000,228873.0,14489,6.9
1986 - CA,26981000,1807727.0,140701,6.7
1986 - CO,3267000,245025.0,10762,7.5
1986 - CT,3189000,124371.0,6541,3.9
1986 - DC,626000,46950.0,4181,7.5
1986 - DE,633000,27219.0,1526,4.3
1986 - FL,11675000,677150.0,70668,5.8
1986 - GA,6104000,366240.0,19449,6.0
1986 - HI,1062000,50976.0,1095,4.8
1986 - IA,2851000,193868.0,5099,6.8
1986 - ID,1003000,85255.0,1785,8.5
1986 - IL,11533000,957239.0,50083,8.3
1986 - IN,5504000,379776.0,10230,6.9
1986 - KS,2461000,130433.0,6200,5.3
1986 - KY,3728000,350432.0,8283,9.4
1986 - LA,4501000,576128.0,21676,12.8
1986 - MA,5832000,227448.0,19298,3.9
1986 - MD,4463000,205298.0,21263,4.6
1986 - ME,1174000,62222.0,1201,5.3
1986 - MI,9145000,804760.0,38768,8.8
1986 - MN,4214000,231770.0,6249,5.5
1986 - MO,5066000,314092.0,18742,6.2
1986 - MT,819000,64701.0,963,7.9
1986 - NC,6331000,335543.0,22389,5.3
1986 - ND,679000,40061.0,215,5.9
1986 - NE,1598000,79900.0,2936,5.0
1986 - NH,1027000,28756.0,947,2.8
1986 - NJ,7620000,381000.0,20220,5.0
1986 - NM,1479000,137547.0,7952,9.3
1986 - NV,963000,59706.0,3414,6.2
1986 - NY,17772000,1101864.0,76528,6.2
1986 - OH,10752000,892416.0,25231,8.3
1986 - OK,3305000,271010.0,9431,8.2
1986 - OR,2698000,218538.0,7718,8.1
1986 - PA,11889000,820341.0,20901,6.9
1986 - RI,975000,39975.0,1871,4.1
1986 - SC,3378000,216192.0,17742,6.4
1986 - SD,708000,32568.0,615,4.6
1986 - TN,4803000,379437.0,13184,7.9
1986 - TX,16682000,1468016.0,59039,8.8
1986 - UT,1665000,101565.0,2991,6.1
1986 - VA,5787000,289350.0,9646,5.0
1986 - VT,541000,23263.0,558,4.3
1986 - WA,4463000,361503.0,10869,8.1
1986 - WI,4785000,334950.0,7746,7.0
1986 - WV,1919000,226442.0,1893,11.8
1986 - WY,507000,45123.0,1234,8.9
1987 - AK,525000,54075.0,1613,10.3
1987 - AL,4083000,330723.0,16735,8.1
1987 - AR,2388000,193428.0,6988,8.1
1987 - AZ,3386000,220090.0,14406,6.5
1987 - CA,27663000,1604454.0,155569,5.8
1987 - CO,3296000,250496.0,9958,7.6
1987 - CT,3211000,109174.0,6779,3.4
1987 - DC,622000,39186.0,5084,6.3
1987 - DE,644000,19964.0,1511,3.1
1987 - FL,12023000,637219.0,72896,5.3
1987 - GA,6222000,354654.0,19438,5.7
1987 - HI,1083000,41154.0,1345,3.8
1987 - IA,2834000,155870.0,5132,5.5
1987 - ID,998000,75848.0,1690,7.6
1987 - IL,11582000,868650.0,50400,7.5
1987 - IN,5531000,342922.0,11352,6.2
1987 - KS,2476000,121324.0,5982,4.9
1987 - KY,3727000,316795.0,8167,8.5
1987 - LA,4461000,539781.0,20833,12.1
1987 - MA,5855000,187360.0,20640,3.2
1987 - MD,4535000,199540.0,19425,4.4
1987 - ME,1187000,52228.0,1286,4.4
1987 - MI,9200000,763600.0,39022,8.3
1987 - MN,4246000,216546.0,6213,5.1
1987 - MO,5103000,321489.0,17520,6.3
1987 - MT,809000,60675.0,834,7.5
1987 - NC,6413000,288585.0,22634,4.5
1987 - ND,672000,33600.0,258,5.0
1987 - NE,1594000,70136.0,2853,4.4
1987 - NH,1057000,24311.0,988,2.3
1987 - NJ,7672000,314552.0,20735,4.1
1987 - NM,1500000,130500.0,7004,8.7
1987 - NV,1007000,61427.0,3555,6.1
1987 - NY,17825000,873425.0,82417,4.9
1987 - OH,10784000,765664.0,23990,7.1
1987 - OK,3272000,238856.0,8664,7.3
1987 - OR,2724000,171612.0,7959,6.3
1987 - PA,11936000,680352.0,23074,5.7
1987 - RI,986000,35496.0,2209,3.6
1987 - SC,3425000,188375.0,17495,5.5
1987 - SD,709000,29778.0,603,4.2
1987 - TN,4855000,320430.0,13914,6.6
1987 - TX,16789000,1410276.0,57881,8.4
1987 - UT,1680000,104160.0,2554,6.2
1987 - VA,5904000,253872.0,9196,4.3
1987 - VT,548000,19728.0,518,3.6
1987 - WA,4538000,335812.0,10902,7.4
1987 - WI,4807000,283613.0,7700,5.9
1987 - WV,1897000,204876.0,1493,10.8
1987 - WY,490000,39690.0,1125,8.1
1988 - AK,513000,45144.0,1983,8.8
1988 - AL,4127000,297144.0,16556,7.2
1988 - AR,2422000,184072.0,7209,7.6
1988 - AZ,3466000,221824.0,14758,6.4
1988 - CA,28168000,1492904.0,161055,5.3
1988 - CO,3290000,213850.0,10842,6.5
1988 - CT,3241000,93989.0,7656,2.9
1988 - DC,620000,31000.0,5690,5.0
1988 - DE,660000,21120.0,1672,3.2
1988 - FL,12377000,631227.0,80857,5.1
1988 - GA,6401000,364857.0,23278,5.7
1988 - HI,1093000,34976.0,1492,3.2
1988 - IA,2834000,127530.0,5654,4.5
1988 - ID,999000,59940.0,1928,6.0
1988 - IL,11544000,773448.0,52020,6.7
1988 - IN,5575000,295475.0,14135,5.3
1988 - KS,2487000,111915.0,6083,4.5
1988 - KY,3721000,282796.0,8456,7.6
1988 - LA,4420000,477360.0,20259,10.8
1988 - MA,5871000,193743.0,23940,3.3
1988 - MD,4644000,199692.0,21302,4.3
1988 - ME,1206000,43416.0,1326,3.6
1988 - MI,9300000,697500.0,39085,7.5
1988 - MN,4306000,185158.0,6950,4.3
1988 - MO,5139000,292923.0,17837,5.7
1988 - MT,804000,53064.0,651,6.6
1988 - NC,6526000,234936.0,23325,3.6
1988 - ND,663000,31161.0,252,4.7
1988 - NE,1601000,57636.0,3033,3.6
1988 - NH,1097000,26328.0,1090,2.4
1988 - NJ,7720000,293360.0,23055,3.8
1988 - NM,1510000,113250.0,7628,7.5
1988 - NV,1060000,55120.0,4295,5.2
1988 - NY,17898000,769614.0,91239,4.3
1988 - OH,10872000,663192.0,26381,6.1
1988 - OK,3263000,208832.0,9279,6.4
1988 - OR,2741000,158978.0,8420,5.8
1988 - PA,12027000,613377.0,23275,5.1
1988 - RI,995000,30845.0,2457,3.1
1988 - SC,3493000,164171.0,19714,4.7
1988 - SD,715000,29315.0,512,4.1
1988 - TN,4919000,285302.0,15006,5.8
1988 - TX,16780000,1241720.0,60057,7.4
1988 - UT,1691000,84550.0,2749,5.0
1988 - VA,5996000,233844.0,9102,3.9
1988 - VT,556000,16680.0,563,3.0
1988 - WA,4619000,290997.0,11930,6.3
1988 - WI,4858000,213752.0,6047,4.4
1988 - WV,1884000,186516.0,1386,9.9
1988 - WY,471000,30615.0,1283,6.5
1989 - AK,527000,36890.0,1946,7.0
1989 - AL,4118000,288260.0,17117,7.0
1989 - AR,2406000,168420.0,7610,7.0
1989 - AZ,3556000,188468.0,14853,5.3
1989 - CA,29063000,1482213.0,172581,5.1
1989 - CO,3317000,189069.0,11304,5.7
1989 - CT,3239000,123082.0,8538,3.8
1989 - DC,604000,29596.0,5775,4.9
1989 - DE,673000,23555.0,2208,3.5
1989 - FL,12671000,709576.0,81683,5.6
1989 - GA,6436000,353980.0,25937,5.5
1989 - HI,1112000,27800.0,1530,2.5
1989 - IA,2840000,119280.0,5942,4.2
1989 - ID,1014000,53742.0,2168,5.3
1989 - IL,11658000,699480.0,54261,6.0
1989 - IN,5593000,268464.0,14907,4.8
1989 - KS,2513000,105546.0,6510,4.2
1989 - KY,3727000,238528.0,9256,6.4
1989 - LA,4382000,350560.0,21532,8.0
1989 - MA,5913000,242433.0,25797,4.1
1989 - MD,4694000,178372.0,22236,3.8
1989 - ME,1222000,48880.0,1115,4.0
1989 - MI,9273000,658383.0,37527,7.1
1989 - MN,4353000,187179.0,6947,4.3
1989 - MO,5159000,283745.0,20578,5.5
1989 - MT,806000,46748.0,630,5.8
1989 - NC,6571000,229985.0,24584,3.5
1989 - ND,660000,28380.0,274,4.3
1989 - NE,1611000,46719.0,3245,2.9
1989 - NH,1107000,38745.0,1238,3.5
1989 - NJ,7736000,317176.0,23129,4.1
1989 - NM,1528000,102376.0,8314,6.7
1989 - NV,1111000,52217.0,3410,4.7
1989 - NY,17950000,897500.0,91571,5.0
1989 - OH,10907000,610792.0,26950,5.6
1989 - OK,3224000,183768.0,10358,5.7
1989 - OR,2820000,152280.0,8895,5.4
1989 - PA,12040000,565880.0,23845,4.7
1989 - RI,998000,40918.0,2335,4.1
1989 - SC,3512000,161552.0,22050,4.6
1989 - SD,715000,28600.0,647,4.0
1989 - TN,4940000,251940.0,16505,5.1
1989 - TX,16991000,1138397.0,63996,6.7
1989 - UT,1707000,78522.0,2985,4.6
1989 - VA,6098000,237822.0,10445,3.9
1989 - VT,567000,19845.0,509,3.5
1989 - WA,4761000,280899.0,12641,5.9
1989 - WI,4867000,214148.0,6006,4.4
1989 - WV,1857000,159702.0,1463,8.6
1989 - WY,475000,29450.0,991,6.2
1990 - AK,550043,39603.0,2021,7.2
1990 - AL,4040587,274760.0,21039,6.8
1990 - AR,2350725,162200.0,8590,6.9
1990 - AZ,3665228,194257.0,16230,5.3
1990 - CA,29760021,1726081.0,182602,5.8
1990 - CO,3294394,171308.0,12684,5.2
1990 - CT,3287116,167643.0,9400,5.1
1990 - DC,606900,38235.0,6779,6.3
1990 - DE,666168,31310.0,2647,4.7
1990 - FL,12937926,789213.0,98902,6.1
1990 - GA,6478216,356302.0,27690,5.5
1990 - HI,1108229,29922.0,1696,2.7
1990 - IA,2776755,122177.0,6668,4.4
1990 - ID,1006749,55371.0,2323,5.5
1990 - IL,11430602,697267.0,59850,6.1
1990 - IN,5544159,293840.0,18209,5.3
1990 - KS,2477574,106536.0,7079,4.3
1990 - KY,3685296,221118.0,10509,6.0
1990 - LA,4219973,261638.0,24022,6.2
1990 - MA,6016425,379035.0,28965,6.3
1990 - MD,4781468,215166.0,23809,4.5
1990 - ME,1227928,65080.0,1179,5.3
1990 - MI,9295297,706443.0,43536,7.6
1990 - MN,4375099,210005.0,7731,4.8
1990 - MO,5117073,296790.0,23417,5.8
1990 - MT,799065,47944.0,866,6.0
1990 - NC,6628637,271774.0,28267,4.1
1990 - ND,638800,25552.0,303,4.0
1990 - NE,1578385,37881.0,3886,2.4
1990 - NH,1109252,63227.0,750,5.7
1990 - NJ,7730188,394240.0,24049,5.1
1990 - NM,1515069,99995.0,9185,6.6
1990 - NV,1201833,56486.0,3494,4.7
1990 - NY,17990455,953494.0,92105,5.3
1990 - OH,10847115,607438.0,28715,5.6
1990 - OK,3145585,179298.0,11654,5.7
1990 - OR,2842321,156328.0,8863,5.5
1990 - PA,11881643,653490.0,26414,5.5
1990 - RI,1003464,64222.0,2814,6.4
1990 - SC,3486703,167362.0,26474,4.8
1990 - SD,696004,26448.0,794,3.8
1990 - TN,4877185,258491.0,20447,5.3
1990 - TX,16986510,1070150.0,73907,6.3
1990 - UT,1722850,75805.0,3209,4.4
1990 - VA,6187358,278431.0,11608,4.5
1990 - VT,562758,28138.0,491,5.0
1990 - WA,4866692,253068.0,14731,5.2
1990 - WI,4891769,215238.0,6196,4.4
1990 - WV,1793477,152446.0,1831,8.5
1990 - WY,453588,24040.0,1139,5.3
1991 - AK,570000,48450.0,2289,8.5
1991 - AL,4089000,298497.0,26348,7.3
1991 - AR,2372000,175528.0,9533,7.4
1991 - AZ,3750000,221250.0,17056,5.9
1991 - CA,30380000,2339260.0,189428,7.7
1991 - CO,3377000,175604.0,13472,5.2
1991 - CT,3291000,213915.0,9230,6.5
1991 - DC,598000,46644.0,6706,7.8
1991 - DE,680000,42160.0,2772,6.2
1991 - FL,13277000,995775.0,96047,7.5
1991 - GA,6623000,344396.0,27483,5.2
1991 - HI,1135000,32915.0,1338,2.9
1991 - IA,2795000,131365.0,6580,4.7
1991 - ID,1039000,64418.0,2482,6.2
1991 - IL,11543000,831096.0,61387,7.2
1991 - IN,5610000,336600.0,19102,6.0
1991 - KS,2495000,109780.0,7741,4.4
1991 - KY,3713000,271049.0,11610,7.3
1991 - LA,4252000,310396.0,26120,7.3
1991 - MA,5996000,515656.0,30294,8.6
1991 - MD,4860000,296460.0,23888,6.1
1991 - ME,1235000,92625.0,1066,7.5
1991 - MI,9368000,861856.0,44061,9.2
1991 - MN,4432000,230464.0,7768,5.2
1991 - MO,5158000,340428.0,24107,6.6
1991 - MT,808000,55752.0,799,6.9
1991 - NC,6737000,390746.0,29265,5.8
1991 - ND,635000,27940.0,241,4.4
1991 - NE,1593000,43011.0,3970,2.7
1991 - NH,1105000,80665.0,583,7.3
1991 - NJ,7760000,519920.0,23848,6.7
1991 - NM,1548000,109908.0,10086,7.1
1991 - NV,1284000,74472.0,3681,5.8
1991 - NY,18058000,1300176.0,90186,7.2
1991 - OH,10939000,711035.0,31393,6.5
1991 - OK,3175000,200025.0,12594,6.3
1991 - OR,2922000,187008.0,8714,6.4
1991 - PA,11961000,849231.0,26440,7.1
1991 - RI,1004000,86344.0,3057,8.6
1991 - SC,3560000,217160.0,26029,6.1
1991 - SD,703000,24605.0,858,3.5
1991 - TN,4953000,331851.0,22566,6.7
1991 - TX,17349000,1197081.0,84125,6.9
1991 - UT,1770000,83190.0,3241,4.7
1991 - VA,6286000,370874.0,12346,5.9
1991 - VT,567000,37422.0,410,6.6
1991 - WA,5018000,316134.0,15181,6.3
1991 - WI,4955000,272525.0,6330,5.5
1991 - WV,1801000,192707.0,2135,10.7
1991 - WY,460000,23920.0,1214,5.2
1992 - AK,587000,52243.0,2614,8.9
1992 - AL,4136000,314336.0,27074,7.6
1992 - AR,2399000,170329.0,9571,7.1
1992 - AZ,3832000,287400.0,17880,7.5
1992 - CA,30867000,2870631.0,198045,9.3
1992 - CO,3470000,208200.0,14049,6.0
1992 - CT,3281000,246075.0,8284,7.5
1992 - DC,589000,50654.0,8568,8.6
1992 - DE,689000,37206.0,2615,5.4
1992 - FL,13488000,1106016.0,104827,8.2
1992 - GA,6751000,465819.0,28835,6.9
1992 - HI,1160000,49880.0,1365,4.3
1992 - IA,2812000,126540.0,6131,4.5
1992 - ID,1067000,68288.0,2398,6.4
1992 - IL,11631000,918849.0,60057,7.9
1992 - IN,5662000,368030.0,19008,6.5
1992 - KS,2523000,113535.0,8418,4.5
1992 - KY,3755000,259095.0,15409,6.9
1992 - LA,4287000,342960.0,28013,8.0
1992 - MA,5998000,509830.0,33288,8.5
1992 - MD,4908000,333744.0,25157,6.8
1992 - ME,1235000,90155.0,1013,7.3
1992 - MI,9437000,849330.0,43282,9.0
1992 - MN,4480000,228480.0,8248,5.1
1992 - MO,5193000,321966.0,24223,6.2
1992 - MT,824000,55208.0,944,6.7
1992 - NC,6843000,417423.0,30638,6.1
1992 - ND,636000,30528.0,320,4.8
1992 - NE,1606000,46574.0,4115,2.9
1992 - NH,1111000,81103.0,588,7.3
1992 - NJ,7789000,654276.0,23740,8.4
1992 - NM,1581000,113832.0,11448,7.2
1992 - NV,1327000,88909.0,3872,6.7
1992 - NY,18119000,1558234.0,87608,8.6
1992 - OH,11016000,815184.0,29547,7.4
1992 - OK,3212000,192720.0,13863,6.0
1992 - OR,2977000,220298.0,8963,7.4
1992 - PA,12009000,912684.0,25505,7.6
1992 - RI,1005000,89445.0,2668,8.9
1992 - SC,3603000,241401.0,25436,6.7
1992 - SD,711000,23463.0,891,3.3
1992 - TN,5024000,326560.0,23626,6.5
1992 - TX,17656000,1341856.0,86105,7.6
1992 - UT,1813000,88837.0,3376,4.9
1992 - VA,6377000,401751.0,12548,6.3
1992 - VT,570000,34770.0,419,6.1
1992 - WA,5136000,374928.0,16321,7.3
1992 - WI,5007000,255357.0,6276,5.1
1992 - WV,1812000,204756.0,2537,11.3
1992 - WY,466000,26096.0,1225,5.6
1993 - AK,599000,46123.0,3268,7.7
1993 - AL,4187000,305651.0,24044,7.3
1993 - AR,2424000,150288.0,10079,6.2
1993 - AZ,3936000,251904.0,19903,6.4
1993 - CA,31211000,2965045.0,194083,9.5
1993 - CO,3566000,188998.0,14230,5.3
1993 - CT,3277000,216282.0,7496,6.6
1993 - DC,578000,49130.0,9003,8.5
1993 - DE,700000,35000.0,2920,5.0
1993 - FL,13679000,971209.0,107479,7.1
1993 - GA,6917000,415020.0,29628,6.0
1993 - HI,1172000,52740.0,1408,4.5
1993 - IA,2814000,115374.0,6890,4.1
1993 - ID,1099000,65940.0,2491,6.0
1993 - IL,11697000,865578.0,62298,7.4
1993 - IN,5713000,308502.0,18432,5.4
1993 - KS,2531000,126550.0,8259,5.0
1993 - KY,3789000,234918.0,12555,6.2
1993 - LA,4295000,326420.0,30727,7.6
1993 - MA,6012000,420840.0,35591,7.0
1993 - MD,4965000,307830.0,25141,6.2
1993 - ME,1239000,90447.0,945,7.3
1993 - MI,9478000,682416.0,44747,7.2
1993 - MN,4517000,225850.0,7943,5.0
1993 - MO,5234000,324508.0,23825,6.2
1993 - MT,839000,51179.0,958,6.1
1993 - NC,6945000,347250.0,30650,5.0
1993 - ND,635000,27305.0,309,4.3
1993 - NE,1607000,44996.0,4558,2.8
1993 - NH,1125000,69750.0,721,6.2
1993 - NJ,7879000,598804.0,23438,7.6
1993 - NM,1616000,113120.0,11815,7.0
1993 - NV,1389000,95841.0,6443,6.9
1993 - NY,18197000,1437563.0,85802,7.9
1993 - OH,11091000,732006.0,28431,6.6
1993 - OK,3231000,190629.0,14712,5.9
1993 - OR,3032000,212240.0,9630,7.0
1993 - PA,12048000,843360.0,24714,7.0
1993 - RI,1000000,77000.0,2681,7.7
1993 - SC,3643000,265939.0,28174,7.3
1993 - SD,715000,24310.0,1041,3.4
1993 - TN,5099000,295742.0,24758,5.8
1993 - TX,18031000,1298232.0,84881,7.2
1993 - UT,1860000,76260.0,3622,4.1
1993 - VA,6491000,337532.0,12322,5.2
1993 - VT,576000,29952.0,356,5.2
1993 - WA,5255000,383615.0,16181,7.3
1993 - WI,5038000,241824.0,6116,4.8
1993 - WV,1820000,192920.0,2520,10.6
1993 - WY,470000,25380.0,1087,5.4
1994 - AK,606000,46056.0,3302,7.6
1994 - AL,4219000,261578.0,19633,6.2
1994 - AR,2453000,132462.0,10118,5.4
1994 - AZ,4075000,252650.0,20161,6.2
1994 - CA,31431000,2703066.0,191548,8.6
1994 - CO,3656000,157208.0,12944,4.3
1994 - CT,3275000,183400.0,7745,5.6
1994 - DC,570000,45600.0,8218,8.0
1994 - DE,706000,33888.0,2829,4.8
1994 - FL,13953000,906945.0,105679,6.5
1994 - GA,7055000,366860.0,28249,5.2
1994 - HI,1179000,64845.0,1461,5.5
1994 - IA,2829000,99015.0,6874,3.5
1994 - ID,1133000,61182.0,2673,5.4
1994 - IL,11752000,681616.0,63849,5.8
1994 - IN,5752000,281848.0,20216,4.9
1994 - KS,2554000,125146.0,7149,4.9
1994 - KY,3827000,206658.0,11802,5.4
1994 - LA,4315000,340885.0,28060,7.9
1994 - MA,6041000,368501.0,30550,6.1
1994 - MD,5006000,265318.0,24696,5.3
1994 - ME,1240000,86800.0,987,7.0
1994 - MI,9496000,569760.0,43371,6.0
1994 - MN,4567000,187247.0,8155,4.1
1994 - MO,5278000,269178.0,24553,5.1
1994 - MT,856000,45368.0,975,5.3
1994 - NC,7070000,311080.0,30391,4.4
1994 - ND,638000,23606.0,301,3.7
1994 - NE,1623000,43821.0,4548,2.7
1994 - NH,1137000,53439.0,597,4.7
1994 - NJ,7904000,537472.0,23414,6.8
1994 - NM,1654000,107510.0,11336,6.5
1994 - NV,1457000,90334.0,8292,6.2
1994 - NY,18169000,1271830.0,82100,7.0
1994 - OH,11102000,621712.0,27216,5.6
1994 - OK,3258000,182448.0,15209,5.6
1994 - OR,3086000,166644.0,10320,5.4
1994 - PA,12052000,759276.0,25071,6.3
1994 - RI,997000,68793.0,2560,6.9
1994 - SC,3664000,227168.0,28595,6.2
1994 - SD,721000,23793.0,1193,3.3
1994 - TN,5175000,253575.0,24943,4.9
1994 - TX,18378000,1194570.0,81071,6.5
1994 - UT,1908000,72504.0,3735,3.8
1994 - VA,6552000,321048.0,12294,4.9
1994 - VT,580000,26680.0,325,4.6
1994 - WA,5343000,352638.0,16329,6.6
1994 - WI,5082000,228690.0,6590,4.5
1994 - WV,1822000,160336.0,2690,8.8
1994 - WY,476000,23800.0,1042,5.0
1995 - AK,604000,44092.0,3179,7.3
1995 - AL,4253000,255180.0,17169,6.0
1995 - AR,2484000,119232.0,9435,4.8
1995 - AZ,4218000,227772.0,20909,5.4
1995 - CA,31589000,2495531.0,186458,7.9
1995 - CO,3747000,149880.0,11194,4.0
1995 - CT,3275000,180125.0,7022,5.5
1995 - DC,554000,48752.0,7228,8.8
1995 - DE,717000,30831.0,3173,4.3
1995 - FL,14166000,779130.0,101302,5.5
1995 - GA,7201000,345648.0,29318,4.8
1995 - HI,1187000,70033.0,1564,5.9
1995 - IA,2842000,99470.0,7894,3.5
1995 - ID,1163000,62802.0,3088,5.4
1995 - IL,11830000,615160.0,73163,5.2
1995 - IN,5803000,266938.0,20211,4.6
1995 - KS,2565000,112860.0,6920,4.4
1995 - KY,3860000,208440.0,8571,5.4
1995 - LA,4342000,303940.0,29484,7.0
1995 - MA,6074000,321922.0,30626,5.3
1995 - MD,5042000,252100.0,25697,5.0
1995 - ME,1241000,74460.0,1007,6.0
1995 - MI,9549000,506097.0,41070,5.3
1995 - MN,4610000,175180.0,7939,3.8
1995 - MO,5324000,250228.0,22296,4.7
1995 - MS,2697000,167214.0,8628,6.2
1995 - MT,870000,49590.0,972,5.7
1995 - NC,7195000,309385.0,30615,4.3
1995 - ND,641000,20512.0,340,3.2
1995 - NE,1637000,44199.0,4821,2.7
1995 - NH,1148000,45920.0,646,4.0
1995 - NJ,7945000,508480.0,22830,6.4
1995 - NM,1685000,111210.0,10098,6.6
1995 - NV,1530000,85680.0,8395,5.6
1995 - NY,18136000,1142568.0,74351,6.3
1995 - OH,11151000,535248.0,28433,4.8
1995 - OK,3278000,150788.0,16121,4.6
1995 - OR,3141000,153909.0,10638,4.9
1995 - PA,12072000,712248.0,24927,5.9
1995 - RI,990000,62370.0,2429,6.3
1995 - SC,3673000,190996.0,27577,5.2
1995 - SD,729000,22599.0,1012,3.1
1995 - TN,5256000,273312.0,25783,5.2
1995 - TX,18724000,1142164.0,80380,6.1
1995 - UT,1951000,68285.0,4196,3.5
1995 - VA,6618000,297810.0,12901,4.5
1995 - VT,585000,25155.0,450,4.3
1995 - WA,5431000,347584.0,15602,6.4
1995 - WI,5123000,194674.0,7602,3.8
1995 - WV,1828000,144412.0,2584,7.9
1995 - WY,480000,23040.0,959,4.8
1996 - AK,607000,46132.0,3264,7.6
1996 - AL,4273000,222196.0,15194,5.2
1996 - AR,2510000,133030.0,9032,5.3
1996 - AZ,4428000,247968.0,18776,5.6
1996 - CA,31878000,2327094.0,167614,7.3
1996 - CO,3823000,160566.0,9763,4.2
1996 - CT,3274000,180070.0,7025,5.5
1996 - DC,543000,45612.0,6310,8.4
1996 - DE,725000,36975.0,3056,5.1
1996 - FL,14400000,734400.0,101122,5.1
1996 - GA,7353000,345591.0,28879,4.7
1996 - HI,1184000,74592.0,1350,6.3
1996 - IA,2852000,99820.0,5871,3.5
1996 - ID,1189000,63017.0,2580,5.3
1996 - IL,11847000,627891.0,66649,5.3
1996 - IN,5841000,239481.0,21705,4.1
1996 - KS,2572000,110596.0,6900,4.3
1996 - KY,3884000,213620.0,7347,5.5
1996 - LA,4351000,287166.0,25823,6.6
1996 - MA,6092000,268048.0,29420,4.4
1996 - MD,5072000,258672.0,24793,5.1
1996 - ME,1243000,64636.0,976,5.2
1996 - MI,9594000,470106.0,37856,4.9
1996 - MN,4658000,186320.0,7903,4.0
1996 - MO,5359000,257232.0,20528,4.8
1996 - MS,2716000,162960.0,8333,6.0
1996 - MT,879000,46587.0,882,5.3
1996 - NC,7323000,314889.0,28159,4.3
1996 - ND,644000,18676.0,301,2.9
1996 - NE,1652000,44604.0,5635,2.7
1996 - NH,1162000,44156.0,632,3.8
1996 - NJ,7988000,495256.0,21307,6.2
1996 - NM,1713000,123336.0,10332,7.2
1996 - NV,1603000,80150.0,6998,5.0
1996 - NY,18185000,1127470.0,64857,6.2
1996 - OH,11173000,558650.0,24405,5.0
1996 - OK,3301000,135341.0,14423,4.1
1996 - OR,3204000,182628.0,9522,5.7
1996 - PA,12056000,663080.0,31401,5.5
1996 - RI,990000,54450.0,2301,5.5
1996 - SC,3699000,214542.0,28361,5.8
1996 - SD,732000,23424.0,850,3.2
1996 - TN,5320000,276640.0,26295,5.2
1996 - TX,19128000,1090296.0,80613,5.7
1996 - UT,2000000,68000.0,4362,3.4
1996 - VA,6675000,300375.0,12318,4.5
1996 - VT,589000,25327.0,453,4.3
1996 - WA,5533000,337513.0,14187,6.1
1996 - WI,5160000,185760.0,6767,3.6
1996 - WV,1826000,136950.0,2672,7.5
1996 - WY,481000,23569.0,947,4.9
1997 - AK,609000,43848.0,3165,7.2
1997 - AL,4319000,215950.0,15626,5.0
1997 - AR,2523000,131196.0,9131,5.2
1997 - AZ,4555000,209530.0,18997,4.6
1997 - CA,32268000,2065152.0,163346,6.4
1997 - CO,3893000,136255.0,9063,3.5
1997 - CT,3270000,163500.0,6918,5.0
1997 - DC,529000,42320.0,5688,8.0
1997 - DE,732000,29280.0,3520,4.0
1997 - FL,14654000,703392.0,100926,4.8
1997 - GA,7486000,344356.0,27044,4.6
1997 - HI,1187000,73594.0,1478,6.2
1997 - IA,2852000,88412.0,6617,3.1
1997 - ID,1210000,62920.0,2481,5.2
1997 - IL,11896000,571008.0,63842,4.8
1997 - IN,5864000,205240.0,20058,3.5
1997 - KS,2595000,98610.0,7287,3.8
1997 - KY,3908000,207124.0,7308,5.3
1997 - LA,4352000,261120.0,24360,6.0
1997 - MA,6118000,238602.0,30969,3.9
1997 - MD,5094000,254700.0,23654,5.0
1997 - ME,1242000,63342.0,964,5.1
1997 - MI,9774000,420282.0,36900,4.3
1997 - MN,4686000,154638.0,7879,3.3
1997 - MO,5402000,232286.0,20811,4.3
1997 - MS,2731000,155667.0,7644,5.7
1997 - MT,879000,46587.0,769,5.3
1997 - NC,7425000,282150.0,29292,3.8
1997 - ND,641000,17307.0,353,2.7
1997 - NE,1657000,41425.0,5712,2.5
1997 - NH,1173000,38709.0,643,3.3
1997 - NJ,8053000,426809.0,20650,5.3
1997 - NM,1730000,108990.0,10790,6.3
1997 - NV,1677000,73788.0,7132,4.4
1997 - NY,18137000,1160768.0,63628,6.4
1997 - OH,11186000,514556.0,25862,4.6
1997 - OK,3317000,135997.0,13368,4.1
1997 - OR,3243000,184851.0,9200,5.7
1997 - PA,12020000,613020.0,30358,5.1
1997 - RI,987000,51324.0,2197,5.2
1997 - SC,3760000,172960.0,28460,4.6
1997 - SD,738000,21402.0,918,2.9
1997 - TN,5368000,284504.0,27335,5.3
1997 - TX,19439000,1030267.0,77266,5.3
1997 - UT,2059000,65888.0,4443,3.2
1997 - VA,6734000,255892.0,12558,3.8
1997 - VT,589000,22971.0,461,3.9
1997 - WA,5610000,274890.0,14864,4.9
1997 - WI,5170000,186120.0,7521,3.6
1997 - WV,1816000,125304.0,2759,6.9
1997 - WY,480000,23040.0,986,4.8
1998 - AK,614000,39296.0,3021,6.4
1998 - AL,4352000,191488.0,14791,4.4
1998 - AR,2538000,131976.0,8906,5.2
1998 - AZ,4669000,200767.0,17442,4.3
1998 - CA,32667000,1927353.0,149148,5.9
1998 - CO,3971000,142956.0,9704,3.6
1998 - CT,3274000,111316.0,6751,3.4
1998 - DC,523000,43932.0,4932,8.4
1998 - DE,744000,27528.0,3707,3.7
1998 - FL,14916000,641388.0,95447,4.3
1998 - GA,7642000,328606.0,26514,4.3
1998 - HI,1193000,72773.0,1345,6.1
1998 - IA,2862000,80136.0,6678,2.8
1998 - ID,1229000,62679.0,2782,5.1
1998 - IL,12045000,529980.0,62261,4.4
1998 - IN,5899000,182869.0,16456,3.1
1998 - KS,2629000,92015.0,7384,3.5
1998 - KY,3936000,181056.0,8097,4.6
1998 - LA,4369000,249033.0,23237,5.7
1998 - MA,6147000,202851.0,30443,3.3
1998 - MD,5135000,225940.0,23337,4.4
1998 - ME,1244000,55980.0,1052,4.5
1998 - MI,9817000,382863.0,39987,3.9
1998 - MN,4725000,127575.0,7806,2.7
1998 - MO,5439000,228438.0,20244,4.2
1998 - MS,2752000,145856.0,6567,5.3
1998 - MT,880000,48400.0,1312,5.5
1998 - NC,7546000,264110.0,28667,3.5
1998 - ND,638000,18502.0,286,2.9
1998 - NE,1663000,43238.0,5749,2.6
1998 - NH,1185000,33180.0,597,2.8
1998 - NJ,8115000,373290.0,18663,4.6
1998 - NM,1737000,105957.0,12714,6.1
1998 - NV,1747000,73374.0,5710,4.2
1998 - NY,18175000,1017800.0,62023,5.6
1998 - OH,11209000,481987.0,20682,4.3
1998 - OK,3347000,143921.0,13258,4.3
1998 - OR,3282000,190356.0,8893,5.8
1998 - PA,12001000,552046.0,26827,4.6
1998 - RI,988000,45448.0,2050,4.6
1998 - SC,3836000,145768.0,26645,3.8
1998 - SD,738000,20664.0,722,2.8
1998 - TN,5431000,233533.0,26220,4.3
1998 - TX,19760000,968240.0,73630,4.9
1998 - UT,2100000,77700.0,4274,3.7
1998 - VA,6791000,196939.0,12712,2.9
1998 - VT,591000,20094.0,396,3.4
1998 - WA,5689000,273072.0,14839,4.8
1998 - WI,5224000,177616.0,7308,3.4
1998 - WV,1811000,119526.0,3410,6.6
1998 - WY,481000,22607.0,957,4.7
1999 - AK,619500,40268.0,2773,6.5
1999 - AL,4369862,205384.0,14266,4.7
1999 - AR,2551373,117363.0,7971,4.6
1999 - AZ,4778332,210247.0,17279,4.4
1999 - CA,33145121,1723546.0,136472,5.2
1999 - CO,4056133,125740.0,8891,3.1
1999 - CT,3282031,95179.0,6527,2.9
1999 - DC,519000,33216.0,4615,6.4
1999 - DE,753538,25620.0,3489,3.4
1999 - FL,15111244,589339.0,89226,3.9
1999 - GA,7788240,303741.0,25721,3.9
1999 - HI,1185497,64017.0,1343,5.4
1999 - IA,2869413,74605.0,6160,2.6
1999 - ID,1251700,61333.0,2401,4.9
1999 - IL,12128370,533648.0,52020,4.4
1999 - IN,5942901,178287.0,13767,3.0
1999 - KS,2654052,87584.0,6887,3.3
1999 - KY,3960825,178237.0,7757,4.5
1999 - LA,4372035,222974.0,22526,5.1
1999 - MA,6175169,197605.0,26307,3.2
1999 - MD,5171634,186179.0,22795,3.6
1999 - ME,1253040,50122.0,897,4.0
1999 - MI,9863775,364960.0,37062,3.7
1999 - MN,4775508,133714.0,6996,2.8
1999 - MO,5468338,180455.0,18406,3.3
1999 - MS,2768619,141200.0,5211,5.1
1999 - MT,882779,46787.0,1536,5.3
1999 - NC,7650789,244825.0,26680,3.2
1999 - ND,633666,20911.0,216,3.3
1999 - NE,1666028,46649.0,5429,2.8
1999 - NH,1201134,32431.0,539,2.7
1999 - NJ,8143412,366454.0,17601,4.5
1999 - NM,1739844,97431.0,10827,5.6
1999 - NV,1809253,72370.0,4994,4.0
1999 - NY,18196601,946223.0,58860,5.2
1999 - OH,11256654,484036.0,16685,4.3
1999 - OK,3358044,117532.0,12675,3.5
1999 - OR,3316154,182388.0,8267,5.5
1999 - PA,11994016,527737.0,27890,4.4
1999 - RI,990819,41614.0,1625,4.2
1999 - SC,3885736,167087.0,25315,4.3
1999 - SD,733133,19795.0,770,2.7
1999 - TN,5483535,219341.0,26707,4.0
1999 - TX,20044141,942075.0,74070,4.7
1999 - UT,2129836,74544.0,3861,3.5
1999 - VA,6872912,192442.0,12567,2.8
1999 - VT,593740,17812.0,458,3.0
1999 - WA,5756361,282062.0,13026,4.9
1999 - WI,5250446,162764.0,7225,3.1
1999 - WV,1806928,117450.0,5259,6.5
1999 - WY,479602,22062.0,893,4.6
2000 - AK,626932,40124.0,2540,6.4
2000 - AL,4447100,204567.0,14107,4.6
2000 - AR,2673400,114956.0,8887,4.3
2000 - AZ,5130632,205225.0,17841,4.0
2000 - CA,33871648,1659711.0,138418,4.9
2000 - CO,4301261,120435.0,9425,2.8
2000 - CT,3405565,81734.0,6450,2.4
2000 - DC,572059,32035.0,4582,5.6
2000 - DE,783600,28993.0,3520,3.7
2000 - FL,15982378,591348.0,90008,3.7
2000 - GA,8186453,294712.0,25450,3.6
2000 - HI,1211537,52096.0,1450,4.3
2000 - IA,2926324,76084.0,6003,2.6
2000 - ID,1293953,60816.0,2644,4.7
2000 - IL,12419293,534030.0,50731,4.3
2000 - IN,6080485,188495.0,12837,3.1
2000 - KS,2688418,96783.0,7231,3.6
2000 - KY,4041769,169754.0,7363,4.2
2000 - LA,4468976,236856.0,20851,5.3
2000 - MA,6349097,171426.0,22594,2.7
2000 - MD,5296486,190673.0,26130,3.6
2000 - ME,1274923,43347.0,815,3.4
2000 - MI,9938444,357784.0,35753,3.6
2000 - MN,4919479,157423.0,7709,3.2
2000 - MO,5595211,201428.0,18123,3.6
2000 - MS,2844658,153612.0,6290,5.4
2000 - MT,902195,45110.0,2276,5.0
2000 - NC,8049313,297825.0,24715,3.7
2000 - ND,642200,19266.0,294,3.0
2000 - NE,1711263,47915.0,3960,2.8
2000 - NH,1235786,33366.0,1170,2.7
2000 - NJ,8414350,311331.0,17099,3.7
2000 - NM,1819046,89133.0,10230,4.9
2000 - NV,1998257,83927.0,4942,4.2
2000 - NY,18976457,872917.0,60090,4.6
2000 - OH,11353140,454126.0,17636,4.0
2000 - OK,3450654,103520.0,12958,3.0
2000 - OR,3421399,174491.0,7756,5.1
2000 - PA,12281054,503523.0,29580,4.1
2000 - RI,1048319,42981.0,1742,4.1
2000 - SC,4012012,152456.0,25054,3.8
2000 - SD,754844,18871.0,816,2.5
2000 - TN,5689283,221882.0,28172,3.9
2000 - TX,20851820,896628.0,74302,4.3
2000 - UT,2233169,73695.0,3563,3.3
2000 - VA,7078515,162806.0,11631,2.3
2000 - VT,608827,17047.0,425,2.8
2000 - WA,5894121,306494.0,13043,5.2
2000 - WI,5363675,187729.0,6829,3.5
2000 - WV,1808344,99459.0,4597,5.5
2000 - WY,493782,19257.0,1074,3.9
2001 - AK,633630,40552.0,2681,6.4
2001 - AL,4468912,227915.0,12250,5.1
2001 - AR,2694698,134735.0,8969,5.0
2001 - AZ,5306966,254734.0,17889,4.8
2001 - CA,34600463,1868425.0,136087,5.4
2001 - CO,4430989,168378.0,9849,3.8
2001 - CT,3434602,106473.0,6565,3.1
2001 - DC,573822,36151.0,5003,6.3
2001 - DE,796599,27881.0,3269,3.5
2001 - FL,16373330,753173.0,90331,4.6
2001 - GA,8405677,344633.0,24491,4.1
2001 - HI,1227024,55216.0,1534,4.5
2001 - IA,2931967,96755.0,6012,3.3
2001 - ID,1320585,67350.0,2511,5.1
2001 - IL,12520227,663572.0,49347,5.3
2001 - IN,6126743,263450.0,13434,4.3
2001 - KS,2702125,113489.0,7449,4.2
2001 - KY,4068816,211578.0,6009,5.2
2001 - LA,4470368,254811.0,20910,5.7
2001 - MA,6401164,236843.0,22110,3.7
2001 - MD,5386079,215443.0,26668,4.0
2001 - ME,1284470,48810.0,826,3.8
2001 - MI,10006266,520326.0,36551,5.2
2001 - MN,4984535,189412.0,7032,3.8
2001 - MO,5637309,259316.0,20946,4.6
2001 - MS,2859733,157285.0,5283,5.5
2001 - MT,905382,41648.0,2735,4.6
2001 - NC,8206105,451336.0,24573,5.5
2001 - ND,636550,18460.0,274,2.9
2001 - NE,1720039,53321.0,3612,3.1
2001 - NH,1259359,42818.0,1224,3.4
2001 - NJ,8511116,365978.0,17370,4.3
2001 - NM,1830935,89716.0,10644,4.9
2001 - NV,2097722,109082.0,6364,5.2
2001 - NY,19084350,916049.0,56961,4.8
2001 - OH,11389785,489761.0,17906,4.3
2001 - OK,3469577,128374.0,13309,3.7
2001 - OR,3473441,222300.0,6643,6.4
2001 - PA,12303104,590549.0,28814,4.8
2001 - RI,1059659,48744.0,1837,4.6
2001 - SC,4062125,211230.0,25028,5.2
2001 - SD,758324,23508.0,710,3.1
2001 - TN,5749398,264472.0,29938,4.6
2001 - TX,21370983,1047178.0,77306,4.9
2001 - UT,2278712,100263.0,3154,4.4
2001 - VA,7196750,230296.0,11945,3.2
2001 - VT,612978,20228.0,423,3.3
2001 - WA,5993390,377584.0,12545,6.3
2001 - WI,5405947,243268.0,6708,4.5
2001 - WV,1800975,90049.0,3968,5.0
2001 - WY,493754,18763.0,1026,3.8
2002 - AK,641482,46828.0,2594,7.3
2002 - AL,4478896,264255.0,12002,5.9
2002 - AR,2706268,148845.0,8081,5.5
2002 - AZ,5441125,331909.0,20176,6.1
2002 - CA,35001986,2345133.0,130827,6.7
2002 - CO,4501051,247558.0,10058,5.5
2002 - CT,3458587,148719.0,5914,4.3
2002 - DC,569157,36426.0,4962,6.4
2002 - DE,805945,32238.0,3298,4.0
2002 - FL,16691701,934735.0,88476,5.6
2002 - GA,8544005,427200.0,23125,5.0
2002 - HI,1240663,52108.0,1656,4.2
2002 - IA,2935840,117434.0,6378,4.0
2002 - ID,1343124,75215.0,2646,5.6
2002 - IL,12586447,818119.0,45114,6.5
2002 - IN,6156913,320159.0,13184,5.2
2002 - KS,2711769,135588.0,6951,5.0
2002 - KY,4089822,233120.0,6692,5.7
2002 - LA,4476192,277524.0,20445,6.2
2002 - MA,6421800,340355.0,22018,5.3
2002 - MD,5450525,239823.0,26715,4.4
2002 - ME,1294894,56975.0,735,4.4
2002 - MI,10043221,632723.0,36417,6.3
2002 - MN,5024791,226116.0,7106,4.5
2002 - MO,5669544,306155.0,21737,5.4
2002 - MS,2866733,189204.0,5111,6.6
2002 - MT,910372,40056.0,2661,4.4
2002 - NC,8305820,556490.0,24169,6.7
2002 - ND,633911,23455.0,270,3.7
2002 - NE,1727564,63920.0,3557,3.7
2002 - NH,1274405,57348.0,1185,4.5
2002 - NJ,8575252,497365.0,16593,5.8
2002 - NM,1852044,101862.0,10334,5.5
2002 - NV,2167455,121377.0,7629,5.6
2002 - NY,19134293,1186326.0,53583,6.2
2002 - OH,11408699,650296.0,16922,5.7
2002 - OK,3489700,160526.0,12885,4.6
2002 - OR,3520355,264027.0,6246,7.5
2002 - PA,12328827,690414.0,28060,5.6
2002 - RI,1068326,53416.0,1699,5.0
2002 - SC,4103770,238019.0,25730,5.8
2002 - SD,760437,24334.0,861,3.2
2002 - TN,5789796,301069.0,29439,5.2
2002 - TX,21736925,1369426.0,78628,6.3
2002 - UT,2318789,134490.0,3358,5.8
2002 - VA,7287829,306089.0,12068,4.2
2002 - VT,616408,24656.0,442,4.0
2002 - WA,6067060,448962.0,12249,7.4
2002 - WI,5439692,293743.0,6134,5.4
2002 - WV,1804884,106488.0,3179,5.9
2002 - WY,498830,19953.0,1108,4.0
2003 - AK,648280,50566.0,2787,7.8
2003 - AL,4503726,270224.0,11338,6.0
2003 - AR,2727774,160939.0,9131,5.9
2003 - AZ,5579222,318016.0,18722,5.7
2003 - CA,35462712,2411464.0,129380,6.8
2003 - CO,4547633,272858.0,9921,6.0
2003 - CT,3486960,188296.0,6023,5.4
2003 - DC,557620,37918.0,4597,6.8
2003 - DE,818166,35181.0,3693,4.3
2003 - FL,16999181,883957.0,85106,5.2
2003 - GA,8676460,416470.0,22501,4.8
2003 - HI,1248755,51199.0,1843,4.1
2003 - IA,2941976,132389.0,6198,4.5
2003 - ID,1367034,76554.0,2556,5.6
2003 - IL,12649087,860138.0,41506,6.8
2003 - IN,6199571,328577.0,13383,5.3
2003 - KS,2724786,149863.0,7374,5.5
2003 - KY,4118189,251210.0,5703,6.1
2003 - LA,4493665,287595.0,19429,6.4
2003 - MA,6420357,365960.0,20378,5.7
2003 - MD,5512310,242542.0,23593,4.4
2003 - ME,1309205,65460.0,763,5.0
2003 - MI,10082364,725930.0,34214,7.2
2003 - MN,5064172,248144.0,7191,4.9
2003 - MO,5719204,320275.0,19692,5.6
2003 - MS,2882594,181603.0,4974,6.3
2003 - MT,918157,43153.0,2777,4.7
2003 - NC,8421190,538956.0,23369,6.4
2003 - ND,633400,23436.0,286,3.7
2003 - NE,1737475,67762.0,3380,3.9
2003 - NH,1288705,55414.0,1002,4.3
2003 - NJ,8642412,501260.0,16452,5.8
2003 - NM,1878562,110835.0,9542,5.9
2003 - NV,2242207,114353.0,7520,5.1
2003 - NY,19212425,1229595.0,48987,6.4
2003 - OH,11437680,709136.0,16104,6.2
2003 - OK,3506469,192856.0,12827,5.5
2003 - OR,3564330,288711.0,6373,8.1
2003 - PA,12370761,705133.0,27027,5.7
2003 - RI,1076084,57032.0,1714,5.3
2003 - SC,4148744,286263.0,25399,6.9
2003 - SD,764905,26772.0,859,3.5
2003 - TN,5845208,327332.0,28471,5.6
2003 - TX,22103374,1480926.0,75782,6.7
2003 - UT,2352119,131719.0,3652,5.6
2003 - VA,7365284,301977.0,11554,4.1
2003 - VT,619343,26632.0,504,4.3
2003 - WA,6131298,453716.0,12509,7.4
2003 - WI,5474290,312035.0,6322,5.7
2003 - WV,1811440,110498.0,3542,6.1
2003 - WY,502111,21591.0,1080,4.3
2004 - AK,657755,49332.0,3117,7.5
2004 - AL,4525375,257946.0,11286,5.7
2004 - AR,2750000,156750.0,10083,5.7
2004 - AZ,5739879,286994.0,18921,5.0
2004 - CA,35842038,2222206.0,115400,6.2
2004 - CO,4601821,253100.0,11236,5.5
2004 - CT,3498966,174948.0,5070,5.0
2004 - DC,554239,43231.0,3968,7.8
2004 - DE,830069,33203.0,3377,4.0
2004 - FL,17385430,799730.0,86199,4.6
2004 - GA,8918129,428070.0,23561,4.8
2004 - HI,1262124,42912.0,1903,3.4
2004 - IA,2952904,132881.0,6513,4.5
2004 - ID,1395140,68362.0,2586,4.9
2004 - IL,12712016,788145.0,41783,6.2
2004 - IN,6226537,336233.0,11802,5.4
2004 - KS,2733697,150353.0,7254,5.5
2004 - KY,4141835,223659.0,5410,5.4
2004 - LA,4506685,265894.0,20090,5.9
2004 - MA,6407382,333184.0,20040,5.2
2004 - MD,5561332,239137.0,24351,4.3
2004 - ME,1314985,61804.0,742,4.7
2004 - MI,10104206,717399.0,32276,7.1
2004 - MN,5096546,239538.0,7445,4.7
2004 - MO,5759532,339812.0,19763,5.9
2004 - MS,2900768,179848.0,4677,6.2
2004 - MT,926920,44492.0,2187,4.8
2004 - NC,8540468,469726.0,23591,5.5
2004 - ND,636308,21634.0,330,3.4
2004 - NE,1747704,68160.0,3595,3.9
2004 - NH,1299169,49368.0,1219,3.8
2004 - NJ,8685166,416888.0,16144,4.8
2004 - NM,1903006,104665.0,9811,5.5
2004 - NV,2332898,100315.0,8348,4.3
2004 - NY,19280727,1118282.0,46911,5.8
2004 - OH,11450143,721359.0,16108,6.3
2004 - OK,3523546,172654.0,12802,4.9
2004 - OR,3591363,262169.0,6600,7.3
2004 - PA,12394471,669301.0,28339,5.4
2004 - RI,1079916,56156.0,1596,5.2
2004 - SC,4197892,285457.0,25634,6.8
2004 - SD,770621,28513.0,854,3.7
2004 - TN,5893298,312345.0,29611,5.3
2004 - TX,22471549,1325821.0,75985,5.9
2004 - UT,2420708,121035.0,3398,5.0
2004 - VA,7481332,284291.0,11503,3.8
2004 - VT,621233,22986.0,459,3.7
2004 - WA,6207046,391044.0,12417,6.3
2004 - WI,5503533,275177.0,6191,5.0
2004 - WV,1812548,96065.0,3922,5.3
2004 - WY,505887,19224.0,973,3.8
2005 - AK,663253,45764.0,3087,6.9
2005 - AL,4548327,204675.0,11293,4.5
2005 - AR,2775708,147113.0,10747,5.3
2005 - AZ,5953007,279791.0,19448,4.7
2005 - CA,36154147,1952324.0,114661,5.4
2005 - CO,4663295,233165.0,12351,5.0
2005 - CT,3500701,171534.0,4792,4.9
2005 - DC,582049,37251.0,3971,6.4
2005 - DE,841741,34511.0,3612,4.1
2005 - FL,17768191,657423.0,88341,3.7
2005 - GA,9132553,493158.0,23977,5.4
2005 - HI,1273278,36925.0,1885,2.9
2005 - IA,2965524,127518.0,6657,4.3
2005 - ID,1429367,57175.0,2792,4.0
2005 - IL,12765427,727629.0,42158,5.7
2005 - IN,6266019,344631.0,11281,5.5
2005 - KS,2748172,137409.0,7707,5.0
2005 - KY,4172608,246184.0,5833,5.9
2005 - LA,4507331,320021.0,19681,7.1
2005 - MA,6433367,315235.0,19878,4.9
2005 - MD,5589599,229174.0,23173,4.1
2005 - ME,1318220,64593.0,815,4.9
2005 - MI,10100833,686857.0,36760,6.8
2005 - MN,5126739,210196.0,8146,4.1
2005 - MO,5797703,313076.0,21254,5.4
2005 - MS,2908496,218137.0,4365,7.5
2005 - MT,934737,41128.0,2138,4.4
2005 - NC,8672459,450968.0,25128,5.2
2005 - ND,634605,21577.0,460,3.4
2005 - NE,1758163,66810.0,3387,3.8
2005 - NH,1306819,47045.0,971,3.6
2005 - NJ,8703150,391642.0,16079,4.5
2005 - NM,1925985,98225.0,9370,5.1
2005 - NV,2412301,98904.0,8730,4.1
2005 - NY,19315721,965786.0,46150,5.0
2005 - OH,11470685,676770.0,16228,5.9
2005 - OK,3543442,159455.0,13146,4.5
2005 - OR,3638871,225610.0,6620,6.2
2005 - PA,12405348,620267.0,29205,5.0
2005 - RI,1073579,54753.0,1577,5.1
2005 - SC,4246933,284545.0,24757,6.7
2005 - SD,774883,29446.0,847,3.8
2005 - TN,5955745,333522.0,32470,5.6
2005 - TX,22928508,1238139.0,75383,5.4
2005 - UT,2490334,102104.0,3541,4.1
2005 - VA,7564327,272316.0,11718,3.6
2005 - VT,622387,21784.0,545,3.5
2005 - WA,6291899,352346.0,12941,5.6
2005 - WI,5527644,259799.0,7471,4.7
2005 - WV,1814083,92518.0,3735,5.1
2005 - WY,508798,18317.0,958,3.6
2006 - AK,670053,44223.0,3462,6.6
2006 - AL,4599030,183961.0,10463,4.0
2006 - AR,2810872,146165.0,11259,5.2
2006 - AZ,6166318,258985.0,20983,4.2
2006 - CA,36457549,1786420.0,111620,4.9
2006 - CO,4753377,204395.0,12641,4.3
2006 - CT,3504809,150707.0,5212,4.3
2006 - DC,581530,33729.0,4589,5.8
2006 - DE,853476,30725.0,3733,3.6
2006 - FL,18089888,578876.0,87851,3.2
2006 - GA,9363941,440105.0,26469,4.7
2006 - HI,1285498,33423.0,2090,2.6
2006 - IA,2982085,110337.0,6286,3.7
2006 - ID,1466465,51326.0,2726,3.5
2006 - IL,12831970,577439.0,40858,4.5
2006 - IN,6313520,315676.0,10956,5.0
2006 - KS,2764075,121619.0,8678,4.4
2006 - KY,4206074,239746.0,6026,5.7
2006 - LA,4287768,192950.0,22853,4.5
2006 - MA,6437193,315422.0,22178,4.9
2006 - MD,5615727,219013.0,22011,3.9
2006 - ME,1321574,60792.0,786,4.6
2006 - MI,10095643,706695.0,36684,7.0
2006 - MN,5167101,206684.0,8830,4.0
2006 - MO,5842713,286293.0,22167,4.9
2006 - MS,2910540,189185.0,4547,6.5
2006 - MT,944632,33062.0,2950,3.5
2006 - NC,8856505,425112.0,25586,4.8
2006 - ND,635867,20348.0,925,3.2
2006 - NE,1768331,54818.0,3433,3.1
2006 - NH,1314895,44706.0,1042,3.4
2006 - NJ,8724560,410054.0,15562,4.7
2006 - NM,1954599,82093.0,9495,4.2
2006 - NV,2495529,102317.0,10331,4.1
2006 - NY,19306183,868778.0,45467,4.5
2006 - OH,11478006,619812.0,16743,5.4
2006 - OK,3579212,143168.0,13062,4.0
2006 - OR,3700758,196140.0,6516,5.3
2006 - PA,12440621,572269.0,29581,4.6
2006 - RI,1067610,52313.0,1404,4.9
2006 - SC,4321249,276560.0,25224,6.4
2006 - SD,781919,24239.0,1418,3.1
2006 - TN,6038803,314018.0,32287,5.2
2006 - TX,23507783,1151881.0,74531,4.9
2006 - UT,2550063,76502.0,3587,3.0
2006 - VA,7642884,236929.0,11672,3.1
2006 - VT,623908,23085.0,604,3.7
2006 - WA,6395798,319790.0,12934,5.0
2006 - WI,5556506,261156.0,8937,4.7
2006 - WV,1818470,89105.0,3776,4.9
2006 - WY,515004,16480.0,1071,3.2
2007 - AK,683478,43059.0,3351,6.3
2007 - AL,4627851,185114.0,11417,4.0
2007 - AR,2834797,150244.0,10629,5.3
2007 - AZ,6338755,247211.0,20170,3.9
2007 - CA,36553215,1973874.0,109547,5.4
2007 - CO,4861515,179876.0,11410,3.7
2007 - CT,3502309,157604.0,5441,4.5
2007 - DC,588292,32356.0,3687,5.5
2007 - DE,864764,29402.0,3957,3.4
2007 - FL,18251243,730050.0,86372,4.0
2007 - GA,9544750,429514.0,26708,4.5
2007 - HI,1283388,35935.0,2021,2.8
2007 - IA,2988046,110558.0,6633,3.7
2007 - ID,1499402,46481.0,2942,3.1
2007 - IL,12852548,642627.0,40573,5.0
2007 - IN,6345289,291883.0,11377,4.6
2007 - KS,2775997,119368.0,9315,4.3
2007 - KY,4241474,229040.0,6690,5.4
2007 - LA,4293204,184608.0,23421,4.3
2007 - MA,6449755,296689.0,19636,4.6
2007 - MD,5618344,191024.0,21072,3.4
2007 - ME,1317207,61909.0,804,4.7
2007 - MI,10071822,705028.0,35147,7.0
2007 - MN,5197621,239091.0,8295,4.6
2007 - MO,5878415,299799.0,23082,5.1
2007 - MS,2918785,178046.0,4371,6.1
2007 - MT,957861,34483.0,3015,3.6
2007 - NC,9061032,425869.0,25727,4.7
2007 - ND,639715,19831.0,999,3.1
2007 - NE,1774571,53237.0,3788,3.0
2007 - NH,1315828,46054.0,1076,3.5
2007 - NJ,8685920,373495.0,14564,4.3
2007 - NM,1969915,74857.0,9777,3.8
2007 - NV,2565382,115442.0,11138,4.5
2007 - NY,19297729,887696.0,45144,4.6
2007 - OH,11466917,642147.0,17218,5.6
2007 - OK,3617316,148310.0,13053,4.1
2007 - OR,3747455,194868.0,6799,5.2
2007 - PA,12432792,547043.0,28198,4.4
2007 - RI,1057832,55007.0,1387,5.2
2007 - SC,4407709,251239.0,26139,5.7
2007 - SD,796214,22294.0,1344,2.8
2007 - TN,6156719,289366.0,32843,4.7
2007 - TX,23904380,1027888.0,73357,4.3
2007 - UT,2645330,68779.0,3928,2.6
2007 - VA,7712091,231363.0,11131,3.0
2007 - VT,621254,24850.0,582,4.0
2007 - WA,6468424,304016.0,12862,4.7
2007 - WI,5601640,274480.0,9438,4.9
2007 - WV,1812035,83354.0,3716,4.6
2007 - WY,522830,14639.0,1067,2.8
2008 - AK,686293,45982.0,3356,6.7
2008 - AL,4661900,265728.0,11795,5.7
2008 - AR,2855390,157046.0,10244,5.5
2008 - AZ,6500180,396511.0,19096,6.1
2008 - CA,36756666,2683237.0,104896,7.3
2008 - CO,4939456,237094.0,11760,4.8
2008 - CT,3501252,199571.0,5882,5.7
2008 - DC,591833,38469.0,3707,6.5
2008 - DE,873092,42782.0,3912,4.9
2008 - FL,18328340,1154685.0,82848,6.3
2008 - GA,9685744,600516.0,26571,6.2
2008 - HI,1288198,55393.0,2036,4.3
2008 - IA,3002555,126107.0,6388,4.2
2008 - ID,1523816,77715.0,2839,5.1
2008 - IL,12901563,812798.0,38818,6.3
2008 - IN,6376792,376231.0,11912,5.9
2008 - KS,2802134,128898.0,8534,4.6
2008 - KY,4269245,273232.0,6952,6.4
2008 - LA,4410796,216129.0,21578,4.9
2008 - MA,6497967,357388.0,21143,5.5
2008 - MD,5633597,236611.0,20570,4.2
2008 - ME,1316456,72405.0,829,5.5
2008 - MI,10003422,800274.0,33205,8.0
2008 - MN,5220393,281901.0,7759,5.4
2008 - MO,5911605,360608.0,20238,6.1
2008 - MS,2938618,193949.0,4669,6.6
2008 - MT,967440,49339.0,2411,5.1
2008 - NC,9222414,562567.0,25907,6.1
2008 - ND,641481,20527.0,1026,3.2
2008 - NE,1783432,58853.0,3603,3.3
2008 - NH,1315809,51317.0,1234,3.9
2008 - NJ,8682661,460181.0,14152,5.3
2008 - NM,1984356,89296.0,9537,4.5
2008 - NV,2600167,174211.0,11216,6.7
2008 - NY,19490297,1052476.0,42125,5.4
2008 - OH,11485910,735098.0,16652,6.4
2008 - OK,3642361,134767.0,13975,3.7
2008 - OR,3790060,246354.0,5983,6.5
2008 - PA,12448279,659759.0,27981,5.3
2008 - RI,1050788,81961.0,1463,7.8
2008 - SC,4479800,304626.0,24158,6.8
2008 - SD,804194,24930.0,1494,3.1
2008 - TN,6214888,410183.0,31619,6.6
2008 - TX,24326974,1167695.0,76421,4.8
2008 - UT,2736424,98511.0,3788,3.6
2008 - VA,7769089,302994.0,10397,3.9
2008 - VT,621270,29200.0,611,4.7
2008 - WA,6549224,353658.0,12623,5.4
2008 - WI,5627967,275770.0,9070,4.9
2008 - WV,1814468,79837.0,3654,4.4
2008 - WY,532668,16513.0,1046,3.1
2009 - AK,698473,53782.0,3235,7.7
2009 - AL,4708708,517958.0,13103,11.0
2009 - AR,2889450,228267.0,10772,7.9
2009 - AZ,6595778,652982.0,17270,9.9
2009 - CA,36961664,4102745.0,100156,11.1
2009 - CO,5024748,366807.0,11223,7.3
2009 - CT,3518288,277945.0,5824,7.9
2009 - DC,599657,55768.0,3390,9.3
2009 - DE,885122,73465.0,3597,8.3
2009 - FL,18537969,1927949.0,76112,10.4
2009 - GA,9829211,973092.0,24553,9.9
2009 - HI,1295178,93253.0,2112,7.2
2009 - IA,3007856,192503.0,6356,6.4
2009 - ID,1545801,136030.0,2952,8.8
2009 - IL,12910409,1316862.0,36588,10.2
2009 - IN,6423113,661581.0,12175,10.3
2009 - KS,2818747,194494.0,8370,6.9
2009 - KY,4314113,448668.0,5643,10.4
2009 - LA,4492076,305461.0,20848,6.8
2009 - MA,6593587,534081.0,21129,8.1
2009 - MD,5699478,398963.0,20022,7.0
2009 - ME,1318301,106782.0,780,8.1
2009 - MI,9969727,1365853.0,32251,13.7
2009 - MN,5266214,410765.0,7392,7.8
2009 - MO,5987580,556845.0,20083,9.3
2009 - MS,2951996,280440.0,4297,9.5
2009 - MT,974989,66299.0,2181,6.8
2009 - NC,9380884,994374.0,23326,10.6
2009 - ND,646844,26521.0,1308,4.1
2009 - NE,1796619,82644.0,3321,4.6
2009 - NH,1324575,82124.0,1261,6.2
2009 - NJ,8707739,792404.0,14114,9.1
2009 - NM,2009671,150725.0,9510,7.5
2009 - NV,2643085,298669.0,11431,11.3
2009 - NY,19541453,1621941.0,43606,8.3
2009 - OH,11542645,1188892.0,15989,10.3
2009 - OK,3687050,235971.0,13433,6.4
2009 - OR,3825657,432299.0,6179,11.3
2009 - PA,12604767,1020986.0,26394,8.1
2009 - RI,1053209,115853.0,1565,11.0
2009 - SC,4561242,515420.0,23078,11.3
2009 - SD,812383,39807.0,1129,4.9
2009 - TN,6296254,661107.0,29793,10.5
2009 - TX,24782302,1883455.0,74021,7.6
2009 - UT,2784572,203274.0,3714,7.3
2009 - VA,7882590,528134.0,9911,6.7
2009 - VT,621760,41036.0,586,6.6
2009 - WA,6664195,606442.0,12928,9.1
2009 - WI,5654774,486311.0,8482,8.6
2009 - WV,1819777,140123.0,4086,7.7
2009 - WY,544270,34289.0,935,6.3
2010 - AK,714146,56418.0,3379,7.9
2010 - AL,4785401,502467.0,11869,10.5
2010 - AR,2921588,239570.0,10887,8.2
2010 - AZ,6413158,666968.0,16976,10.4
2010 - CA,37338198,4555260.0,95877,12.2
2010 - CO,5047692,439149.0,10816,8.7
2010 - CT,3575498,325370.0,5802,9.1
2010 - DC,604912,56862.0,3382,9.4
2010 - DE,899792,75583.0,3392,8.4
2010 - FL,18838613,2072247.0,69523,11.0
2010 - GA,9712157,1029489.0,24034,10.6
2010 - HI,1363359,94072.0,2136,6.9
2010 - IA,3050202,183012.0,6258,6.0
2010 - ID,1571102,141399.0,2696,9.0
2010 - IL,12841980,1335566.0,32976,10.4
2010 - IN,6490622,675025.0,12396,10.4
2010 - KS,2859143,202999.0,7821,7.1
2010 - KY,4347223,443417.0,5230,10.2
2010 - LA,4545343,363627.0,18214,8.0
2010 - MA,6555466,544104.0,21842,8.3
2010 - MD,5785681,439712.0,18899,7.6
2010 - ME,1327379,108845.0,796,8.2
2010 - MI,9877143,1244520.0,31858,12.6
2010 - MN,5310658,392989.0,7233,7.4
2010 - MO,5995715,575589.0,19390,9.6
2010 - MS,2970072,308887.0,4087,10.4
2010 - MT,990958,72340.0,2222,7.3
2010 - NC,9560234,1042066.0,22583,10.9
2010 - ND,674629,25636.0,1203,3.8
2010 - NE,1830141,84186.0,3345,4.6
2010 - NH,1316807,76375.0,1330,5.8
2010 - NJ,8799593,835961.0,13885,9.5
2010 - NM,2065913,167339.0,9432,8.1
2010 - NV,2704283,365078.0,11508,13.5
2010 - NY,19395206,1667988.0,44197,8.6
2010 - OH,11537968,1188411.0,15611,10.3
2010 - OK,3760184,255693.0,13091,6.8
2010 - OR,3838332,410702.0,5892,10.7
2010 - PA,12717722,1081006.0,26112,8.5
2010 - RI,1052528,117883.0,1600,11.2
2010 - SC,4637106,519356.0,21090,11.2
2010 - SD,816598,40830.0,1634,5.0
2010 - TN,6357436,616671.0,28016,9.7
2010 - TX,25253466,2070784.0,71517,8.2
2010 - UT,2775479,216487.0,3620,7.8
2010 - VA,8023953,577725.0,9550,7.2
2010 - VT,625909,38180.0,596,6.1
2010 - WA,6742950,674295.0,12476,10.0
2010 - WI,5691659,495174.0,8305,8.7
2010 - WV,1854368,159476.0,4390,8.6
2010 - WY,564554,36696.0,870,6.5
2011 - AK,723860,55013.0,3374,7.6
2011 - AL,4803689,461154.0,13591,9.6
2011 - AR,2938582,243902.0,10426,8.3
2011 - AZ,6467315,614395.0,16748,9.5
2011 - CA,37683933,4409020.0,91195,11.7
2011 - CO,5116302,429769.0,10346,8.4
2011 - CT,3586717,315631.0,5382,8.8
2011 - DC,619020,63140.0,3058,10.2
2011 - DE,908137,68110.0,3231,7.5
2011 - FL,19082262,1908226.0,66319,10.0
2011 - GA,9812460,1000871.0,21881,10.2
2011 - HI,1378129,93713.0,2098,6.8
2011 - IA,3064097,171589.0,6149,5.6
2011 - ID,1583744,131451.0,2535,8.3
2011 - IL,12859752,1247396.0,30495,9.7
2011 - IN,6516353,592988.0,12578,9.1
2011 - KS,2870386,186575.0,7528,6.5
2011 - KY,4366814,410481.0,5110,9.4
2011 - LA,4574766,356832.0,18370,7.8
2011 - MA,6607003,482311.0,19626,7.3
2011 - MD,5839572,426289.0,16876,7.3
2011 - ME,1328544,104955.0,848,7.9
2011 - MI,9876801,1027187.0,28507,10.4
2011 - MN,5347299,347574.0,6750,6.5
2011 - MO,6008984,510764.0,18778,8.5
2011 - MS,2977457,297746.0,4418,10.0
2011 - MT,997667,69837.0,2189,7.0
2011 - NC,9651103,994064.0,21516,10.3
2011 - ND,684740,23966.0,1318,3.5
2011 - NE,1842234,81058.0,2912,4.4
2011 - NH,1317807,71162.0,1758,5.4
2011 - NJ,8834773,830469.0,13608,9.4
2011 - NM,2078674,155901.0,9170,7.5
2011 - NV,2720028,353604.0,10092,13.0
2011 - NY,19501616,1618634.0,45538,8.3
2011 - OH,11541007,1027150.0,15048,8.9
2011 - OK,3784163,223266.0,12401,5.9
2011 - OR,3868229,367482.0,6083,9.5
2011 - PA,12743948,1006772.0,26046,7.9
2011 - RI,1050646,115571.0,1503,11.0
2011 - SC,4673348,495375.0,21265,10.6
2011 - SD,823593,38709.0,1415,4.7
2011 - TN,6399787,575981.0,28338,9.0
2011 - TX,25631778,1999279.0,67498,7.8
2011 - UT,2814347,188561.0,3517,6.7
2011 - VA,8104384,534889.0,8694,6.6
2011 - VT,626592,34463.0,669,5.5
2011 - WA,6823267,634564.0,12042,9.3
2011 - WI,5709843,445368.0,8340,7.8
2011 - WV,1854908,150248.0,4236,8.1
2011 - WY,567356,32907.0,1010,5.8
2012 - AK,730307,51852.0,3169,7.1
2012 - AL,4817528,380585.0,15035,7.9
2012 - AR,2949828,224187.0,10134,7.6
2012 - AZ,6551149,550297.0,18054,8.4
2012 - CA,37999878,3951987.0,94702,10.4
2012 - CO,5189458,409967.0,10285,7.9
2012 - CT,3591765,298116.0,5424,8.3
2012 - DC,633427,57642.0,3505,9.1
2012 - DE,917053,66028.0,3245,7.2
2012 - FL,19320749,1642264.0,63929,8.5
2012 - GA,9915646,912239.0,22447,9.2
2012 - HI,1390090,83405.0,1953,6.0
2012 - IA,3075039,156827.0,6255,5.1
2012 - ID,1595590,114882.0,2580,7.2
2012 - IL,12868192,1158137.0,29725,9.0
2012 - IN,6537782,542636.0,13975,8.3
2012 - KS,2885398,164468.0,7609,5.7
2012 - KY,4379730,359138.0,4792,8.2
2012 - LA,4602134,326752.0,15737,7.1
2012 - MA,6645303,445235.0,18721,6.7
2012 - MD,5884868,411941.0,16303,7.0
2012 - ME,1328501,99638.0,808,7.5
2012 - MI,9882519,899309.0,29203,9.1
2012 - MN,5379646,301260.0,7207,5.6
2012 - MO,6024522,421717.0,19490,7.0
2012 - MS,2986450,268780.0,4460,9.0
2012 - MT,1005494,60330.0,2180,6.0
2012 - NC,9748364,906598.0,22609,9.3
2012 - ND,701345,21742.0,1292,3.1
2012 - NE,1855350,74214.0,2912,4.0
2012 - NH,1321617,72689.0,1869,5.5
2012 - NJ,8867749,824701.0,12919,9.3
2012 - NM,2083540,147931.0,8740,7.1
2012 - NV,2754354,308488.0,10790,11.2
2012 - NY,19576125,1663971.0,47382,8.5
2012 - OH,11553031,854924.0,15140,7.4
2012 - OK,3815780,198421.0,13012,5.2
2012 - OR,3899801,343182.0,5969,8.8
2012 - PA,12764475,995629.0,25571,7.8
2012 - RI,1050304,109232.0,1614,10.4
2012 - SC,4723417,434554.0,19919,9.2
2012 - SD,834047,35864.0,1921,4.3
2012 - TN,6454914,503483.0,30615,7.8
2012 - TX,26060796,1746073.0,67227,6.7
2012 - UT,2854871,154163.0,3807,5.4
2012 - VA,8186628,491198.0,9131,6.0
2012 - VT,625953,31298.0,638,5.0
2012 - WA,6895318,558521.0,12285,8.1
2012 - WI,5724554,400719.0,10165,7.0
2012 - WV,1856680,139251.0,4623,7.5
2012 - WY,576626,30561.0,932,5.3
2013 - AK,737259,51608.0,3127,7.0
2013 - AL,4833996,348048.0,13788,7.2
2013 - AR,2958765,215990.0,9796,7.3
2013 - AZ,6634997,517530.0,17391,7.8
2013 - CA,38431393,3420394.0,89029,8.9
2013 - CO,5272086,363774.0,9826,6.9
2013 - CT,3599341,280749.0,4906,7.8
2013 - DC,649111,55174.0,3835,8.5
2013 - DE,925240,61991.0,2960,6.7
2013 - FL,19600311,1411222.0,61054,7.2
2013 - GA,9994759,819570.0,21361,8.2
2013 - HI,1408987,69040.0,2111,4.9
2013 - IA,3092341,148432.0,6332,4.8
2013 - ID,1612843,98383.0,2548,6.1
2013 - IL,12890552,1160150.0,28161,9.0
2013 - IN,6570713,505945.0,13915,7.7
2013 - KS,2895801,153477.0,7177,5.3
2013 - KY,4399583,351967.0,4215,8.0
2013 - LA,4629284,310162.0,16331,6.7
2013 - MA,6708874,449495.0,18118,6.7
2013 - MD,5938737,391957.0,16124,6.6
2013 - ME,1328702,89023.0,907,6.7
2013 - MI,9898193,871041.0,27254,8.8
2013 - MN,5422060,271103.0,6908,5.0
2013 - MO,6044917,405009.0,18056,6.7
2013 - MS,2992206,257330.0,4649,8.6
2013 - MT,1014864,54803.0,2217,5.4
2013 - NC,9848917,787913.0,21325,8.0
2013 - ND,723857,20992.0,1447,2.9
2013 - NE,1868969,71021.0,3011,3.8
2013 - NH,1322616,67453.0,1708,5.1
2013 - NJ,8911502,730743.0,12071,8.2
2013 - NM,2086895,143996.0,9470,6.9
2013 - NV,2791494,267983.0,10060,9.6
2013 - NY,19695680,1516567.0,46130,7.7
2013 - OH,11572005,867900.0,14370,7.5
2013 - OK,3853118,204215.0,11652,5.3
2013 - OR,3928068,310317.0,5596,7.9
2013 - PA,12781296,945816.0,23680,7.4
2013 - RI,1053354,97962.0,1547,9.3
2013 - SC,4771929,362667.0,17760,7.6
2013 - SD,845510,32129.0,2052,3.8
2013 - TN,6497269,506787.0,27895,7.8
2013 - TX,26505637,1669855.0,65351,6.3
2013 - UT,2902787,133528.0,3824,4.6
2013 - VA,8270345,471410.0,9111,5.7
2013 - VT,626855,27582.0,554,4.4
2013 - WA,6973742,488162.0,11623,7.0
2013 - WI,5742953,384778.0,9285,6.7
2013 - WV,1853595,126044.0,4242,6.8
2013 - WY,583223,27411.0,917,4.7
2014 - AK,737046,50856.0,3243,6.9
2014 - AL,4846411,329556.0,13744,6.8
2014 - AR,2966835,178010.0,10220,6.0
2014 - AZ,6728783,457557.0,16614,6.8
2014 - CA,38792291,2909422.0,91804,7.5
2014 - CO,5355588,267779.0,10211,5.0
2014 - CT,3594762,237254.0,4520,6.6
2014 - DC,659836,51467.0,4125,7.8
2014 - DE,935968,53350.0,2857,5.7
2014 - FL,19905569,1254051.0,61610,6.3
2014 - GA,10097132,716896.0,22415,7.1
2014 - HI,1420257,62491.0,1842,4.4
2014 - IA,3109481,130598.0,6227,4.2
2014 - ID,1634806,78471.0,2559,4.8
2014 - IL,12882189,914635.0,27485,7.1
2014 - IN,6597880,395873.0,14681,6.0
2014 - KS,2902507,130613.0,7299,4.5
2014 - KY,4412617,286820.0,4432,6.5
2014 - LA,4648990,297535.0,16400,6.4
2014 - MA,6755124,391797.0,18277,5.8
2014 - MD,5975346,346570.0,15208,5.8
2014 - ME,1330256,74494.0,889,5.6
2014 - MI,9916306,723890.0,27610,7.3
2014 - MN,5457125,229199.0,6729,4.2
2014 - MO,6063827,369893.0,18483,6.1
2014 - MS,2993443,224508.0,4585,7.5
2014 - MT,1023252,48093.0,2563,4.7
2014 - NC,9940387,626244.0,21377,6.3
2014 - ND,740040,19981.0,1421,2.7
2014 - NE,1882980,62138.0,3226,3.3
2014 - NH,1327996,57104.0,1469,4.3
2014 - NJ,8938844,607841.0,11188,6.8
2014 - NM,2085567,139733.0,8797,6.7
2014 - NV,2838281,224224.0,10562,7.9
2014 - NY,19748858,1244178.0,45295,6.3
2014 - OH,11596998,672626.0,14658,5.8
2014 - OK,3879610,174582.0,10937,4.5
2014 - OR,3971202,270042.0,6320,6.8
2014 - PA,12793767,754832.0,22304,5.9
2014 - RI,1054907,81228.0,1398,7.7
2014 - SC,4829160,313895.0,17513,6.5
2014 - SD,853304,29012.0,2101,3.4
2014 - TN,6547779,432153.0,29757,6.6
2014 - TX,26979078,1375933.0,65862,5.1
2014 - UT,2944498,111891.0,3538,3.8
2014 - VA,8328098,433061.0,9462,5.2
2014 - VT,626767,24444.0,444,3.9
2014 - WA,7063166,430853.0,11586,6.1
2014 - WI,5759432,311009.0,9826,5.4
2014 - WV,1848751,122018.0,4517,6.6
2014 - WY,584304,24541.0,899,4.2
2015 - AK,737709,47951.0,3671,6.5
2015 - AL,4853875,296086.0,15960,6.1
2015 - AR,2977853,148893.0,11455,5.0
2015 - AZ,6817565,415871.0,18193,6.1
2015 - CA,38993940,2417624.0,99349,6.2
2015 - CO,5448819,212504.0,10532,3.9
2015 - CT,3584730,204330.0,4099,5.7
2015 - DC,670377,46256.0,4136,6.9
2015 - DE,944076,46260.0,3097,4.9
2015 - FL,20244914,1113470.0,63895,5.5
2015 - GA,10199398,611964.0,22467,6.0
2015 - HI,1431603,51538.0,2418,3.6
2015 - IA,3121997,118636.0,6291,3.8
2015 - ID,1652828,67766.0,2667,4.1
2015 - IL,12839047,770343.0,29019,6.0
2015 - IN,6612768,317413.0,15536,4.8
2015 - KS,2906721,122082.0,7850,4.2
2015 - KY,4424611,234504.0,4710,5.3
2015 - LA,4668960,294144.0,17416,6.3
2015 - MA,6784240,325644.0,18974,4.8
2015 - MD,5994983,305744.0,15819,5.1
2015 - ME,1329453,58496.0,931,4.4
2015 - MI,9917715,535557.0,26599,5.4
2015 - MN,5482435,202850.0,7094,3.7
2015 - MO,6076204,303810.0,20833,5.0
2015 - MS,2989390,191321.0,4467,6.4
2015 - MT,1032073,43347.0,2827,4.2
2015 - NC,10035186,572006.0,22805,5.7
2015 - ND,756835,21191.0,1378,2.8
2015 - NE,1893765,56813.0,3226,3.0
2015 - NH,1330111,45224.0,1558,3.4
2015 - NJ,8935421,518254.0,11414,5.8
2015 - NM,2080328,135221.0,9407,6.5
2015 - NV,2883758,193212.0,11965,6.7
2015 - NY,19747183,1046601.0,44493,5.3
2015 - OH,11605090,568649.0,15793,4.9
2015 - OK,3907414,171926.0,11535,4.4
2015 - OR,4024634,225380.0,6757,5.6
2015 - PA,12791904,677971.0,22419,5.3
2015 - RI,1055607,63336.0,1520,6.0
2015 - SC,4894834,293690.0,17652,6.0
2015 - SD,857919,26595.0,2554,3.1
2015 - TN,6595056,369323.0,30098,5.6
2015 - TX,27429639,1234334.0,67629,4.5
2015 - UT,2990632,107663.0,4048,3.6
2015 - VA,8367587,368174.0,9357,4.4
2015 - VT,626088,22539.0,482,3.6
2015 - WA,7160290,400976.0,12059,5.6
2015 - WI,5767891,259555.0,10270,4.5
2015 - WV,1841053,123351.0,4819,6.7
2015 - WY,586555,25222.0,1054,4.3
2016 - AK,741522,51165.0,4011,6.9
2016 - AL,4860545,281912.0,18869,5.8
2016 - AR,2988231,119529.0,12007,4.0
2016 - AZ,6908642,373067.0,21804,5.4
2016 - CA,39296476,2161306.0,104375,5.5
2016 - CO,5530105,182493.0,11681,3.3
2016 - CT,3587685,186560.0,4588,5.2
2016 - DC,684336,41744.0,4067,6.1
2016 - DE,952698,42871.0,3131,4.5
2016 - FL,20656589,991516.0,59816,4.8
2016 - GA,10313620,556935.0,24091,5.4
2016 - HI,1428683,42860.0,1831,3.0
2016 - IA,3130869,112711.0,6669,3.6
2016 - ID,1680026,63841.0,2895,3.8
2016 - IL,12835726,744472.0,32161,5.8
2016 - IN,6634007,291896.0,16345,4.4
2016 - KS,2907731,119217.0,8158,4.1
2016 - KY,4436113,226242.0,5068,5.1
2016 - LA,4686157,285856.0,18528,6.1
2016 - MA,6823721,266125.0,18334,3.9
2016 - MD,6024752,271114.0,15841,4.5
2016 - ME,1330232,50549.0,948,3.8
2016 - MI,9933445,496672.0,30779,5.0
2016 - MN,5525050,215477.0,7185,3.9
2016 - MO,6091176,280194.0,22049,4.6
2016 - MS,2985415,173154.0,4459,5.8
2016 - MT,1038656,43624.0,2983,4.2
2016 - NC,10156689,517991.0,24906,5.1
2016 - ND,755548,23422.0,1352,3.1
2016 - NE,1907603,59136.0,3558,3.1
2016 - NH,1335015,38715.0,1609,2.9
2016 - NJ,8978416,448921.0,11089,5.0
2016 - NM,2085432,137639.0,10182,6.6
2016 - NV,2939254,167537.0,11629,5.7
2016 - NY,19836286,971978.0,45095,4.9
2016 - OH,11622554,581128.0,16748,5.0
2016 - OK,3921207,188218.0,12334,4.8
2016 - OR,4085989,196127.0,6776,4.8
2016 - PA,12787085,690503.0,22942,5.4
2016 - RI,1057566,54993.0,1514,5.2
2016 - SC,4959822,247991.0,18217,5.0
2016 - SD,861542,25846.0,2808,3.0
2016 - TN,6649404,312522.0,31332,4.7
2016 - TX,27904862,1283624.0,72842,4.6
2016 - UT,3044321,106551.0,4244,3.5
2016 - VA,8414380,344990.0,10357,4.1
2016 - VT,623354,19947.0,589,3.2
2016 - WA,7280934,385890.0,13124,5.3
2016 - WI,5772917,230917.0,10772,4.0
2016 - WV,1828637,111547.0,5144,6.1
2016 - WY,584910,31000.0,1146,5.3
2017 - AK,739786,51045.0,4250,6.9
2017 - AL,4875120,214505.0,18816,4.4
2017 - AR,3002997,111111.0,12609,3.7
2017 - AZ,7048876,345395.0,24163,4.9
2017 - CA,39399349,1891169.0,105418,4.8
2017 - CO,5615902,157245.0,12790,2.8
2017 - CT,3573880,167972.0,4422,4.7
2017 - DC,695691,42437.0,3791,6.1
2017 - DE,957078,43069.0,2893,4.5
2017 - FL,20976812,881026.0,58016,4.2
2017 - GA,10413055,489414.0,23947,4.7
2017 - HI,1424203,34181.0,1894,2.4
2017 - IA,3143637,97453.0,6366,3.1
2017 - ID,1718904,55005.0,3092,3.2
2017 - IL,12786196,626524.0,31639,4.9
2017 - IN,6660082,239763.0,16247,3.6
2017 - KS,2910689,104785.0,8383,3.6
2017 - KY,4453874,218240.0,5243,4.9
2017 - LA,4670818,238212.0,18175,5.1
2017 - MA,6863246,253940.0,17073,3.7
2017 - MD,6024891,253045.0,16862,4.2
2017 - ME,1335063,45392.0,868,3.4
2017 - MI,9976447,458917.0,30696,4.6
2017 - MN,5568155,189317.0,7199,3.4
2017 - MO,6108612,226019.0,22752,3.7
2017 - MS,2989663,152473.0,4321,5.1
2017 - MT,1053090,42124.0,3023,4.0
2017 - NC,10270800,462186.0,25593,4.5
2017 - ND,755176,20390.0,1534,2.7
2017 - NE,1917575,55610.0,3726,2.9
2017 - NH,1349767,36444.0,1569,2.7
2017 - NJ,8888543,408873.0,10880,4.6
2017 - NM,2093395,123510.0,11180,5.9
2017 - NV,2972405,148620.0,9660,5.0
2017 - NY,19590719,920764.0,43777,4.7
2017 - OH,11664129,583206.0,16823,5.0
2017 - OK,3932640,165171.0,12519,4.2
2017 - OR,4146592,170010.0,7058,4.1
2017 - PA,12790447,626732.0,23295,4.9
2017 - RI,1056486,46485.0,1525,4.4
2017 - SC,5021219,215912.0,18572,4.3
2017 - SD,873286,27945.0,2887,3.2
2017 - TN,6708794,254934.0,32507,3.8
2017 - TX,28322717,1217877.0,75923,4.3
2017 - UT,3103118,102403.0,4185,3.3
2017 - VA,8465207,313213.0,9984,3.7
2017 - VT,624525,18111.0,711,2.9
2017 - WA,7425432,348995.0,13571,4.7
2017 - WI,5792051,191138.0,11899,3.3
2017 - WV,1817048,94486.0,5000,5.2
2017 - WY,578934,24315.0,993,4.2
2018 - AK,737438,47933.0,4391,6.5
2018 - AL,4887871,190627.0,18944,3.9
2018 - AR,3013825,111512.0,12378,3.7
2018 - AZ,7171646,337067.0,23528,4.7
2018 - CA,39557045,1661396.0,105412,4.2
2018 - CO,5695564,182258.0,14547,3.2
2018 - CT,3572665,150052.0,4294,4.2
2018 - DC,702455,40040.0,3971,5.7
2018 - DE,967171,36752.0,2845,3.8
2018 - FL,21299325,766776.0,55551,3.6
2018 - GA,10519475,420779.0,22783,4.0
2018 - HI,1420491,35512.0,1925,2.5
2018 - IA,3156145,82060.0,5931,2.6
2018 - ID,1754208,50872.0,2957,2.9
2018 - IL,12741080,547866.0,30539,4.3
2018 - IN,6691878,234216.0,16834,3.5
2018 - KS,2911505,96080.0,9559,3.3
2018 - KY,4468402,196610.0,5059,4.4
2018 - LA,4659978,228339.0,17866,4.9
2018 - MA,6902149,234673.0,16648,3.4
2018 - MD,6042718,235666.0,16135,3.9
2018 - ME,1338404,44167.0,803,3.3
2018 - MI,9995915,419828.0,31021,4.2
2018 - MN,5611179,162724.0,6857,2.9
2018 - MO,6126452,196046.0,22042,3.2
2018 - MS,2986530,143353.0,4696,4.8
2018 - MT,1062305,38243.0,3120,3.6
2018 - NC,10383620,415345.0,27526,4.0
2018 - ND,760077,19762.0,1560,2.6
2018 - NE,1929268,55949.0,3461,2.9
2018 - NH,1356458,35268.0,1435,2.6
2018 - NJ,8908520,365249.0,10463,4.1
2018 - NM,2095428,102676.0,13598,4.9
2018 - NV,3034392,133513.0,10027,4.4
2018 - NY,19542209,820773.0,43171,4.2
2018 - OH,11689442,526025.0,17674,4.5
2018 - OK,3943079,134065.0,13084,3.4
2018 - OR,4190713,171819.0,7360,4.1
2018 - PA,12807060,537897.0,24077,4.2
2018 - RI,1057315,42293.0,1366,4.0
2018 - SC,5084127,177944.0,18446,3.5
2018 - SD,882235,27349.0,2682,3.1
2018 - TN,6770010,236950.0,31717,3.5
2018 - TX,28701845,1090670.0,73656,3.8
2018 - UT,3161105,97994.0,4319,3.1
2018 - VA,8517685,255531.0,10113,3.0
2018 - VT,626299,15657.0,710,2.5
2018 - WA,7535591,339102.0,14251,4.5
2018 - WI,5813568,174407.0,11263,3.0
2018 - WV,1805832,93903.0,3945,5.2
2018 - WY,577737,22532.0,870,3.9
