year,state_abbr,population,violent_crime,homicide,rape_legacy,rape_revised,robbery,aggravated_assault
1980,AK,440142,1919,39,250,,360,1270
1980,AL,3861466,17320,509,1158,,5102,10551
1980,AR,2284037,7656,210,609,,1848,4989
1980,AZ,2715357,17673,279,1227,,5258,10909
1980,CA,23532680,210290,3411,13693,,90420,102766
1980,CO,2878407,15215,198,1510,,4608,8899
1980,CT,3095224,12768,146,670,,6749,5203
1980,DC,635233,12772,200,439,,8897,3236
1980,DE,594779,2824,41,144,,815,1824
1980,FL,9567112,94095,1387,5439,,34015,53254
1980,GA,5400851,29993,743,2391,,10670,16189
1980,HI,964680,2889,84,335,,1835,635
1980,IA,2907804,5826,63,416,,1596,3751
1980,ID,943629,2957,29,211,,442,2275
1980,IL,11355062,91753,1205,3950,,41675,44923
1980,IN,5461103,20633,485,1808,,7720,10620
1980,KS,2354783,9168,163,742,,2664,5599
1980,KY,3641479,9711,321,698,,3468,5224
1980,LA,4199542,27926,661,1867,,8271,17127
1980,MA,5728288,34444,232,1562,,13492,19158
1980,MD,4192211,35735,399,1681,,16461,17194
1980,ME,1123670,2173,32,145,,346,1650
1980,MI,9228128,59014,940,4304,,22519,31251
1980,MN,4061235,9250,106,942,,4025,4177
1980,MO,4901288,27177,544,1600,,10958,14075
1980,MT,781592,1740,31,164,,266,1279
1980,NC,5843665,26589,619,1324,,4810,19836
1980,ND,652437,352,8,62,,50,232
1980,NE,1563921,3512,69,363,,1286,1794
1980,NH,919114,1653,23,159,,386,1085
1980,NJ,7342164,44373,504,2257,,22299,19313
1980,NM,1295474,7967,170,561,,1657,5579
1980,NV,800312,7304,160,538,,3686,2920
1980,NY,17506690,180235,2228,5405,,112273,60329
1980,OH,10766808,53646,871,3696,,24082,24997
1980,OK,3001252,12589,299,1088,,3147,8055
1980,OR,2610477,12802,132,1084,,3978,7608
1980,PA,11824220,43032,809,2722,,21039,18462
1980,RI,945835,3864,42,162,,1122,2538
1980,SC,3064557,20225,348,1148,,3620,15109
1980,SD,688217,873,5,86,,138,644
1980,TN,4545590,20824,489,1700,,8208,10427
1980,TX,14169829,77978,2392,6700,,29547,39339
1980,UT,1458729,4425,55,404,,1170,2796
1980,VA,5323412,16355,459,1458,,6392,8046
1980,VT,511299,914,11,149,,199,555
1980,WA,4113331,19098,225,2169,,5558,11146
1980,WI,4680917,8546,136,697,,3310,4403
1980,WV,1930787,3547,138,306,,936,2167
1980,WY,468954,1841,29,134,,208,1470
1981,AK,412000,2537,60,421,,472,1584
1981,AL,3916000,18423,465,1021,,4952,11985
1981,AR,2294000,7119,209,577,,1776,4557
1981,AZ,2793000,16082,227,1064,,4961,9830
1981,CA,24159000,208485,3143,13566,,93781,97995
1981,CO,2963000,15755,239,1352,,4726,9438
1981,CT,3132000,14033,168,687,,7709,5469
1981,DC,636000,14468,223,414,,10399,3432
1981,DE,598000,3044,40,170,,844,1990
1981,FL,10166000,98109,1522,5707,,35473,55407
1981,GA,5569000,30527,960,2362,,10938,16267
1981,HI,979000,2424,47,340,,1453,584
1981,IA,2897000,5915,76,389,,1554,3896
1981,ID,959000,2717,43,198,,362,2114
1981,IL,11455000,90781,1205,3716,,42752,43108
1981,IN,5466000,18672,388,1616,,7050,9618
1981,KS,2381000,8796,151,733,,2611,5301
1981,KY,3661000,10599,308,766,,3687,5838
1981,LA,4305000,27478,673,1782,,8698,16325
1981,MA,5770000,36273,210,1580,,15633,18850
1981,MD,4261000,37800,421,1654,,18085,17640
1981,ME,1132000,2214,36,145,,368,1665
1981,MI,9201000,59058,861,4366,,23688,30143
1981,MN,4090000,9344,85,1056,,4266,3937
1981,MO,4938000,26675,516,1465,,10629,14065
1981,MT,792000,2004,27,175,,302,1500
1981,NC,5951000,25986,541,1351,,4809,19285
1981,ND,658000,444,15,57,,85,287
1981,NE,1576000,2861,49,323,,1115,1374
1981,NH,935000,1375,27,154,,335,859
1981,NJ,7401000,46674,542,2374,,24761,18997
1981,NM,1327000,8913,151,628,,1868,6266
1981,NV,845000,7575,148,548,,3870,3009
1981,NY,17594000,188178,2166,5479,,120344,60189
1981,OH,10776000,53509,799,3339,,25529,23842
1981,OK,3098000,13223,279,1091,,3574,8279
1981,OR,2647000,12671,117,1105,,4780,6669
1981,PA,11864000,44104,729,2662,,22137,18576
1981,RI,952000,4205,40,170,,1257,2738
1981,SC,3166000,20275,330,1148,,3805,14992
1981,SD,685000,718,12,79,,122,505
1981,TN,4610000,19019,448,1735,,7916,8920
1981,TX,14755000,78560,2446,6821,,28528,40765
1981,UT,1516000,4527,50,431,,1286,2760
1981,VA,5426000,17456,464,1478,,7229,8285
1981,VT,515000,659,22,170,,142,325
1981,WA,4212000,18839,213,2115,,5475,11036
1981,WI,4739000,8904,161,745,,3249,4749
1981,WV,1951000,3410,118,289,,979,2024
1981,WY,492000,2116,27,174,,206,1709
1982,AK,438000,2732,81,374,,586,1691
1982,AL,3943000,17653,417,1026,,4417,11793
1982,AR,2291000,7438,187,622,,1805,4824
1982,AZ,2860000,14785,236,1100,,4537,8912
1982,CA,24724000,201429,2779,12529,,91988,94133
1982,CO,3045000,15354,182,1356,,4587,9229
1982,CT,3153000,12597,164,692,,6574,5167
1982,DC,631000,13397,194,421,,9137,3645
1982,DE,602000,3370,32,186,,737,2415
1982,FL,10416000,93411,1409,5587,,31002,55413
1982,GA,5639000,26963,713,2242,,8716,15292
1982,HI,994000,2542,31,342,,1560,609
1982,IA,2905000,5018,67,362,,1051,3538
1982,ID,965000,2501,24,160,,292,2025
1982,IL,11448000,88644,1005,3424,,39700,44515
1982,IN,5471000,16444,355,1521,,5966,8602
1982,KS,2408000,8088,138,596,,2095,5259
1982,KY,3667000,11550,355,734,,3568,6893
1982,LA,4362000,29185,698,1740,,9275,17472
1982,MA,5781000,33031,219,1464,,12359,18989
1982,MD,4265000,36254,432,1596,,15377,18849
1982,ME,1133000,1847,24,152,,345,1326
1982,MI,9109000,59806,827,4246,,24699,30034
1982,MN,4133000,9062,95,938,,4188,3841
1982,MO,4951000,25078,479,1283,,9554,13762
1982,MT,801000,1801,31,119,,265,1386
1982,NC,6019000,26865,545,1322,,5168,19830
1982,ND,670000,414,5,66,,85,258
1982,NE,1586000,3641,31,329,,982,2299
1982,NH,951000,1187,21,154,,322,690
1982,NJ,7438000,45175,482,2149,,22880,19664
1982,NM,1359000,9982,158,656,,1715,7453
1982,NV,881000,7096,120,542,,3697,2737
1982,NY,17659000,174833,2013,5159,,107843,59818
1982,OH,10791000,47126,676,3223,,19809,23418
1982,OK,3177000,14103,344,1180,,4218,8361
1982,OR,2649000,12529,136,1057,,4433,6903
1982,PA,11865000,42767,678,2448,,20806,18835
1982,RI,958000,3849,35,186,,1099,2529
1982,SC,3203000,23061,348,1242,,3921,17550
1982,SD,691000,684,19,79,,118,468
1982,TN,4651000,19586,452,1651,,8173,9310
1982,TX,15280000,88178,2466,6816,,33618,45278
1982,UT,1554000,4440,53,369,,1344,2674
1982,VA,5491000,16970,405,1366,,6708,8491
1982,VT,516000,655,12,180,,119,344
1982,WA,4245000,17251,185,1947,,5003,10116
1982,WI,4765000,9077,148,680,,3393,4856
1982,WV,1948000,3405,102,302,,970,2031
1982,WY,502000,1527,46,136,,172,1173
1983,AK,479000,2940,66,486,,465,1923
1983,AL,3959000,16471,364,931,,3895,11281
1983,AR,2328000,6930,178,586,,1614,4552
1983,AZ,2963000,14642,213,1241,,3923,9265
1983,CA,25174000,194491,2639,12093,,85826,93933
1983,CO,3139000,14955,202,1316,,3968,9469
1983,CT,3138000,11767,129,627,,6296,4715
1983,DC,623000,11933,183,406,,7698,3646
1983,DE,606000,2746,25,229,,699,1793
1983,FL,10680000,88292,1199,5170,,28126,53797
1983,GA,5732000,26179,483,2021,,8267,15408
1983,HI,1023000,2579,57,301,,1330,891
1983,IA,2905000,5262,68,365,,1192,3637
1983,ID,989000,2361,35,181,,270,1875
1983,IL,11486000,83629,1112,3619,,36625,42273
1983,IN,5479000,15547,286,1509,,5474,8278
1983,KS,2425000,7919,137,627,,2038,5117
1983,KY,3714000,11967,364,817,,3236,7550
1983,LA,4438000,28444,629,1770,,8433,17612
1983,MA,5767000,33264,203,1495,,12023,19543
1983,MD,4304000,34736,367,1412,,14950,18007
1983,ME,1146000,1829,24,193,,311,1301
1983,MI,9069000,64993,910,5085,,25873,33125
1983,MN,4144000,7909,69,927,,3298,3615
1983,MO,4970000,23718,403,1330,,8346,13639
1983,MT,817000,1737,30,162,,192,1353
1983,NC,6082000,24911,490,1332,,4840,18249
1983,ND,680000,365,14,85,,53,213
1983,NE,1597000,3477,42,339,,796,2300
1983,NH,959000,1200,19,187,,231,763
1983,NJ,7468000,41304,399,2266,,20086,18553
1983,NM,1399000,9608,124,671,,1595,7218
1983,NV,891000,5838,114,457,,2737,2530
1983,NY,17667000,161489,1958,5296,,94783,59452
1983,OH,10746000,42759,600,3387,,17132,21640
1983,OK,3298000,13964,249,1247,,4245,8223
1983,OR,2662000,12986,109,1078,,4533,7266
1983,PA,11895000,40782,583,2449,,20501,17249
1983,RI,955000,3392,26,160,,1078,2128
1983,SC,3264000,20133,321,1144,,3425,15243
1983,SD,700000,840,15,119,,111,595
1983,TN,4685000,18836,410,1682,,8094,8650
1983,TX,15724000,80546,2239,6333,,29769,42205
1983,UT,1619000,4144,56,403,,1041,2644
1983,VA,5550000,16236,387,1370,,6132,8347
1983,VT,525000,696,19,214,,146,317
1983,WA,4300000,15986,212,1923,,4533,9318
1983,WI,4751000,9070,131,861,,3415,4663
1983,WV,1965000,3375,96,263,,869,2147
1983,WY,514000,1219,30,110,,153,926
1984,AK,500000,3108,58,458,,547,2045
1984,AL,3990000,17204,374,1002,,3833,11995
1984,AR,2349000,7549,176,697,,1587,5089
1984,AZ,3053000,15756,238,1316,,4003,10199
1984,CA,25622000,195589,2717,11702,,83924,97246
1984,CO,3178000,14548,184,1238,,3623,9503
1984,CT,3154000,12422,122,759,,6009,5532
1984,DC,623000,10725,175,366,,6087,4097
1984,DE,613000,2671,25,300,,711,1635
1984,FL,10976000,95270,1264,5570,,30311,58125
1984,GA,5837000,27935,546,2356,,8414,16619
1984,HI,1039000,2409,34,314,,1204,857
1984,IA,2910000,5781,59,375,,1114,4233
1984,ID,1001000,2355,34,187,,244,1890
1984,IL,11511000,83441,1033,3594,,34965,43849
1984,IN,5498000,16781,303,1372,,5435,9671
1984,KS,2438000,8147,89,669,,1745,5644
1984,KY,3723000,10342,244,826,,2631,6641
1984,LA,4462000,30251,575,1864,,8501,19311
1984,MA,5798000,30362,211,1627,,10122,18402
1984,MD,4349000,34455,354,1640,,13097,19364
1984,ME,1156000,1832,20,155,,305,1352
1984,MI,9075000,68979,879,5880,,27832,34388
1984,MN,4162000,8802,74,1051,,2960,4717
1984,MO,5008000,23071,358,1325,,7053,14335
1984,MT,824000,1958,36,170,,226,1526
1984,NC,6165000,24885,539,1330,,4612,18404
1984,ND,686000,368,8,90,,53,217
1984,NE,1606000,3627,54,381,,693,2499
1984,NH,977000,1308,10,202,,227,869
1984,NJ,7515000,39659,402,2446,,18218,18593
1984,NM,1424000,9798,130,783,,1856,7029
1984,NV,911000,5726,98,553,,2542,2533
1984,NY,17735000,162157,1786,5599,,89900,64872
1984,OH,10752000,41430,551,3734,,15656,21489
1984,OK,3298000,13438,258,1315,,3668,8197
1984,OR,2674000,13533,128,1201,,4508,7696
1984,PA,11901000,38154,538,2764,,17656,17196
1984,RI,962000,3220,33,205,,1091,1891
1984,SC,3300000,20607,305,1329,,3408,15565
1984,SD,706000,1041,13,190,,105,733
1984,TN,4717000,21010,394,1887,,7867,10862
1984,TX,15989000,80737,2093,7343,,28540,42761
1984,UT,1652000,4035,47,336,,958,2694
1984,VA,5636000,16660,434,1503,,5765,8958
1984,VT,530000,769,12,105,,122,530
1984,WA,4349000,17676,202,2176,,5247,10051
1984,WI,4766000,9367,117,790,,3167,5293
1984,WV,1952000,3283,86,305,,744,2148
1984,WY,511000,1237,17,107,,118,995
1985,AK,521000,3031,51,402,,484,2094
1985,AL,4021000,18398,396,1079,,4237,12686
1985,AR,2359000,8199,187,686,,1617,5709
1985,AZ,3187000,19202,254,1458,,4670,12820
1985,CA,26365000,201763,2770,11421,,86387,101185
1985,CO,3231000,15219,189,1321,,4012,9697
1985,CT,3174000,12758,120,763,,6032,5843
1985,DC,626000,10171,147,337,,5230,4457
1985,DE,622000,2695,30,296,,773,1596
1985,FL,11366000,106971,1296,6004,,35506,64165
1985,GA,5976000,30311,620,2587,,9812,17292
1985,HI,1054000,2313,43,310,,1048,912
1985,IA,2884000,6106,55,363,,1187,4501
1985,ID,1005000,2360,22,192,,269,1877
1985,IL,11535000,82448,927,4529,,33120,43872
1985,IN,5499000,17014,319,1318,,5065,10312
1985,KS,2450000,8716,121,719,,1929,5947
1985,KY,3726000,11384,256,806,,2821,7501
1985,LA,4481000,31108,487,1782,,8526,20313
1985,MA,5822000,31334,202,1734,,10974,18424
1985,MD,4392000,36655,348,1700,,13272,21335
1985,ME,1164000,1950,28,167,,284,1471
1985,MI,9088000,66714,1018,6140,,26572,32984
1985,MN,4193000,10751,88,1242,,3598,5823
1985,MO,5029000,25321,409,1468,,7425,16019
1985,MT,826000,1722,48,159,,173,1342
1985,NC,6255000,26327,520,1488,,4893,19426
1985,ND,685000,322,7,50,,44,221
1985,NE,1606000,3821,47,376,,779,2619
1985,NH,998000,1405,21,191,,266,927
1985,NJ,7562000,41172,407,2424,,19282,19059
1985,NM,1450000,10207,158,722,,2003,7324
1985,NV,936000,6244,96,564,,2573,3011
1985,NY,17783000,165365,1683,5706,,89706,68270
1985,OH,10744000,41000,554,3966,,14301,22179
1985,OK,3301000,13930,254,1252,,3526,8898
1985,OR,2687000,14807,125,1363,,4986,8333
1985,PA,11853000,39240,550,2886,,17429,18375
1985,RI,968000,3355,35,253,,1122,1945
1985,SC,3347000,21121,304,1385,,3143,16289
1985,SD,708000,967,13,168,,121,665
1985,TN,4762000,22592,429,2027,,8614,11522
1985,TX,16370000,90030,2132,8364,,31680,47854
1985,UT,1645000,4398,50,381,,908,3059
1985,VA,5706000,16813,405,1551,,5720,9137
1985,VT,535000,790,18,103,,112,557
1985,WA,4409000,18757,231,2420,,5821,10285
1985,WI,4775000,9880,135,875,,3351,5519
1985,WV,1936000,3214,73,359,,728,2054
1985,WY,509000,1307,22,114,,102,1069
1986,AK,534000,3046,46,388,,470,2142
1986,AL,4053000,22616,409,1150,,4523,16534
1986,AR,2372000,9365,191,686,,1890,6598
1986,AZ,3317000,21835,307,1425,,5614,14489
1986,CA,26981000,248370,3038,12119,,92512,140701
1986,CO,3267000,17105,230,1382,,4731,10762
1986,CT,3189000,13578,148,760,,6129,6541
1986,DC,626000,9423,194,328,,4720,4181
1986,DE,633000,2703,31,360,,786,1526
1986,FL,11675000,121013,1371,6152,,42822,70668
1986,GA,6104000,35869,686,2678,,13056,19449
1986,HI,1062000,2604,51,329,,1129,1095
1986,IA,2851000,6703,51,356,,1197,5099
1986,ID,1003000,2232,32,201,,214,1785
1986,IL,11533000,93454,1023,4765,,37583,50083
1986,IN,5504000,16937,329,1424,,4954,10230
1986,KS,2461000,9076,108,810,,1958,6200
1986,KY,3728000,12467,248,860,,3076,8283
1986,LA,4501000,34128,575,1806,,10071,21676
1986,MA,5832000,32476,208,1731,,11239,19298
1986,MD,4463000,37177,401,1944,,13569,21263
1986,ME,1174000,1726,23,174,,328,1201
1986,MI,9145000,73517,1032,6167,,27550,38768
1986,MN,4214000,11991,105,1338,,4299,6249
1986,MO,5066000,29310,464,1480,,8624,18742
1986,MT,819000,1289,24,142,,160,963
1986,NC,6331000,30128,515,1673,,5551,22389
1986,ND,679000,348,7,79,,47,215
1986,NE,1598000,4196,50,393,,817,2936
1986,NH,1027000,1433,23,221,,242,947
1986,NJ,7620000,43623,399,2531,,20473,20220
1986,NM,1479000,10731,170,693,,1916,7952
1986,NV,963000,6923,121,625,,2763,3414
1986,NY,17772000,175210,1907,5415,,91360,76528
1986,OH,10752000,45260,595,4151,,15283,25231
1986,OK,3305000,14423,269,1202,,3521,9431
1986,OR,2698000,14830,178,1379,,5555,7718
1986,PA,11889000,42629,659,2984,,18085,20901
1986,RI,975000,3271,34,209,,1157,1871
1986,SC,3378000,22789,291,1395,,3361,17742
1986,SD,708000,883,28,125,,115,615
1986,TN,4803000,25919,501,2256,,9978,13184
1986,TX,16682000,109925,2258,8607,,40021,59039
1986,UT,1665000,4441,53,421,,976,2991
1986,VA,5787000,17708,411,1533,,6118,9646
1986,VT,541000,807,11,118,,120,558
1986,WA,4463000,19505,223,2382,,6031,10869
1986,WI,4785000,12339,149,961,,3483,7746
1986,WV,1919000,3156,114,362,,787,1893
1986,WY,507000,1486,27,111,,114,1234
1987,AK,525000,2391,53,341,,384,1613
1987,AL,4083000,22833,380,1137,,4581,16735
1987,AR,2388000,9839,182,779,,1890,6988
1987,AZ,3386000,20742,253,1396,,4687,14406
1987,CA,27663000,253943,2924,12109,,83341,155569
1987,CO,3296000,15409,191,1344,,3916,9958
1987,CT,3211000,13455,156,800,,5720,6779
1987,DC,622000,10016,225,245,,4462,5084
1987,DE,644000,2774,33,441,,789,1511
1987,FL,12023000,123168,1371,6032,,42869,72896
1987,GA,6222000,35868,735,2681,,13014,19438
1987,HI,1083000,2851,52,393,,1061,1345
1987,IA,2834000,6553,59,337,,1025,5132
1987,ID,998000,2138,31,175,,242,1690
1987,IL,11582000,92216,967,4443,,36406,50400
1987,IN,5531000,18169,307,1609,,4901,11352
1987,KS,2476000,8932,110,808,,2032,5982
1987,KY,3727000,12589,280,781,,3361,8167
1987,LA,4461000,30916,496,1600,,7987,20833
1987,MA,5855000,33060,173,1868,,10379,20640
1987,MD,4535000,34820,436,1795,,13164,19425
1987,ME,1187000,1806,30,186,,304,1286
1987,MI,9200000,71772,1124,6184,,25442,39022
1987,MN,4246000,12118,112,1439,,4354,6213
1987,MO,5103000,27792,423,1473,,8376,17520
1987,MT,809000,1223,33,160,,196,834
1987,NC,6413000,31039,519,1863,,6023,22634
1987,ND,672000,382,10,63,,51,258
1987,NE,1594000,4004,55,345,,751,2853
1987,NH,1057000,1581,32,281,,280,988
1987,NJ,7672000,41507,351,2559,,17862,20735
1987,NM,1500000,9427,152,646,,1625,7004
1987,NV,1007000,7006,85,622,,2744,3555
1987,NY,17825000,179691,2016,5537,,89721,82417
1987,OH,10784000,45436,630,4305,,16511,23990
1987,OK,3272000,13664,244,1173,,3583,8664
1987,OR,2724000,14697,153,1247,,5338,7959
1987,PA,11936000,44087,642,3130,,17241,23074
1987,RI,986000,3547,35,241,,1062,2209
1987,SC,3425000,22773,318,1497,,3463,17495
1987,SD,709000,849,13,146,,87,603
1987,TN,4855000,25900,444,2133,,9409,13914
1987,TX,16789000,105961,1959,8068,,38053,57881
1987,UT,1680000,3861,55,365,,887,2554
1987,VA,5904000,17414,437,1537,,6244,9196
1987,VT,548000,748,15,123,,92,518
1987,WA,4538000,19945,256,2370,,6417,10902
1987,WI,4807000,12014,168,954,,3192,7700
1987,WV,1897000,2605,92,429,,591,1493
1987,WY,490000,1387,10,154,,98,1125
1988,AK,513000,2682,29,296,,374,1983
1988,AL,4127000,23052,408,1228,,4860,16556
1988,AR,2422000,10237,211,780,,2037,7209
1988,AZ,3466000,21147,294,1345,,4750,14758
1988,CA,28168000,261912,2936,11780,,86141,161055
1988,CO,3290000,15548,187,1269,,3250,10842
1988,CT,3241000,14759,174,849,,6080,7656
1988,DC,620000,11914,369,165,,5690,5690
1988,DE,660000,2981,34,491,,784,1672
1988,FL,12377000,138343,1416,6154,,49916,80857
1988,GA,6401000,42589,748,2970,,15593,23278
1988,HI,1093000,2810,44,355,,919,1492
1988,IA,2834000,7279,47,446,,1132,5654
1988,ID,999000,2345,36,179,,202,1928
1988,IL,11544000,93557,991,4449,,36097,52020
1988,IN,5575000,21187,358,1731,,4963,14135
1988,KS,2487000,9083,85,779,,2136,6083
1988,KY,3721000,12284,229,835,,2764,8456
1988,LA,4420000,31711,512,1702,,9238,20259
1988,MA,5871000,36376,208,1876,,10352,23940
1988,MD,4644000,37466,449,1721,,13994,21302
1988,ME,1206000,1898,37,224,,311,1326
1988,MI,9300000,68980,1009,6462,,22424,39085
1988,MN,4306000,12490,124,1337,,4079,6950
1988,MO,5139000,28393,413,1505,,8638,17837
1988,MT,804000,989,21,135,,182,651
1988,NC,6526000,32753,510,1833,,7085,23325
1988,ND,663000,392,12,74,,54,252
1988,NE,1601000,4374,58,385,,898,3033
1988,NH,1097000,1622,25,276,,231,1090
1988,NJ,7720000,44993,411,2600,,18927,23055
1988,NM,1510000,9938,173,580,,1557,7628
1988,NV,1060000,8275,111,782,,3087,4295
1988,NY,17898000,196396,2244,5479,,97434,91239
1988,OH,10872000,49144,585,4632,,17546,26381
1988,OK,3263000,14179,243,1229,,3428,9279
1988,OR,2741000,14959,139,1111,,5289,8420
1988,PA,12027000,43534,660,2992,,16607,23275
1988,RI,995000,3947,41,303,,1146,2457
1988,SC,3493000,25889,325,1493,,4357,19714
1988,SD,715000,813,22,192,,87,512
1988,TN,4919000,26205,461,2201,,8537,15006
1988,TX,16780000,109499,2022,8119,,39301,60057
1988,UT,1691000,4110,47,399,,915,2749
1988,VA,5996000,17940,468,1622,,6748,9102
1988,VT,556000,791,11,128,,89,563
1988,WA,4619000,21543,264,2611,,6738,11930
1988,WI,4858000,10414,144,965,,3258,6047
1988,WV,1884000,2476,93,353,,644,1386
1988,WY,471000,1479,12,113,,71,1283
1989,AK,527000,2623,42,279,,356,1946
1989,AL,4118000,24329,421,1276,,5515,17117
1989,AR,2406000,11397,203,924,,2660,7610
1989,AZ,3556000,21320,237,1286,,4944,14853
1989,CA,29063000,284136,3158,11966,,96431,172581
1989,CO,3317000,15636,146,1202,,2984,11304
1989,CT,3239000,16576,190,892,,6956,8538
1989,DC,604000,12937,434,186,,6542,5775
1989,DE,673000,3745,34,569,,934,2208
1989,FL,12671000,140575,1405,6299,,51188,81683
1989,GA,6436000,47357,820,3150,,17450,25937
1989,HI,1112000,3004,53,496,,925,1530
1989,IA,2840000,7563,54,459,,1108,5942
1989,ID,1014000,2582,26,236,,152,2168
1989,IL,11658000,98611,1051,4161,,39138,54261
1989,IN,5593000,22735,353,1804,,5671,14907
1989,KS,2513000,10073,138,917,,2508,6510
1989,KY,3727000,13302,293,917,,2836,9256
1989,LA,4382000,34257,653,1675,,10397,21532
1989,MA,5913000,39912,254,1881,,11980,25797
1989,MD,4694000,40152,544,1783,,15589,22236
1989,ME,1222000,1676,39,229,,293,1115
1989,MI,9273000,65760,993,6624,,20616,37527
1989,MN,4353000,12549,111,1363,,4128,6947
1989,MO,5159000,32634,409,1587,,10060,20578
1989,MT,806000,935,23,145,,137,630
1989,NC,6571000,35902,584,1964,,8770,24584
1989,ND,660000,417,4,78,,61,274
1989,NE,1611000,4503,40,381,,837,3245
1989,NH,1107000,1865,36,327,,264,1238
1989,NJ,7736000,47111,394,2449,,21139,23129
1989,NM,1528000,10755,132,702,,1607,8314
1989,NV,1111000,6947,91,662,,2784,3410
1989,NY,17950000,203042,2246,5242,,103983,91571
1989,OH,10907000,51109,652,4872,,18635,26950
1989,OK,3224000,15847,210,1209,,4070,10358
1989,OR,2820000,14625,134,1314,,4282,8895
1989,PA,12040000,45586,753,2963,,18025,23845
1989,RI,998000,3772,49,266,,1122,2335
1989,SC,3512000,28576,320,1632,,4574,22050
1989,SD,715000,969,9,229,,84,647
1989,TN,4940000,27118,417,2270,,7926,16505
1989,TX,16991000,111889,2029,7951,,37913,63996
1989,UT,1707000,4417,45,489,,898,2985
1989,VA,6098000,19057,480,1638,,6494,10445
1989,VT,567000,753,11,131,,102,509
1989,WA,4761000,22460,209,2938,,6672,12641
1989,WI,4867000,10834,176,993,,3659,6006
1989,WV,1857000,2724,121,347,,793,1463
1989,WY,475000,1227,21,134,,81,991
1990,AK,550043,2885,41,401,,422,2021
1990,AL,4040587,28630,467,1319,,5805,21039
1990,AR,2350725,12511,241,1019,,2661,8590
1990,AZ,3665228,23911,284,1500,,5897,16230
1990,CA,29760021,311051,3553,12688,,112208,182602
1990,CO,3294394,17328,138,1521,,2985,12684
1990,CT,3287116,18201,166,918,,7717,9400
1990,DC,606900,14919,472,303,,7365,6779
1990,DE,666168,4365,33,587,,1098,2647
1990,FL,12937926,160990,1379,6781,,53928,98902
1990,GA,6478216,48996,767,3472,,17067,27690
1990,HI,1108229,3113,44,360,,1013,1696
1990,IA,2776755,8321,54,510,,1089,6668
1990,ID,1006749,2776,27,275,,151,2323
1990,IL,11430602,110575,1182,4505,,45038,59850
1990,IN,5544159,26275,344,2103,,5619,18209
1990,KS,2477574,11093,98,1002,,2914,7079
1990,KY,3685296,14386,264,1068,,2545,10509
1990,LA,4219973,37914,724,1781,,11387,24022
1990,MA,6016425,44300,243,2030,,13062,28965
1990,MD,4781468,43940,552,2185,,17394,23809
1990,ME,1227928,1759,30,242,,308,1179
1990,MI,9295297,73468,971,7209,,21752,43536
1990,MN,4375099,13392,117,1487,,4057,7731
1990,MO,5117073,36602,449,1663,,11073,23417
1990,MT,799065,1273,39,195,,173,866
1990,NC,6628637,41332,711,2272,,10082,28267
1990,ND,638800,472,5,114,,50,303
1990,NE,1578385,5209,43,473,,807,3886
1990,NH,1109252,1459,21,386,,302,750
1990,NJ,7730188,50057,432,2307,,23269,24049
1990,NM,1515069,11821,139,753,,1744,9185
1990,NV,1201833,7222,116,748,,2864,3494
1990,NY,17990455,212458,2605,5368,,112380,92105
1990,OH,10847115,54904,663,5075,,20451,28715
1990,OK,3145585,17222,253,1479,,3836,11654
1990,OR,2842321,14405,108,1332,,4102,8863
1990,PA,11881643,51213,801,3068,,20930,26414
1990,RI,1003464,4334,48,248,,1224,2814
1990,SC,3486703,34050,390,1873,,5313,26474
1990,SD,696004,1133,14,239,,86,794
1990,TN,4877185,32698,511,2415,,9325,20447
1990,TX,16986510,129343,2389,8750,,44297,73907
1990,UT,1722850,4892,52,651,,980,3209
1990,VA,6187358,21694,545,1915,,7626,11608
1990,VT,562758,716,13,146,,66,491
1990,WA,4866692,24410,238,3115,,6326,14731
1990,WI,4891769,12948,225,1013,,5514,6196
1990,WV,1793477,3036,102,423,,680,1831
1990,WY,453588,1367,22,134,,72,1139
1991,AK,570000,3499,42,523,,645,2289
1991,AL,4089000,34518,469,1455,,6246,26348
1991,AR,2372000,14072,264,1058,,3217,9533
1991,AZ,3750000,25152,291,1590,,6215,17056
1991,CA,30380000,331122,3859,12896,,124939,189428
1991,CO,3377000,18887,199,1588,,3628,13472
1991,CT,3291000,17761,187,960,,7384,9230
1991,DC,598000,14671,482,214,,7269,6706
1991,DE,680000,4857,37,588,,1460,2772
1991,FL,13277000,157243,1248,6865,,53083,96047
1991,GA,6623000,48894,849,2800,,17762,27483
1991,HI,1135000,2744,45,375,,986,1338
1991,IA,2795000,8477,57,583,,1257,6580
1991,ID,1039000,3016,19,300,,215,2482
1991,IL,11543000,119955,1300,4615,,52653,61387
1991,IN,5610000,28349,423,2318,,6506,19102
1991,KS,2495000,12465,153,1118,,3453,7741
1991,KY,3713000,16262,253,1315,,3084,11610
1991,LA,4252000,40438,720,1738,,11860,26120
1991,MA,5996000,44138,249,1926,,11669,30294
1991,MD,4860000,46469,569,2229,,19783,23888
1991,ME,1235000,1631,15,270,,280,1066
1991,MI,9368000,75232,1009,7372,,22790,44061
1991,MN,4432000,14006,131,1762,,4345,7768
1991,MO,5158000,39358,543,1756,,12952,24107
1991,MT,808000,1130,21,160,,150,799
1991,NC,6737000,44355,769,2331,,11990,29265
1991,ND,635000,415,7,116,,51,241
1991,NE,1593000,5330,52,447,,861,3970
1991,NH,1105000,1318,40,330,,365,583
1991,NJ,7760000,49257,406,2259,,22744,23848
1991,NM,1548000,12922,163,811,,1862,10086
1991,NV,1284000,8693,152,848,,4012,3681
1991,NY,18058000,210184,2571,5085,,112342,90186
1991,OH,10939000,61460,783,5748,,23536,31393
1991,OK,3175000,18533,230,1615,,4094,12594
1991,OR,2922000,14795,133,1561,,4387,8714
1991,PA,11961000,53824,758,3435,,23191,26440
1991,RI,1004000,4638,37,310,,1234,3057
1991,SC,3560000,34621,402,2098,,6092,26029
1991,SD,703000,1281,12,279,,132,858
1991,TN,4953000,35955,547,2299,,10543,22566
1991,TX,17349000,145743,2652,9266,,49700,84125
1991,UT,1770000,5077,52,808,,976,3241
1991,VA,6286000,23459,583,1879,,8651,12346
1991,VT,567000,662,12,173,,67,410
1991,WA,5018000,26224,211,3529,,7303,15181
1991,WI,4955000,13723,239,1259,,5895,6330
1991,WV,1801000,3440,111,415,,779,2135
1991,WY,460000,1427,15,119,,79,1214
1992,AK,587000,3877,44,579,,640,2614
1992,AL,4136000,36052,455,1704,,6819,27074
1992,AR,2399000,13831,259,990,,3011,9571
1992,AZ,3832000,25706,312,1647,,5867,17880
1992,CA,30867000,345624,3921,12761,,130897,198045
1992,CO,3470000,20086,216,1641,,4180,14049
1992,CT,3281000,16252,166,884,,6918,8284
1992,DC,589000,16685,443,215,,7459,8568
1992,DE,689000,4280,32,591,,1042,2615
1992,FL,13488000,162827,1208,7310,,49482,104827
1992,GA,6751000,49496,741,3057,,16863,28835
1992,HI,1160000,2998,42,440,,1151,1365
1992,IA,2812000,7816,44,528,,1113,6131
1992,ID,1067000,3003,37,339,,229,2398
1992,IL,11631000,113664,1322,4312,,47973,60057
1992,IN,5662000,28791,464,2398,,6921,19008
1992,KS,2523000,12888,151,1042,,3277,8418
1992,KY,3755000,20107,216,1209,,3273,15409
1992,LA,4287000,42209,747,1813,,11636,28013
1992,MA,5998000,46727,214,2166,,11059,33288
1992,MD,4908000,49085,596,2278,,21054,25157
1992,ME,1235000,1616,21,294,,288,1013
1992,MI,9437000,72672,938,7550,,20902,43282
1992,MN,4480000,15144,150,1840,,4906,8248
1992,MO,5193000,38448,547,1895,,11783,24223
1992,MT,824000,1400,24,210,,222,944
1992,NC,6843000,46600,723,2455,,12784,30638
1992,ND,636000,530,12,148,,50,320
1992,NE,1606000,5598,68,504,,911,4115
1992,NH,1111000,1397,18,424,,367,588
1992,NJ,7789000,48745,397,2392,,22216,23740
1992,NM,1581000,14781,141,990,,2202,11448
1992,NV,1327000,9247,145,833,,4397,3872
1992,NY,18119000,203311,2397,5152,,108154,87608
1992,OH,11016000,57935,724,5739,,21925,29547
1992,OK,3212000,20005,210,1556,,4376,13863
1992,OR,2977000,15189,139,1580,,4507,8963
1992,PA,12009000,51276,746,3324,,21701,25505
1992,RI,1005000,3965,36,311,,950,2668
1992,SC,3603000,34029,373,2072,,6148,25436
1992,SD,711000,1383,4,368,,120,891
1992,TN,5024000,37487,520,2377,,10964,23626
1992,TX,17656000,142369,2239,9437,,44588,86105
1992,UT,1813000,5267,54,823,,1014,3376
1992,VA,6377000,23907,564,2008,,8787,12548
1992,VT,570000,624,12,142,,51,419
1992,WA,5136000,27454,258,3697,,7178,16321
1992,WI,5007000,13806,218,1315,,5997,6276
1992,WV,1812000,3833,115,393,,788,2537
1992,WY,466000,1489,17,163,,84,1225
1993,AK,599000,4557,54,502,,733,3268
1993,AL,4187000,32676,484,1471,,6677,24044
1993,AR,2424000,14381,247,1028,,3027,10079
1993,AZ,3936000,28142,339,1488,,6412,19903
1993,CA,31211000,336381,4096,11766,,126436,194083
1993,CO,3566000,20229,206,1633,,4160,14230
1993,CT,3277000,14949,206,800,,6447,7496
1993,DC,578000,16888,454,324,,7107,9003
1993,DE,700000,4801,35,539,,1307,2920
1993,FL,13679000,164975,1224,7359,,48913,107479
1993,GA,6917000,50019,789,2448,,17154,29628
1993,HI,1172000,3061,45,394,,1214,1408
1993,IA,2814000,9159,66,686,,1517,6890
1993,ID,1099000,3097,32,388,,186,2491
1993,IL,11697000,112260,1332,4046,,44584,62298
1993,IN,5713000,27941,430,2234,,6845,18432
1993,KS,2531000,12564,161,1016,,3128,8259
1993,KY,3789000,17530,249,1301,,3425,12555
1993,LA,4295000,45600,874,1817,,12182,30727
1993,MA,6012000,48393,233,2006,,10563,35591
1993,MD,4965000,49540,632,2185,,21582,25141
1993,ME,1239000,1558,20,329,,264,945
1993,MI,9478000,75021,933,6740,,22601,44747
1993,MN,4517000,15986,155,2796,,5092,7943
1993,MO,5234000,38963,590,1894,,12654,23825
1993,MT,839000,1489,25,234,,272,958
1993,NC,6945000,47178,785,2379,,13364,30650
1993,ND,635000,522,11,149,,53,309
1993,NE,1607000,6071,63,447,,1003,4558
1993,NH,1125000,1550,23,499,,307,721
1993,NJ,7879000,49390,418,2215,,23319,23438
1993,NM,1616000,15024,130,842,,2237,11815
1993,NV,1389000,12157,144,846,,4724,6443
1993,NY,18197000,195352,2420,5008,,102122,85802
1993,OH,11091000,55915,667,5444,,21373,28431
1993,OK,3231000,20512,273,1592,,3935,14712
1993,OR,3032000,15254,140,1554,,3930,9630
1993,PA,12048000,50295,823,3195,,21563,24714
1993,RI,1000000,4017,39,286,,1011,2681
1993,SC,3643000,37281,377,1905,,6825,28174
1993,SD,715000,1490,24,318,,107,1041
1993,TN,5099000,39047,521,2544,,11224,24758
1993,TX,18031000,137419,2147,9922,,40469,84881
1993,UT,1860000,5599,58,829,,1090,3622
1993,VA,6491000,24160,539,2083,,9216,12322
1993,VT,576000,658,21,229,,52,356
1993,WA,5255000,27040,271,3384,,7204,16181
1993,WI,5038000,13321,222,1269,,5714,6116
1993,WV,1820000,3793,126,365,,782,2520
1993,WY,470000,1345,16,161,,81,1087
1994,AK,606000,4644,38,418,,886,3302
1994,AL,4219000,28844,501,1487,,7223,19633
1994,AR,2453000,14598,294,1028,,3158,10118
1994,AZ,4075000,28653,426,1465,,6601,20161
1994,CA,31431000,318395,3703,10984,,112160,191548
1994,CO,3656000,18632,199,1579,,3910,12944
1994,CT,3275000,14916,215,806,,6150,7745
1994,DC,570000,15177,399,249,,6311,8218
1994,DE,706000,4549,33,546,,1141,2829
1994,FL,13953000,160016,1165,7301,,45871,105679
1994,GA,7055000,47103,703,2448,,15703,28249
1994,HI,1179000,3091,50,359,,1221,1461
1994,IA,2829000,8914,47,666,,1327,6874
1994,ID,1133000,3238,40,316,,209,2673
1994,IL,11752000,112928,1378,3913,,43788,63849
1994,IN,5752000,30205,453,2046,,7490,20216
1994,KS,2554000,11314,170,1055,,2940,7149
1994,KY,3827000,16991,244,1350,,3595,11802
1994,LA,4315000,42369,856,1923,,11530,28060
1994,MA,6041000,42749,214,1825,,10160,30550
1994,MD,5006000,47457,579,2035,,20147,24696
1994,ME,1240000,1611,28,318,,278,987
1994,MI,9496000,72751,927,6720,,21733,43371
1994,MN,4567000,16397,147,2725,,5370,8155
1994,MO,5278000,39240,554,1955,,12178,24553
1994,MT,856000,1516,28,233,,280,975
1994,NC,7070000,46308,772,2334,,12811,30391
1994,ND,638000,522,1,149,,71,301
1994,NE,1623000,6322,51,500,,1223,4548
1994,NH,1137000,1328,16,407,,308,597
1994,NJ,7904000,48544,396,1972,,22762,23414
1994,NM,1654000,14708,177,866,,2329,11336
1994,NV,1457000,14597,170,1001,,5134,8292
1994,NY,18169000,175433,2016,4700,,86617,82100
1994,OH,11102000,53930,662,5231,,20821,27216
1994,OK,3258000,21225,226,1616,,4174,15209
1994,OR,3086000,16067,150,1333,,4264,10320
1994,PA,12052000,51425,712,3145,,22497,25071
1994,RI,997000,3744,41,273,,870,2560
1994,SC,3664000,37756,353,1991,,6817,28595
1994,SD,721000,1641,10,303,,135,1193
1994,TN,5175000,38705,482,2545,,10735,24943
1994,TX,18378000,129838,2022,9102,,37643,81071
1994,UT,1908000,5810,56,806,,1213,3735
1994,VA,6552000,23437,571,1868,,8704,12294
1994,VT,580000,562,6,160,,71,325
1994,WA,5343000,27317,294,3230,,7464,16329
1994,WI,5082000,13748,227,1192,,5739,6590
1994,WV,1822000,3931,99,370,,772,2690
1994,WY,476000,1297,16,160,,79,1042
1995,AK,604000,4656,55,485,,937,3179
1995,AL,4253000,26894,475,1350,,7900,17169
1995,AR,2484000,13741,259,925,,3122,9435
1995,AZ,4218000,30095,439,1418,,7329,20909
1995,CA,31589000,305154,3531,10554,,104611,186458
1995,CO,3747000,16494,216,1480,,3604,11194
1995,CT,3275000,13293,150,776,,5345,7022
1995,DC,554000,14744,360,292,,6864,7228
1995,DE,717000,5198,25,575,,1425,3173
1995,FL,14166000,151711,1037,6887,,42485,101302
1995,GA,7201000,47317,683,2539,,14777,29318
1995,HI,1187000,3509,56,336,,1553,1564
1995,IA,2842000,10071,51,619,,1507,7894
1995,ID,1163000,3745,48,330,,279,3088
1995,IL,11830000,117836,1221,4313,,39139,73163
1995,IN,5803000,30451,466,1930,,7844,20211
1995,KS,2565000,10792,159,938,,2775,6920
1995,KY,3860000,14079,276,1231,,4001,8571
1995,LA,4342000,43741,740,1855,,11662,29484
1995,MA,6074000,41739,217,1759,,9137,30626
1995,MD,5042000,49757,596,2130,,21334,25697
1995,ME,1241000,1631,25,265,,334,1007
1995,MI,9549000,65680,808,5917,,17885,41070
1995,MN,4610000,16416,182,2593,,5702,7939
1995,MO,5324000,35339,469,1711,,10863,22296
1995,MS,2697000,13560,348,1054,,3530,8628
1995,MT,870000,1491,35,231,,253,972
1995,NC,7195000,46508,677,2320,,12896,30615
1995,ND,641000,556,6,146,,64,340
1995,NE,1637000,6253,48,317,,1067,4821
1995,NH,1148000,1314,21,333,,314,646
1995,NJ,7945000,47652,409,1927,,22486,22830
1995,NM,1685000,13804,148,954,,2604,10098
1995,NV,1530000,14461,163,937,,4966,8395
1995,NY,18136000,152683,1550,4290,,72492,74351
1995,OH,11151000,53799,600,4835,,19931,28433
1995,OK,3278000,21770,400,1461,,3788,16121
1995,OR,3141000,16408,129,1309,,4332,10638
1995,PA,12072000,51586,755,3046,,22858,24927
1995,RI,990000,3643,33,267,,914,2429
1995,SC,3673000,36067,292,1737,,6461,27577
1995,SD,729000,1513,13,299,,189,1012
1995,TN,5256000,40549,557,2477,,11732,25783
1995,TX,18724000,124303,1693,8563,,33667,80380
1995,UT,1951000,6415,76,834,,1309,4196
1995,VA,6618000,23921,503,1799,,8718,12901
1995,VT,585000,692,13,165,,64,450
1995,WA,5431000,26300,275,3214,,7209,15602
1995,WI,5123000,14399,219,1194,,5384,7602
1995,WV,1828000,3842,89,388,,781,2584
1995,WY,480000,1220,10,165,,86,959
1996,AK,607000,4417,45,398,,710,3264
1996,AL,4273000,24159,444,1397,,7124,15194
1996,AR,2510000,13161,219,1046,,2864,9032
1996,AZ,4428000,27963,377,1381,,7429,18776
1996,CA,31878000,274996,2916,10244,,94222,167614
1996,CO,3823000,15463,180,1765,,3755,9763
1996,CT,3274000,13490,158,755,,5552,7025
1996,DC,543000,13411,397,260,,6444,6310
1996,DE,725000,4845,31,454,,1304,3056
1996,FL,14400000,151350,1077,7508,,41643,101122
1996,GA,7353000,46966,630,2357,,15100,28879
1996,HI,1184000,3322,40,326,,1606,1350
1996,IA,2852000,7771,53,561,,1286,5871
1996,ID,1189000,3177,43,313,,241,2580
1996,IL,11847000,105482,1179,4548,,33106,66649
1996,IN,5841000,31366,420,1992,,7249,21705
1996,KS,2572000,10642,170,1096,,2476,6900
1996,KY,3884000,12448,228,1230,,3643,7347
1996,LA,4351000,40426,762,1805,,12036,25823
1996,MA,6092000,39122,157,1767,,7778,29420
1996,MD,5072000,47230,588,1905,,19944,24793
1996,ME,1243000,1553,25,260,,292,976
1996,MI,9594000,60951,722,5466,,16907,37856
1996,MN,4658000,15782,167,2327,,5385,7903
1996,MO,5359000,31669,433,1566,,9142,20528
1996,MS,2716000,13261,301,981,,3646,8333
1996,MT,879000,1415,34,238,,261,882
1996,NC,7323000,43068,619,2289,,12001,28159
1996,ND,644000,541,14,155,,71,301
1996,NE,1652000,7182,48,447,,1052,5635
1996,NH,1162000,1373,20,404,,317,632
1996,NJ,7988000,42459,338,1976,,18838,21307
1996,NM,1713000,14399,197,1088,,2782,10332
1996,NV,1603000,13005,220,856,,4931,6998
1996,NY,18185000,132206,1353,4174,,61822,64857
1996,OH,11173000,47896,538,4617,,18336,24405
1996,OK,3301000,19710,223,1545,,3519,14423
1996,OR,3204000,14837,129,1272,,3914,9522
1996,PA,12056000,57905,686,3034,,22784,31401
1996,RI,990000,3437,25,287,,824,2301
1996,SC,3699000,36875,332,1821,,6361,28361
1996,SD,732000,1297,9,300,,138,850
1996,TN,5320000,41175,503,2475,,11902,26295
1996,TX,19128000,123270,1477,8376,,32804,80613
1996,UT,2000000,6638,63,836,,1377,4362
1996,VA,6675000,22782,500,1783,,8181,12318
1996,VT,589000,714,11,159,,91,453
1996,WA,5533000,23857,255,2828,,6587,14187
1996,WI,5160000,13039,204,1086,,4982,6767
1996,WV,1826000,3836,69,358,,737,2672
1996,WY,481000,1201,16,140,,98,947
1997,AK,609000,4270,54,403,,648,3165
1997,AL,4319000,24379,426,1396,,6931,15626
1997,AR,2523000,13293,250,1098,,2814,9131
1997,AZ,4555000,28411,375,1492,,7547,18997
1997,CA,32268000,257582,2579,10189,,81468,163346
1997,CO,3893000,14139,157,1677,,3242,9063
1997,CT,3270000,12781,124,740,,4999,6918
1997,DC,529000,10708,301,218,,4501,5688
1997,DE,732000,5753,22,428,,1783,3520
1997,FL,14654000,149996,1012,7599,,40459,100926
1997,GA,7486000,45408,563,2328,,15473,27044
1997,HI,1187000,3299,47,371,,1403,1478
1997,IA,2852000,8841,52,579,,1593,6617
1997,ID,1210000,3107,39,350,,237,2481
1997,IL,11896000,102476,1096,4415,,33123,63842
1997,IN,5864000,30179,430,1928,,7763,20058
1997,KS,2595000,11151,150,1179,,2535,7287
1997,KY,3908000,12386,228,1304,,3546,7308
1997,LA,4352000,37248,682,1799,,10407,24360
1997,MA,6118000,39411,119,1647,,6676,30969
1997,MD,5094000,43127,502,1814,,17157,23654
1997,ME,1242000,1500,25,254,,257,964
1997,MI,9774000,57663,759,5070,,14934,36900
1997,MN,4686000,15827,129,2446,,5373,7879
1997,MO,5402000,31192,426,1525,,8430,20811
1997,MS,2731000,12808,358,1065,,3741,7644
1997,MT,879000,1161,42,171,,179,769
1997,NC,7425000,45071,614,2348,,12817,29292
1997,ND,641000,559,6,159,,41,353
1997,NE,1657000,7265,50,406,,1097,5712
1997,NH,1173000,1328,16,395,,274,643
1997,NJ,8053000,39673,337,1729,,16957,20650
1997,NM,1730000,14762,134,872,,2966,10790
1997,NV,1677000,13395,187,1005,,5071,7132
1997,NY,18137000,124890,1093,4075,,56094,63628
1997,OH,11186000,48706,523,4566,,17755,25862
1997,OK,3317000,18560,229,1517,,3446,13368
1997,OR,3243000,14412,95,1306,,3811,9200
1997,PA,12020000,53140,705,3289,,18788,30358
1997,RI,987000,3292,25,363,,707,2197
1997,SC,3760000,37235,314,1837,,6624,28460
1997,SD,738000,1457,10,357,,172,918
1997,TN,5368000,42389,511,3056,,11487,27335
1997,TX,19439000,117126,1327,8011,,30522,77266
1997,UT,2059000,6878,50,977,,1408,4443
1997,VA,6734000,23249,488,1819,,8384,12558
1997,VT,589000,705,9,156,,79,461
1997,WA,5610000,24724,244,2885,,6734,14864
1997,WI,5170000,13988,205,1048,,5214,7521
1997,WV,1816000,3971,75,355,,782,2759
1997,WY,480000,1225,17,137,,85,986
1998,AK,614000,4015,41,421,,532,3021
1998,AL,4352000,22286,354,1443,,5698,14791
1998,AR,2538000,12442,201,893,,2442,8906
1998,AZ,4669000,26984,376,1451,,7715,17442
1998,CA,32667000,229883,2171,9782,,68782,149148
1998,CO,3971000,15008,183,1883,,3238,9704
1998,CT,3274000,11993,135,728,,4379,6751
1998,DC,523000,8988,260,190,,3606,4932
1998,DE,744000,5672,21,499,,1445,3707
1998,FL,14916000,140016,967,7404,,36198,95447
1998,GA,7642000,43762,618,2322,,14308,26514
1998,HI,1193000,2946,24,352,,1225,1345
1998,IA,2862000,8916,54,728,,1456,6678
1998,ID,1229000,3468,36,386,,264,2782
1998,IL,12045000,97291,1008,4095,,29927,62261
1998,IN,5899000,25423,454,1952,,6561,16456
1998,KS,2629000,10972,173,1128,,2287,7384
1998,KY,3936000,12909,237,1107,,3468,8097
1998,LA,4369000,34057,560,1609,,8651,23237
1998,MA,6147000,38192,124,1687,,5938,30443
1998,MD,5135000,40903,513,1714,,15339,23337
1998,ME,1244000,1566,26,225,,263,1052
1998,MI,9817000,60947,721,4946,,15293,39987
1998,MN,4725000,14656,121,2358,,4371,7806
1998,MO,5439000,30222,399,1463,,8116,20244
1998,MS,2752000,11302,315,1026,,3394,6567
1998,MT,880000,1797,18,235,,232,1312
1998,NC,7546000,43723,612,2311,,12133,28667
1998,ND,638000,570,7,212,,65,286
1998,NE,1663000,7507,51,417,,1290,5749
1998,NH,1185000,1270,18,400,,255,597
1998,NJ,8115000,35720,325,1623,,15109,18663
1998,NM,1737000,16700,190,957,,2839,12714
1998,NV,1747000,11244,170,911,,4453,5710
1998,NY,18175000,115915,924,3843,,49125,62023
1998,OH,11209000,40628,443,4543,,14960,20682
1998,OK,3347000,18053,204,1513,,3078,13258
1998,OR,3282000,13778,126,1307,,3452,8893
1998,PA,12001000,50470,633,3223,,19787,26827
1998,RI,988000,3084,24,351,,659,2050
1998,SC,3836000,34647,306,1753,,5943,26645
1998,SD,738000,1139,10,258,,149,722
1998,TN,5431000,38832,460,2485,,9667,26220
1998,TX,19760000,111566,1346,7913,,28677,73630
1998,UT,2100000,6599,65,875,,1385,4274
1998,VA,6791000,22115,422,1810,,7171,12712
1998,VT,591000,628,13,163,,56,396
1998,WA,5689000,24380,224,2740,,6577,14839
1998,WI,5224000,13009,190,1037,,4474,7308
1998,WV,1811000,4503,78,339,,676,3410
1998,WY,481000,1191,23,133,,78,957
1999,AK,619500,3908,52,517,,566,2773
1999,AL,4369862,21421,345,1513,,5297,14266
1999,AR,2551373,10848,143,710,,2024,7971
1999,AZ,4778332,26334,384,1383,,7288,17279
1999,CA,33145121,207879,2005,9363,,60039,136472
1999,CO,4056133,13811,185,1679,,3056,8891
1999,CT,3282031,11342,107,654,,4054,6527
1999,DC,519000,8448,241,248,,3344,4615
1999,DE,753538,5534,24,529,,1492,3489
1999,FL,15111244,129044,859,6990,,31969,89226
1999,GA,7788240,41585,583,2319,,12962,25721
1999,HI,1185497,2785,44,354,,1044,1343
1999,IA,2869413,8034,43,780,,1051,6160
1999,ID,1251700,3066,25,417,,223,2401
1999,IL,12128370,83621,939,4297,,26365,52020
1999,IN,5942901,22261,391,1607,,6496,13767
1999,KS,2654052,10159,160,1065,,2047,6887
1999,KY,3960825,12212,203,1148,,3104,7757
1999,LA,4372035,32033,468,1448,,7591,22526
1999,MA,6175169,34023,122,1663,,5931,26307
1999,MD,5171634,38447,465,1551,,13636,22795
1999,ME,1253040,1404,25,239,,243,897
1999,MI,9863775,56709,695,4849,,14103,37062
1999,MN,4775508,13085,134,2038,,3917,6996
1999,MO,5468338,27353,359,1439,,7149,18406
1999,MS,2768619,9671,213,1156,,3091,5211
1999,MT,882779,2090,22,293,,239,1536
1999,NC,7650789,41474,552,2155,,12087,26680
1999,ND,633666,424,10,142,,56,216
1999,NE,1666028,7167,60,414,,1264,5429
1999,NH,1201134,1159,18,345,,257,539
1999,NJ,8143412,33540,287,1409,,14243,17601
1999,NM,1739844,14520,170,944,,2579,10827
1999,NV,1809253,10311,165,943,,4209,4994
1999,NY,18196601,107147,903,3563,,43821,58860
1999,OH,11256654,35616,397,4129,,14405,16685
1999,OK,3358044,17066,231,1375,,2785,12675
1999,OR,3316154,12432,88,1219,,2858,8267
1999,PA,11994016,50431,592,3279,,18670,27890
1999,RI,990819,2840,36,391,,788,1625
1999,SC,3885736,32920,258,1587,,5760,25315
1999,SD,733133,1227,18,336,,103,770
1999,TN,5483535,38111,391,2415,,8598,26707
1999,TX,20044141,112306,1217,7614,,29405,74070
1999,UT,2129836,5869,44,806,,1158,3861
1999,VA,6872912,21626,392,1720,,6947,12567
1999,VT,593740,676,17,136,,65,458
1999,WA,5756361,21716,171,2711,,5808,13026
1999,WI,5250446,12908,179,1055,,4449,7225
1999,WV,1806928,6336,79,337,,661,5259
1999,WY,479602,1115,11,137,,74,893
2000,AK,626932,3554,27,497,,490,2540
2000,AL,4447100,21620,329,1482,,5702,14107
2000,AR,2673400,11904,168,848,,2001,8887
2000,AZ,5130632,27281,359,1577,,7504,17841
2000,CA,33871648,210531,2079,9785,,60249,138418
2000,CO,4301261,14367,134,1774,,3034,9425
2000,CT,3405565,11058,98,678,,3832,6450
2000,DC,572059,8626,239,251,,3554,4582
2000,DE,783600,5363,25,424,,1394,3520
2000,FL,15982378,129777,903,7057,,31809,90008
2000,GA,8186453,41319,651,1968,,13250,25450
2000,HI,1211537,2954,35,346,,1123,1450
2000,IA,2926324,7796,46,676,,1071,6003
2000,ID,1293953,3267,16,384,,223,2644
2000,IL,12419293,81196,898,3926,,25641,50731
2000,IN,6080485,21230,352,1759,,6282,12837
2000,KS,2688418,10470,169,1022,,2048,7231
2000,KY,4041769,11903,193,1091,,3256,7363
2000,LA,4468976,30440,560,1497,,7532,20851
2000,MA,6349097,30230,125,1696,,5815,22594
2000,MD,5296486,41663,430,1543,,13560,26130
2000,ME,1274923,1397,15,320,,247,815
2000,MI,9938444,55159,669,5025,,13712,35753
2000,MN,4919479,13813,151,2240,,3713,7709
2000,MO,5595211,27419,347,1351,,7598,18123
2000,MS,2844658,10267,255,1019,,2703,6290
2000,MT,902195,2807,20,308,,203,2276
2000,NC,8049313,40051,560,2181,,12595,24715
2000,ND,642200,523,4,169,,56,294
2000,NE,1711263,5606,63,436,,1147,3960
2000,NH,1235786,2167,22,522,,453,1170
2000,NJ,8414350,32298,289,1357,,13553,17099
2000,NM,1819046,13786,135,922,,2499,10230
2000,NV,1998257,10474,129,860,,4543,4942
2000,NY,18976457,105111,952,3530,,40539,60090
2000,OH,11353140,37935,418,4271,,15610,17636
2000,OK,3450654,17177,182,1422,,2615,12958
2000,OR,3421399,12000,70,1286,,2888,7756
2000,PA,12281054,51584,602,3247,,18155,29580
2000,RI,1048319,3121,45,412,,922,1742
2000,SC,4012012,33225,291,1660,,6220,25054
2000,SD,754844,1259,7,305,,131,816
2000,TN,5689283,40233,410,2186,,9465,28172
2000,TX,20851820,113653,1238,7856,,30257,74302
2000,UT,2233169,5711,43,863,,1242,3563
2000,VA,7078515,19943,401,1616,,6295,11631
2000,VT,608827,691,9,140,,117,425
2000,WA,5894121,21788,196,2737,,5812,13043
2000,WI,5363675,12700,169,1165,,4537,6829
2000,WV,1808344,5723,46,331,,749,4597
2000,WY,493782,1316,12,160,,70,1074
2001,AK,633630,3735,39,501,,514,2681
2001,AL,4468912,19582,379,1369,,5584,12250
2001,AR,2694698,12190,148,892,,2181,8969
2001,AZ,5306966,28675,400,1518,,8868,17889
2001,CA,34600463,212867,2206,9960,,64614,136087
2001,CO,4430989,15492,158,1930,,3555,9849
2001,CT,3434602,11492,105,639,,4183,6565
2001,DC,573822,9195,231,181,,3780,5003
2001,DE,796599,4868,23,420,,1156,3269
2001,FL,16373330,130713,874,6641,,32867,90331
2001,GA,8405677,41671,598,2180,,14402,24491
2001,HI,1227024,3117,32,409,,1142,1534
2001,IA,2931967,7865,50,649,,1154,6012
2001,ID,1320585,3211,30,425,,245,2511
2001,IL,12520227,79270,982,4010,,24931,49347
2001,IN,6126743,22734,413,1716,,7171,13434
2001,KS,2702125,10909,92,945,,2423,7449
2001,KY,4068816,10510,181,1051,,3269,6009
2001,LA,4470368,30678,501,1403,,7864,20910
2001,MA,6401164,30585,143,1856,,6476,22110
2001,MD,5386079,42088,446,1449,,13525,26668
2001,ME,1284470,1435,19,326,,264,826
2001,MI,10006266,55424,672,5264,,12937,36551
2001,MN,4984535,13145,119,2236,,3758,7032
2001,MO,5637309,30472,372,1383,,7771,20946
2001,MS,2859733,10006,282,1147,,3294,5283
2001,MT,905382,3187,34,188,,230,2735
2001,NC,8206105,40465,505,2083,,13304,24573
2001,ND,636550,505,7,164,,60,274
2001,NE,1720039,5214,43,431,,1128,3612
2001,NH,1259359,2144,17,458,,445,1224
2001,NJ,8511116,33094,336,1278,,14110,17370
2001,NM,1830935,14288,99,850,,2695,10644
2001,NV,2097722,12359,180,883,,4932,6364
2001,NY,19084350,98022,960,3546,,36555,56961
2001,OH,11389785,40023,452,4466,,17199,17906
2001,OK,3469577,17726,185,1486,,2746,13309
2001,OR,3473441,10650,84,1174,,2749,6643
2001,PA,12303104,50432,651,3467,,17500,28814
2001,RI,1059659,3278,39,416,,986,1837
2001,SC,4062125,33114,330,1769,,5987,25028
2001,SD,758324,1171,7,351,,103,710
2001,TN,5749398,42776,423,2196,,10219,29938
2001,TX,21370983,122155,1332,8169,,35348,77306
2001,UT,2278712,5314,67,896,,1197,3154
2001,VA,7196750,20939,364,1770,,6860,11945
2001,VT,612978,644,7,107,,107,423
2001,WA,5993390,21258,179,2600,,5934,12545
2001,WI,5405947,12486,192,1142,,4444,6708
2001,WV,1800975,5035,40,320,,707,3968
2001,WY,493754,1272,9,153,,84,1026
2002,AK,641482,3627,33,511,,489,2594
2002,AL,4478896,19931,303,1664,,5962,12002
2002,AR,2706268,11501,142,754,,2524,8081
2002,AZ,5441125,30171,387,1608,,8000,20176
2002,CA,35001986,208388,2395,10198,,64968,130827
2002,CO,4501051,15882,179,2066,,3579,10058
2002,CT,3458587,10807,84,740,,4069,5914
2002,DC,569157,9322,264,262,,3834,4962
2002,DE,805945,4836,26,358,,1154,3298
2002,FL,16691701,128721,911,6753,,32581,88476
2002,GA,8544005,39271,606,2108,,13432,23125
2002,HI,1240663,3262,24,372,,1210,1656
2002,IA,2935840,8388,44,797,,1169,6378
2002,ID,1343124,3419,36,497,,240,2646
2002,IL,12586447,75759,961,4370,,25314,45114
2002,IN,6156913,22001,362,1843,,6612,13184
2002,KS,2711769,10229,78,1035,,2165,6951
2002,KY,4089822,11101,191,1087,,3131,6692
2002,LA,4476192,29690,593,1529,,7123,20445
2002,MA,6421800,31137,173,1777,,7169,22018
2002,MD,5450525,42015,513,1370,,13417,26715
2002,ME,1294894,1396,14,377,,270,735
2002,MI,10043221,54306,678,5364,,11847,36417
2002,MN,5024791,13428,112,2273,,3937,7106
2002,MO,5669544,30557,331,1465,,7024,21737
2002,MS,2866733,9858,264,1127,,3356,5111
2002,MT,910372,3197,16,237,,283,2661
2002,NC,8305820,39118,548,2196,,12205,24169
2002,ND,633911,496,5,163,,58,270
2002,NE,1727564,5428,48,464,,1359,3557
2002,NH,1274405,2056,12,446,,413,1185
2002,NJ,8575252,32252,339,1365,,13955,16593
2002,NM,1852044,13719,152,1027,,2206,10334
2002,NV,2167455,13856,181,928,,5118,7629
2002,NY,19134293,95030,909,3885,,36653,53583
2002,OH,11408699,40128,526,4809,,17871,16922
2002,OK,3489700,17587,163,1573,,2966,12885
2002,OR,3520355,10298,72,1238,,2742,6246
2002,PA,12328827,49578,624,3731,,17163,28060
2002,RI,1068326,3051,41,395,,916,1699
2002,SC,4103770,33761,298,1959,,5774,25730
2002,SD,760437,1350,11,361,,117,861
2002,TN,5789796,41562,420,2290,,9413,29439
2002,TX,21736925,126018,1302,8508,,37580,78628
2002,UT,2318789,5488,47,943,,1140,3358
2002,VA,7287829,21256,388,1839,,6961,12068
2002,VT,616408,658,13,126,,77,442
2002,WA,6067060,20964,184,2734,,5797,12249
2002,WI,5439692,12238,154,1237,,4713,6134
2002,WV,1804884,4221,57,328,,657,3179
2002,WY,498830,1364,15,148,,93,1108
2003,AK,648280,3877,39,605,,446,2787
2003,AL,4503726,19331,299,1656,,6038,11338
2003,AR,2727774,12449,180,911,,2227,9131
2003,AZ,5579222,28638,441,1856,,7619,18722
2003,CA,35462712,205551,2407,9994,,63770,129380
2003,CO,4547633,15757,185,1913,,3738,9921
2003,CT,3486960,11045,112,698,,4212,6023
2003,DC,557620,9061,249,274,,3941,4597
2003,DE,818166,5525,21,370,,1441,3693
2003,FL,16999181,124280,924,6727,,31523,85106
2003,GA,8676460,39435,657,2234,,14043,22501
2003,HI,1248755,3400,22,367,,1168,1843
2003,IA,2941976,8175,50,796,,1131,6198
2003,ID,1367034,3362,26,535,,245,2556
2003,IL,12649087,70376,895,4189,,23786,41506
2003,IN,6199571,21842,338,1720,,6401,13383
2003,KS,2724786,10831,125,1085,,2247,7374
2003,KY,4118189,10232,181,1124,,3224,5703
2003,LA,4493665,28622,584,1601,,7008,19429
2003,MA,6420357,30377,140,1848,,8011,20378
2003,MD,5512310,38778,525,1358,,13302,23593
2003,ME,1309205,1422,16,354,,289,763
2003,MI,10082364,51550,612,5470,,11254,34214
2003,MN,5064172,13316,127,2092,,3906,7191
2003,MO,5719204,28067,289,1400,,6686,19692
2003,MS,2882594,9336,267,1079,,3016,4974
2003,MT,918157,3351,30,246,,298,2777
2003,NC,8421190,38243,506,2139,,12229,23369
2003,ND,633400,508,9,160,,53,286
2003,NE,1737475,5105,56,504,,1165,3380
2003,NH,1288705,1937,17,438,,480,1002
2003,NJ,8642412,31488,406,1288,,13342,16452
2003,NM,1878562,12535,116,940,,1937,9542
2003,NV,2242207,13813,197,871,,5225,7520
2003,NY,19212425,89486,934,3775,,35790,48987
2003,OH,11437680,38185,526,4660,,16895,16104
2003,OK,3506469,17758,206,1501,,3224,12827
2003,OR,3564330,10506,68,1218,,2847,6373
2003,PA,12370761,49210,647,3556,,17980,27027
2003,RI,1076084,3074,25,505,,830,1714
2003,SC,4148744,33455,303,1952,,5801,25399
2003,SD,764905,1329,10,356,,104,859
2003,TN,5845208,40409,396,2129,,9413,28471
2003,TX,22103374,122246,1422,8025,,37017,75782
2003,UT,2352119,5889,60,919,,1258,3652
2003,VA,7365284,20490,416,1807,,6713,11554
2003,VT,619343,707,15,126,,62,504
2003,WA,6131298,21272,182,2863,,5718,12509
2003,WI,5474290,12104,183,1202,,4397,6322
2003,WV,1811440,4627,73,311,,701,3542
2003,WY,502111,1314,14,136,,84,1080
2004,AK,657755,4159,37,558,,447,3117
2004,AL,4525375,19324,254,1742,,6042,11286
2004,AR,2750000,13814,176,1183,,2372,10083
2004,AZ,5739879,28952,414,1896,,7721,18921
2004,CA,35842038,189175,2392,9615,,61768,115400
2004,CO,4601821,17121,201,1945,,3739,11236
2004,CT,3498966,10113,100,755,,4188,5070
2004,DC,554239,7590,198,222,,3202,3968
2004,DE,830069,5105,28,357,,1343,3377
2004,FL,17385430,123754,946,6612,,29997,86199
2004,GA,8918129,40217,613,2387,,13656,23561
2004,HI,1262124,3213,33,333,,944,1903
2004,IA,2952904,8499,44,782,,1160,6513
2004,ID,1395140,3452,31,594,,241,2586
2004,IL,12712016,69365,780,4220,,22582,41783
2004,IN,6226537,20294,316,1803,,6373,11802
2004,KS,2733697,10330,122,1142,,1812,7254
2004,KY,4141835,10152,236,1238,,3268,5410
2004,LA,4506685,28844,574,1616,,6564,20090
2004,MA,6407382,29489,171,1794,,7484,20040
2004,MD,5561332,38961,521,1317,,12772,24351
2004,ME,1314985,1364,18,315,,289,742
2004,MI,10104206,49737,643,5482,,11336,32276
2004,MN,5096546,13751,113,2123,,4070,7445
2004,MO,5759532,28226,354,1479,,6630,19763
2004,MS,2900768,8568,227,1161,,2503,4677
2004,MT,926920,2723,30,273,,233,2187
2004,NC,8540468,38244,532,2339,,11782,23591
2004,ND,636308,558,8,177,,43,330
2004,NE,1747704,5393,40,620,,1138,3595
2004,NH,1299169,2202,17,466,,500,1219
2004,NJ,8685166,30943,392,1331,,13076,16144
2004,NM,1903006,13081,169,1039,,2062,9811
2004,NV,2332898,14379,172,954,,4905,8348
2004,NY,19280727,84914,889,3608,,33506,46911
2004,OH,11450143,38787,506,4744,,17429,16108
2004,OK,3523546,17635,186,1557,,3090,12802
2004,OR,3591363,10724,90,1283,,2751,6600
2004,PA,12394471,50998,650,3535,,18474,28339
2004,RI,1079916,2673,26,320,,731,1596
2004,SC,4197892,33160,286,1772,,5468,25634
2004,SD,770621,1319,17,336,,112,854
2004,TN,5893298,41113,357,2282,,8863,29611
2004,TX,22471549,121554,1364,8388,,35817,75985
2004,UT,2420708,5647,46,967,,1236,3398
2004,VA,7481332,20608,390,1816,,6899,11503
2004,VT,621233,713,16,160,,78,459
2004,WA,6207046,21330,190,2857,,5866,12417
2004,WI,5503533,11548,154,1136,,4067,6191
2004,WV,1812548,5110,68,346,,774,3922
2004,WY,505887,1163,11,112,,67,973
2005,AK,663253,4194,32,538,,537,3087
2005,AL,4548327,19678,374,1564,,6447,11293
2005,AR,2775708,14670,189,1202,,2532,10747
2005,AZ,5953007,30478,445,2006,,8579,19448
2005,CA,36154147,190178,2503,9392,,63622,114661
2005,CO,4663295,18498,173,2026,,3948,12351
2005,CT,3500701,9542,105,712,,3933,4792
2005,DC,582049,8032,195,166,,3700,3971
2005,DE,841741,5332,37,377,,1306,3612
2005,FL,17768191,125957,883,6592,,30141,88341
2005,GA,9132553,40725,564,2143,,14041,23977
2005,HI,1273278,3253,24,343,,1001,1885
2005,IA,2965524,8697,40,847,,1153,6657
2005,ID,1429367,3670,35,577,,266,2792
2005,IL,12765427,70496,770,4313,,23255,42158
2005,IN,6266019,20302,356,1856,,6809,11281
2005,KS,2748172,10701,101,1098,,1795,7707
2005,KY,4172608,11134,190,1421,,3690,5833
2005,LA,4507331,26889,450,1421,,5337,19681
2005,MA,6433367,29644,178,1751,,7837,19878
2005,MD,5589599,39369,552,1266,,14378,23173
2005,ME,1318220,1483,19,326,,323,815
2005,MI,10100833,55936,629,5199,,13348,36760
2005,MN,5126739,15243,115,2258,,4724,8146
2005,MO,5797703,30477,402,1625,,7196,21254
2005,MS,2908496,8131,214,1147,,2405,4365
2005,MT,934737,2634,18,301,,177,2138
2005,NC,8672459,40650,585,2302,,12635,25128
2005,ND,634605,706,12,180,,54,460
2005,NE,1758163,5052,44,581,,1040,3387
2005,NH,1306819,1761,19,406,,365,971
2005,NJ,8703150,30919,417,1208,,13215,16079
2005,NM,1925985,12448,144,1041,,1893,9370
2005,NV,2412301,14654,206,1016,,4702,8730
2005,NY,19315721,85839,874,3636,,35179,46150
2005,OH,11470685,40162,590,4671,,18673,16228
2005,OK,3543442,18044,187,1481,,3230,13146
2005,OR,3638871,10444,80,1266,,2478,6620
2005,PA,12405348,52761,756,3586,,19214,29205
2005,RI,1073579,2710,34,323,,776,1577
2005,SC,4246933,32590,314,1862,,5657,24757
2005,SD,774883,1387,18,377,,145,847
2005,TN,5955745,45104,431,2194,,10009,32470
2005,TX,22928508,121091,1407,8511,,35790,75383
2005,UT,2490334,5612,56,920,,1095,3541
2005,VA,7564327,21434,458,1763,,7495,11718
2005,VT,622387,782,8,153,,76,545
2005,WA,6291899,21745,205,2811,,5788,12941
2005,WI,5527644,13367,206,1135,,4555,7471
2005,WV,1814083,4968,82,335,,816,3735
2005,WY,508798,1172,14,122,,78,958
2006,AK,670053,4610,36,512,,600,3462
2006,AL,4599030,19553,382,1646,,7062,10463
2006,AR,2810872,15538,205,1325,,2749,11259
2006,AZ,6166318,33456,533,2449,,9491,20983
2006,CA,36457549,194483,2486,9235,,71142,111620
2006,CO,4753377,18794,171,2158,,3824,12641
2006,CT,3504809,10505,137,696,,4460,5212
2006,DC,581530,8772,169,185,,3829,4589
2006,DE,853476,5983,42,417,,1791,3733
2006,FL,18089888,129602,1129,6475,,34147,87851
2006,GA,9363941,44754,605,2169,,15511,26469
2006,HI,1285498,3608,21,353,,1144,2090
2006,IA,2982085,8521,55,871,,1309,6286
2006,ID,1466465,3666,35,611,,294,2726
2006,IL,12831970,69498,780,4078,,23782,40858
2006,IN,6313520,20303,361,1811,,7175,10956
2006,KS,2764075,11960,125,1279,,1878,8678
2006,KY,4206074,11361,173,1312,,3850,6026
2006,LA,4287768,30923,555,1587,,5928,22853
2006,MA,6437193,32217,188,1771,,8080,22178
2006,MD,5615727,38111,546,1178,,14376,22011
2006,ME,1321574,1533,23,341,,383,786
2006,MI,10095643,56981,721,5347,,14229,36684
2006,MN,5167101,16042,126,1645,,5441,8830
2006,MO,5842713,31897,369,1764,,7597,22167
2006,MS,2910540,9076,231,1039,,3259,4547
2006,MT,944632,3564,33,348,,233,2950
2006,NC,8856505,42088,539,2495,,13468,25586
2006,ND,635867,1255,14,241,,75,925
2006,NE,1768331,5197,51,577,,1136,3433
2006,NH,1314895,1785,13,295,,435,1042
2006,NJ,8724560,30550,427,1201,,13360,15562
2006,NM,1954599,12797,134,1073,,2095,9495
2006,NV,2495529,18687,226,1092,,7038,10331
2006,NY,19306183,84016,922,3168,,34459,45467
2006,OH,11478006,41491,560,4770,,19418,16743
2006,OK,3579212,17905,210,1488,,3145,13062
2006,OR,3700758,10534,88,1219,,2711,6516
2006,PA,12440621,55028,741,3611,,21095,29581
2006,RI,1067610,2460,27,289,,740,1404
2006,SC,4321249,33322,362,1834,,5902,25224
2006,SD,781919,2071,30,465,,158,1418
2006,TN,6038803,46043,419,2194,,11143,32287
2006,TX,23507783,121602,1386,8429,,37256,74531
2006,UT,2550063,5771,51,891,,1242,3587
2006,VA,7642884,21683,403,1829,,7779,11672
2006,VT,623908,905,14,173,,114,604
2006,WA,6395798,22303,197,2748,,6424,12934
2006,WI,5556506,15899,165,1233,,5564,8937
2006,WV,1818470,5113,80,404,,853,3776
2006,WY,515004,1307,13,151,,72,1071
2007,AK,683478,4520,43,545,,581,3351
2007,AL,4627851,20775,412,1548,,7398,11417
2007,AR,2834797,15226,198,1294,,3105,10629
2007,AZ,6338755,32835,548,2353,,9764,20170
2007,CA,36553215,191561,2262,9046,,70706,109547
2007,CO,4861515,17101,155,2075,,3461,11410
2007,CT,3502309,10547,113,690,,4303,5441
2007,DC,588292,8325,181,192,,4265,3687
2007,DE,864764,6100,39,341,,1763,3957
2007,FL,18251243,131878,1202,6149,,38155,86372
2007,GA,9544750,46917,720,2198,,17291,26708
2007,HI,1283388,3544,24,377,,1122,2021
2007,IA,2988046,8970,39,970,,1328,6633
2007,ID,1499402,3841,49,607,,243,2942
2007,IL,12852548,68528,752,4103,,23100,40573
2007,IN,6345289,21310,350,1738,,7845,11377
2007,KS,2775997,12730,106,1287,,2022,9315
2007,KY,4241474,12329,206,1365,,4068,6690
2007,LA,4293204,31789,625,1427,,6316,23421
2007,MA,6449755,28487,187,1643,,7021,19636
2007,MD,5618344,36063,554,1179,,13258,21072
2007,ME,1317207,1565,20,392,,349,804
2007,MI,10071822,53765,661,4592,,13365,35147
2007,MN,5197621,15054,116,1873,,4770,8295
2007,MO,5878415,32962,367,1785,,7728,23082
2007,MS,2918785,8502,202,1033,,2896,4371
2007,MT,957861,3638,27,363,,233,3015
2007,NC,9061032,42231,584,2386,,13534,25727
2007,ND,639715,1343,17,252,,75,999
2007,NE,1774571,5524,71,550,,1115,3788
2007,NH,1315828,1896,12,357,,451,1076
2007,NJ,8685920,28544,381,1032,,12567,14564
2007,NM,1969915,13311,183,1028,,2323,9777
2007,NV,2565382,19365,193,1096,,6938,11138
2007,NY,19297729,79962,805,2928,,31085,45144
2007,OH,11466917,40759,529,4661,,18351,17218
2007,OK,3617316,18234,224,1565,,3392,13053
2007,OR,3747455,11015,76,1276,,2864,6799
2007,PA,12432792,51806,725,3443,,19440,28198
2007,RI,1057832,2424,19,258,,760,1387
2007,SC,4407709,34630,364,1773,,6354,26139
2007,SD,796214,1926,31,433,,118,1344
2007,TN,6156719,46482,405,2201,,11033,32843
2007,TX,23904380,122014,1419,8460,,38778,73357
2007,UT,2645330,6347,59,935,,1425,3928
2007,VA,7712091,21035,415,1793,,7696,11131
2007,VT,621254,802,13,128,,79,582
2007,WA,6468424,21768,174,2653,,6079,12862
2007,WI,5601640,16330,185,1227,,5480,9438
2007,WV,1812035,5016,65,388,,847,3716
2007,WY,522830,1344,21,172,,84,1067
2008,AK,686293,4475,27,447,,645,3356
2008,AL,4661900,21110,351,1618,,7346,11795
2008,AR,2855390,14649,165,1463,,2777,10244
2008,AZ,6500180,31567,462,2200,,9809,19096
2008,CA,36756666,185329,2142,8903,,69388,104896
2008,CO,4939456,17480,165,2151,,3404,11760
2008,CT,3501252,10737,132,680,,4043,5882
2008,DC,591833,8509,186,186,,4430,3707
2008,DE,873092,6187,57,371,,1847,3912
2008,FL,18328340,126256,1168,5972,,36268,82848
2008,GA,9685744,47353,640,2334,,17808,26571
2008,HI,1288198,3510,26,363,,1085,2036
2008,IA,3002555,8651,77,937,,1249,6388
2008,ID,1523816,3680,23,579,,239,2839
2008,IL,12901563,67780,790,4118,,24054,38818
2008,IN,6376792,21525,322,1711,,7580,11912
2008,KS,2802134,11554,113,1226,,1681,8534
2008,KY,4269245,12690,201,1457,,4080,6952
2008,LA,4410796,29613,544,1250,,6241,21578
2008,MA,6497967,30137,166,1751,,7077,21143
2008,MD,5633597,35393,493,1127,,13203,20570
2008,ME,1316456,1572,31,379,,333,829
2008,MI,10003422,51512,554,4507,,13246,33205
2008,MN,5220393,13853,110,1805,,4179,7759
2008,MO,5911605,29701,456,1612,,7395,20238
2008,MS,2938618,8942,236,958,,3079,4669
2008,MT,967440,3013,40,358,,204,2411
2008,NC,9222414,43125,599,2296,,14323,25907
2008,ND,641481,1441,11,331,,73,1026
2008,NE,1783432,5570,69,601,,1297,3603
2008,NH,1315809,2054,14,385,,421,1234
2008,NJ,8682661,28351,376,1122,,12701,14152
2008,NM,1984356,12967,161,1118,,2151,9537
2008,NV,2600167,18973,165,1106,,6486,11216
2008,NY,19490297,77546,836,2798,,31787,42125
2008,OH,11485910,40436,547,4531,,18706,16652
2008,OK,3642361,19359,215,1471,,3698,13975
2008,OR,3790060,9909,87,1183,,2656,5983
2008,PA,12448279,51044,705,3485,,18873,27981
2008,RI,1050788,2656,31,282,,880,1463
2008,SC,4479800,32746,307,1686,,6595,24158
2008,SD,804194,2227,37,562,,134,1494
2008,TN,6214888,44913,412,2078,,10804,31619
2008,TX,24326974,123585,1370,8055,,37739,76421
2008,UT,2736424,6165,41,915,,1421,3788
2008,VA,7769089,20031,370,1794,,7470,10397
2008,VT,621270,854,17,133,,93,611
2008,WA,6549224,21888,193,2653,,6419,12623
2008,WI,5627967,15507,146,1128,,5163,9070
2008,WV,1814468,5006,67,389,,896,3654
2008,WY,532668,1330,12,185,,87,1046
2009,AK,698473,4424,22,513,,654,3235
2009,AL,4708708,21194,322,1504,,6265,13103
2009,AR,2889450,14905,179,1378,,2576,10772
2009,AZ,6595778,28128,380,2279,,8199,17270
2009,CA,36961664,174934,1972,8713,,64093,100156
2009,CO,5024748,17022,159,2269,,3371,11223
2009,CT,3518288,10588,106,657,,4001,5824
2009,DC,599657,8089,145,150,,4404,3390
2009,DE,885122,5713,41,395,,1680,3597
2009,FL,18537969,113541,1017,5501,,30911,76112
2009,GA,9829211,42073,566,2323,,14631,24553
2009,HI,1295178,3550,23,385,,1030,2112
2009,IA,3007856,8485,38,890,,1201,6356
2009,ID,1545801,3805,24,575,,254,2952
2009,IL,12910409,64185,773,3901,,22923,36588
2009,IN,6423113,21455,312,1621,,7347,12175
2009,KS,2818747,11460,125,1179,,1786,8370
2009,KY,4314113,11000,184,1531,,3642,5643
2009,LA,4492076,28878,529,1351,,6150,20848
2009,MA,6593587,30503,173,1734,,7467,21129
2009,MD,5699478,33625,440,1156,,12007,20022
2009,ME,1318301,1580,26,375,,399,780
2009,MI,9969727,49825,623,4524,,12427,32251
2009,MN,5266214,12874,74,1789,,3619,7392
2009,MO,5987580,29513,387,1606,,7437,20083
2009,MS,2951996,8451,194,991,,2969,4297
2009,MT,974989,2798,32,357,,228,2181
2009,NC,9380884,37946,489,2306,,11825,23326
2009,ND,646844,1723,12,296,,107,1308
2009,NE,1796619,5199,41,617,,1220,3321
2009,NH,1324575,2125,11,399,,454,1261
2009,NJ,8707739,27113,319,1041,,11639,14114
2009,NM,2009671,12709,198,1069,,1932,9510
2009,NV,2643085,18639,156,1024,,6028,11431
2009,NY,19541453,75110,781,2582,,28141,43606
2009,OH,11542645,38305,527,4119,,17670,15989
2009,OK,3687050,18560,234,1535,,3358,13433
2009,OR,3825657,9968,88,1202,,2499,6179
2009,PA,12604767,48188,664,3626,,17504,26394
2009,RI,1053209,2678,32,296,,785,1565
2009,SC,4561242,30799,305,1663,,5753,23078
2009,SD,812383,1777,30,501,,117,1129
2009,TN,6296254,41933,468,2019,,9653,29793
2009,TX,24782302,121684,1330,8311,,38022,74021
2009,UT,2784572,5998,39,941,,1304,3714
2009,VA,7882590,18195,370,1572,,6342,9911
2009,VT,621760,837,8,132,,111,586
2009,WA,6664195,22412,190,2583,,6711,12928
2009,WI,5654774,14650,146,1118,,4904,8482
2009,WV,1819777,5554,84,470,,914,4086
2009,WY,544270,1196,11,172,,78,935
2010,AK,714146,4537,31,533,,594,3379
2010,AL,4785401,18363,275,1355,,4864,11869
2010,AR,2921588,14711,134,1321,,2369,10887
2010,AZ,6413158,26528,408,2191,,6953,16976
2010,CA,37338198,164133,1809,8331,,58116,95877
2010,CO,5047692,16339,129,2230,,3164,10816
2010,CT,3575498,10083,133,595,,3553,5802
2010,DC,604912,8026,132,187,,4325,3382
2010,DE,899792,5608,51,326,,1839,3392
2010,FL,18838613,101969,987,5373,,26086,69523
2010,GA,9712157,39068,555,2107,,12372,24034
2010,HI,1363359,3603,25,377,,1065,2136
2010,IA,3050202,8191,38,883,,1012,6258
2010,ID,1571102,3464,22,533,,213,2696
2010,IL,12841980,57132,704,3066,,20386,32976
2010,IN,6490622,20983,268,1760,,6559,12396
2010,KS,2859143,10602,97,1146,,1538,7821
2010,KY,4347223,10604,188,1438,,3748,5230
2010,LA,4545343,25241,500,1230,,5297,18214
2010,MA,6555466,30737,214,1784,,6897,21842
2010,MD,5785681,31607,426,1228,,11054,18899
2010,ME,1327379,1621,24,389,,412,796
2010,MI,9877143,48693,580,4733,,11522,31858
2010,MN,5310658,12515,96,1798,,3388,7233
2010,MO,5995715,27440,420,1445,,6185,19390
2010,MS,2970072,7999,204,931,,2777,4087
2010,MT,990958,2733,25,332,,154,2222
2010,NC,9560234,34679,474,2002,,9620,22583
2010,ND,674629,1548,10,245,,90,1203
2010,NE,1830141,5093,54,674,,1020,3345
2010,NH,1316807,2204,13,411,,450,1330
2010,NJ,8799593,27055,371,981,,11818,13885
2010,NM,2065913,12147,140,959,,1616,9432
2010,NV,2704283,17929,158,965,,5298,11508
2010,NY,19395206,76492,868,2797,,28630,44197
2010,OH,11537968,36306,479,3730,,16486,15611
2010,OK,3760184,18100,195,1469,,3345,13091
2010,OR,3838332,9648,96,1239,,2421,5892
2010,PA,12717722,46612,653,3472,,16375,26112
2010,RI,1052528,2709,29,298,,782,1600
2010,SC,4637106,27923,265,1551,,5017,21090
2010,SD,816598,2196,23,385,,154,1634
2010,TN,6357436,38909,359,2173,,8361,28016
2010,TX,25253466,113231,1249,7622,,32843,71517
2010,UT,2775479,5925,53,983,,1269,3620
2010,VA,8023953,17184,376,1580,,5678,9550
2010,VT,625909,820,7,141,,76,596
2010,WA,6742950,21138,154,2579,,5929,12476
2010,WI,5691659,14167,155,1191,,4516,8305
2010,WV,1854368,5586,58,362,,776,4390
2010,WY,564554,1117,8,162,,77,870
2011,AK,723860,4416,30,436,,576,3374
2011,AL,4803689,20166,299,1370,,4906,13591
2011,AR,2938582,14173,160,1230,,2357,10426
2011,AZ,6467315,26789,397,2499,,7145,16748
2011,CA,37683933,154943,1792,7665,,54291,91195
2011,CO,5116302,16085,155,2285,,3299,10346
2011,CT,3586717,9889,129,689,,3689,5382
2011,DC,619020,7433,108,173,,4094,3058
2011,DE,908137,5144,48,307,,1558,3231
2011,FL,19082262,98198,984,5273,,25622,66319
2011,GA,9812460,36762,549,2066,,12266,21881
2011,HI,1378129,3465,20,353,,994,2098
2011,IA,3064097,7883,44,866,,824,6149
2011,ID,1583744,3202,35,444,,188,2535
2011,IL,12859752,54523,781,3030,,20217,30495
2011,IN,6516353,21619,306,1758,,6977,12578
2011,KS,2870386,10209,111,1122,,1448,7528
2011,KY,4366814,10465,151,1499,,3705,5110
2011,LA,4574766,25373,506,1262,,5235,18370
2011,MA,6607003,28232,184,1654,,6768,19626
2011,MD,5839572,28817,399,1200,,10342,16876
2011,ME,1328544,1638,26,394,,370,848
2011,MI,9876801,43731,617,4344,,10263,28507
2011,MN,5347299,12323,75,2113,,3385,6750
2011,MO,6008984,26888,366,1469,,6275,18778
2011,MS,2977457,8009,232,863,,2496,4418
2011,MT,997667,2755,29,366,,171,2189
2011,NC,9651103,33421,498,1959,,9448,21516
2011,ND,684740,1699,24,266,,91,1318
2011,NE,1842234,4672,68,699,,993,2912
2011,NH,1317807,2864,16,581,,509,1758
2011,NJ,8834773,27203,380,1006,,12209,13608
2011,NM,2078674,11904,158,856,,1720,9170
2011,NV,2720028,15452,139,913,,4308,10092
2011,NY,19501616,77463,769,2751,,28405,45538
2011,OH,11541007,35218,500,3679,,15991,15048
2011,OK,3784163,17311,212,1410,,3288,12401
2011,OR,3868229,9643,84,1239,,2237,6083
2011,PA,12743948,46189,639,3339,,16165,26046
2011,RI,1050646,2586,20,319,,744,1503
2011,SC,4673348,27894,320,1678,,4631,21265
2011,SD,823593,2105,20,503,,167,1415
2011,TN,6399787,38895,380,2095,,8082,28338
2011,TX,25631778,104734,1130,7486,,28620,67498
2011,UT,2814347,5547,50,901,,1079,3517
2011,VA,8104384,16014,304,1591,,5425,8694
2011,VT,626592,925,11,146,,99,669
2011,WA,6823267,20152,163,2320,,5627,12042
2011,WI,5709843,14268,138,1190,,4600,8340
2011,WV,1854908,5497,87,372,,802,4236
2011,WY,567356,1245,18,146,,71,1010
2012,AK,730307,4412,30,583,,630,3169
2012,AL,4817528,21693,342,1296,,5020,15035
2012,AR,2949828,13851,174,1233,,2310,10134
2012,AZ,6551149,28077,358,2282,,7383,18054
2012,CA,37999878,160944,1884,7837,,56521,94702
2012,CO,5189458,15951,152,2122,,3392,10285
2012,CT,3591765,10183,117,933,,3709,5424
2012,DC,633427,7866,88,236,,4037,3505
2012,DE,917053,5048,56,249,,1498,3245
2012,FL,19320749,94087,1009,5260,,23889,63929
2012,GA,9915646,37675,583,2143,,12502,22447
2012,HI,1390090,3378,21,279,,1125,1953
2012,IA,3075039,8167,49,901,,962,6255
2012,ID,1595590,3348,30,495,,243,2580
2012,IL,12868192,53556,770,3581,,19480,29725
2012,IN,6537782,22544,307,1661,,6601,13975
2012,KS,2885398,10292,85,1105,,1493,7609
2012,KY,4379730,9852,201,1312,,3547,4792
2012,LA,4602134,22839,489,1155,,5458,15737
2012,MA,6645303,27047,121,1650,,6555,18721
2012,MD,5884868,28086,373,1237,,10173,16303
2012,ME,1328501,1626,26,372,,420,808
2012,MI,9882519,44962,701,4635,,10423,29203
2012,MN,5379646,12419,99,1638,,3475,7207
2012,MO,6024522,27189,390,1527,,5782,19490
2012,MS,2986450,7769,213,819,,2277,4460
2012,MT,1005494,2803,29,392,,202,2180
2012,NC,9748364,34464,479,1984,,9392,22609
2012,ND,701345,1723,25,279,,127,1292
2012,NE,1855350,4802,52,710,,1128,2912
2012,NH,1321617,2841,15,486,,471,1869
2012,NJ,8867749,25727,388,1035,,11385,12919
2012,NM,2083540,11660,116,957,,1847,8740
2012,NV,2754354,16763,124,931,,4918,10790
2012,NY,19576125,79535,683,2837,,28633,47382
2012,OH,11553031,34827,478,3813,,15396,15140
2012,OK,3815780,18102,220,1622,,3248,13012
2012,OR,3899801,9638,91,1159,,2419,5969
2012,PA,12764475,45384,707,3371,,15735,25571
2012,RI,1050304,2657,26,292,,715,1614
2012,SC,4723417,26474,332,1712,,4511,19919
2012,SD,834047,2701,23,600,,157,1921
2012,TN,6454914,41213,400,2047,,8151,30615
2012,TX,26060796,106475,1148,7715,,30385,67227
2012,UT,2854871,5939,52,975,,1105,3807
2012,VA,8186628,15676,322,1505,,4718,9131
2012,VT,625953,891,8,131,,114,638
2012,WA,6895318,20553,217,2250,,5801,12285
2012,WI,5724554,16254,169,1228,,4692,10165
2012,WV,1856680,5943,70,415,,835,4623
2012,WY,576626,1161,14,154,,61,932
2013,AK,737259,4709,34,657,925,623,3127
2013,AL,4833996,20834,346,1449,2055,4645,13788
2013,AR,2958765,13705,158,1135,1490,2261,9796
2013,AZ,6634997,27576,355,2344,3174,6656,17391
2013,CA,38431393,154739,1746,7464,10324,53640,89029
2013,CO,5272086,16099,174,2198,2963,3136,9826
2013,CT,3599341,9439,91,647,891,3551,4906
2013,DC,649111,8415,103,297,395,4082,3835
2013,DE,925240,4633,41,278,399,1233,2960
2013,FL,19600311,91993,972,4765,6767,23200,61054
2013,GA,9994759,37519,563,2022,2891,12704,21361
2013,HI,1408987,3585,32,366,508,934,2111
2013,IA,3092341,8443,41,873,1133,937,6332
2013,ID,1612843,3471,29,516,674,220,2548
2013,IL,12890552,51956,722,3895,5340,17733,28161
2013,IN,6570713,23627,357,1623,2241,7114,13915
2013,KS,2895801,9928,117,1003,1295,1339,7177
2013,KY,4399583,9280,172,951,1646,3247,4215
2013,LA,4629284,24127,494,1248,1763,5539,16331
2013,MA,6708874,27264,138,1722,2303,6705,18118
2013,MD,5938737,28235,384,1179,1679,10048,16124
2013,ME,1328702,1761,24,366,495,335,907
2013,MI,9898193,44757,625,4506,6785,10093,27254
2013,MN,5422060,12710,114,1453,2014,3674,6908
2013,MO,6044917,26216,369,1679,2305,5486,18056
2013,MS,2992206,8303,217,726,1024,2413,4649
2013,MT,1014864,2924,23,382,467,217,2217
2013,NC,9848917,33587,463,1790,2524,9275,21325
2013,ND,723857,1979,16,288,355,161,1447
2013,NE,1868969,4949,56,621,847,1035,3011
2013,NH,1322616,2952,21,522,778,645,1708
2013,NJ,8911502,25748,404,861,1189,12084,12071
2013,NM,2086895,12990,123,1135,1565,1832,9470
2013,NV,2791494,16888,163,1090,1482,5183,10060
2013,NY,19695680,77563,644,2575,3548,27241,46130
2013,OH,11572005,33722,478,3594,4391,14483,14370
2013,OK,3853118,17187,198,1715,2314,3023,11652
2013,OR,3928068,9536,82,1000,1464,2394,5596
2013,PA,12781296,42825,611,2728,3795,14739,23680
2013,RI,1053354,2710,31,333,449,683,1547
2013,SC,4771929,24263,305,1739,2233,3965,17760
2013,SD,845510,2733,18,454,507,156,2052
2013,TN,6497269,38063,335,1904,2500,7333,27895
2013,TX,26505637,108757,1140,7610,10456,31810,65351
2013,UT,2902787,6644,51,926,1522,1247,3824
2013,VA,8270345,16355,320,1476,2350,4574,9111
2013,VT,626855,775,10,113,136,75,554
2013,WA,6973742,20223,167,2072,2604,5829,11623
2013,WI,5742953,16118,163,1308,1836,4834,9285
2013,WV,1853595,5657,62,367,700,653,4242
2013,WY,583223,1212,17,144,204,74,917
2014,AK,737046,4684,41,553,771,629,3243
2014,AL,4846411,20727,276,1425,2005,4702,13744
2014,AR,2966835,14248,175,1291,1816,2037,10220
2014,AZ,6728783,26422,311,2356,3272,6225,16614
2014,CA,38792291,153763,1700,8389,11578,48681,91804
2014,CO,5355588,16487,150,2236,3089,3037,10211
2014,CT,3594762,8575,89,579,794,3172,4520
2014,DC,659836,8199,105,349,472,3497,4125
2014,DE,935968,4568,50,274,390,1271,2857
2014,FL,19905569,91345,982,5038,7132,21621,61610
2014,GA,10097132,38955,607,2209,3147,12786,22415
2014,HI,1420257,3362,20,388,548,952,1842
2014,IA,3109481,8484,60,829,1150,1047,6227
2014,ID,1634806,3439,32,463,645,203,2559
2014,IL,12882189,47775,690,3182,4329,15271,27485
2014,IN,6597880,24105,333,1608,2197,6894,14681
2014,KS,2902507,10235,92,1066,1483,1361,7299
2014,KY,4412617,9495,164,1098,1556,3343,4432
2014,LA,4648990,23983,476,981,1382,5725,16400
2014,MA,6755124,26689,133,1625,2202,6077,18277
2014,MD,5975346,26767,362,1144,1632,9565,15208
2014,ME,1330256,1698,21,346,484,304,889
2014,MI,9916306,42555,544,4500,6364,8037,27610
2014,MN,5457125,12505,88,1448,2001,3687,6729
2014,MO,6063827,26882,404,1728,2403,5592,18483
2014,MS,2993443,8331,259,768,1082,2405,4585
2014,MT,1023252,3361,38,396,558,202,2563
2014,NC,9940387,32718,498,1738,2432,8411,21377
2014,ND,740040,2001,23,275,382,175,1421
2014,NE,1882980,5201,53,645,878,1044,3226
2014,NH,1327996,2625,16,438,596,544,1469
2014,NJ,8938844,23319,352,953,1280,10499,11188
2014,NM,2085567,12465,101,1070,1481,2086,8797
2014,NV,2838281,18043,170,987,1357,5954,10562
2014,NY,19748858,75972,616,4316,6025,24036,45295
2014,OH,11596998,33130,464,3825,5228,12780,14658
2014,OK,3879610,16052,180,1361,1862,3073,10937
2014,OR,3971202,10294,84,1165,1620,2270,6320
2014,PA,12793767,40298,610,2785,3839,13545,22304
2014,RI,1054907,2320,26,264,366,530,1398
2014,SC,4829160,24038,322,1522,2185,4018,17513
2014,SD,853304,2801,23,336,478,199,2101
2014,TN,6547779,39989,369,1870,2595,7268,29757
2014,TX,26979078,109711,1192,8400,11636,31021,65862
2014,UT,2944498,6464,66,1114,1547,1313,3538
2014,VA,8328098,16522,350,1687,2416,4294,9462
2014,VT,626767,643,10,85,117,72,444
2014,WA,7063166,20185,178,1999,2780,5641,11586
2014,WI,5759432,16763,159,1216,1677,5101,9826
2014,WV,1848751,5850,84,417,594,655,4517
2014,WY,584304,1142,16,127,174,53,899
2015,AK,737709,5391,59,648,900,761,3671
2015,AL,4853875,22957,348,1449,2037,4612,15960
2015,AR,2977853,15769,189,1425,2008,2117,11455
2015,AZ,6817565,27968,306,2268,3109,6360,18193
2015,CA,38993940,166883,1861,9341,12811,52862,99349
2015,CO,5448819,17348,173,2422,3328,3315,10532
2015,CT,3584730,7938,116,585,798,2925,4099
2015,DC,670377,8538,162,365,494,3746,4136
2015,DE,944076,4760,62,257,361,1240,3097
2015,FL,20244914,93625,1041,5396,7552,21137,63895
2015,GA,10199398,38891,622,2343,3257,12545,22467
2015,HI,1431603,4201,19,400,561,1203,2418
2015,IA,3121997,8619,73,877,1205,1050,6291
2015,ID,1652828,3593,32,508,703,191,2667
2015,IL,12839047,49755,754,3602,4926,15056,29019
2015,IN,6612768,25373,370,1757,2386,7081,15536
2015,KS,2906721,11483,126,1226,1684,1823,7850
2015,KY,4424611,9887,219,1165,1644,3314,4710
2015,LA,4668960,25202,492,1246,1733,5561,17416
2015,MA,6784240,26453,131,1538,2082,5266,18974
2015,MD,5994983,28185,538,1209,1717,10111,15819
2015,ME,1329453,1726,23,337,461,311,931
2015,MI,9917715,41712,585,4782,6710,7818,26599
2015,MN,5482435,13319,133,1679,2321,3771,7094
2015,MO,6076204,30292,503,1858,2573,6383,20833
2015,MS,2989390,8190,253,851,1158,2312,4467
2015,MT,1032073,3647,38,405,572,210,2827
2015,NC,10035186,34734,517,1886,2591,8821,22805
2015,ND,756835,1949,21,285,391,159,1378
2015,NE,1893765,5167,62,648,885,994,3226
2015,NH,1330111,2692,15,468,644,475,1558
2015,NJ,8935421,22879,363,1019,1373,9729,11414
2015,NM,2080328,13672,117,1218,1663,2485,9407
2015,NV,2883758,20118,178,1232,1688,6287,11965
2015,NY,19747183,75126,613,4414,6141,23879,44493
2015,OH,11605090,34373,522,3990,5441,12617,15793
2015,OK,3907414,16746,240,1418,1953,3018,11535
2015,OR,4024634,10680,110,1193,1650,2163,6757
2015,PA,12791904,40348,665,3105,4299,12965,22419
2015,RI,1055607,2565,31,342,467,547,1520
2015,SC,4894834,24448,407,1717,2439,3950,17652
2015,SD,857919,3302,33,367,500,215,2554
2015,TN,6595056,40816,418,2032,2801,7499,30098
2015,TX,27429639,113193,1317,8941,12323,31924,67629
2015,UT,2990632,7138,57,1247,1704,1329,4048
2015,VA,8367587,16705,390,1767,2499,4459,9357
2015,VT,626088,747,10,104,150,105,482
2015,WA,7160290,20505,218,2006,2778,5450,12059
2015,WI,5767891,17549,240,1324,1805,5234,10270
2015,WV,1841053,6397,85,493,710,783,4819
2015,WY,586555,1300,16,124,171,59,1054
2016,AK,741522,5966,52,754,1053,850,4011
2016,AL,4860545,25878,407,1380,1915,4687,18869
2016,AR,2988231,16563,217,1600,2214,2125,12007
2016,AZ,6908642,32542,389,2461,3304,7045,21804
2016,CA,39296476,174796,1930,10132,13702,54789,104375
2016,CO,5530105,19030,189,2680,3635,3525,11681
2016,CT,3587685,8169,79,580,791,2711,4588
2016,DC,684336,8236,136,400,533,3500,4067
2016,DE,952698,4859,58,224,311,1359,3131
2016,FL,20656589,88700,1111,5527,7598,20175,59816
2016,GA,10313620,40268,682,2436,3381,12114,24091
2016,HI,1428683,3452,35,432,601,985,1831
2016,IA,3130869,9170,73,941,1278,1150,6669
2016,ID,1680026,3876,49,529,719,213,2895
2016,IL,12835726,56054,1061,3713,5003,17829,32161
2016,IN,6634007,26516,431,1813,2449,7291,16345
2016,KS,2907731,11665,132,1193,1618,1757,8158
2016,KY,4436113,10452,265,1242,1748,3371,5068
2016,LA,4686157,26477,555,1329,1819,5575,18528
2016,MA,6823721,25975,135,1601,2141,5365,18334
2016,MD,6024752,29019,536,1317,1827,10815,15841
2016,ME,1330232,1649,20,301,413,268,948
2016,MI,9933445,45782,612,5217,7268,7123,30779
2016,MN,5525050,13365,101,1732,2349,3730,7185
2016,MO,6091176,31720,538,1884,2557,6576,22049
2016,MS,2985415,8411,237,910,1282,2433,4459
2016,MT,1038656,3886,37,427,598,268,2983
2016,NC,10156689,37767,678,2086,2847,9336,24906
2016,ND,755548,1905,16,268,356,181,1352
2016,NE,1907603,5661,49,813,1108,946,3558
2016,NH,1335015,2668,19,443,609,431,1609
2016,NJ,8978416,21861,378,1088,1454,8940,11089
2016,NM,2085432,14585,139,1117,1527,2737,10182
2016,NV,2939254,19924,228,1284,1729,6338,11629
2016,NY,19836286,74315,629,4584,6281,22310,45095
2016,OH,11622554,35759,683,4255,5754,12574,16748
2016,OK,3921207,17855,247,1543,2100,3174,12334
2016,OR,4085989,10983,116,1306,1784,2307,6776
2016,PA,12787085,40389,674,3250,4459,12314,22942
2016,RI,1057566,2529,29,330,445,541,1514
2016,SC,4959822,25137,358,1786,2491,4071,18217
2016,SD,861542,3636,28,386,526,274,2808
2016,TN,6649404,42459,495,2056,2803,7829,31332
2016,TX,27904862,121064,1478,9905,13446,33298,72842
2016,UT,3044321,7406,74,1146,1560,1528,4244
2016,VA,8414380,18495,482,2032,2830,4826,10357
2016,VT,623354,851,14,120,170,78,589
2016,WA,7280934,22101,195,2302,3133,5649,13124
2016,WI,5772917,17716,232,1475,2005,4707,10772
2016,WV,1828637,6633,85,488,684,720,5144
2016,WY,584910,1431,20,152,206,59,1146
2017,AK,739786,6338,62,,1074,952,4250
2017,AL,4875120,25469,419,,2001,4233,18816
2017,AR,3002997,16996,249,,2140,1998,12609
2017,AZ,7048876,35647,422,,3622,7440,24163
2017,CA,39399349,178597,1830,,14724,56625,105418
2017,CO,5615902,20901,222,,4021,3868,12790
2017,CT,3573880,8190,105,,850,2813,4422
2017,DC,695691,6976,116,,444,2625,3791
2017,DE,957078,4377,51,,351,1082,2893
2017,FL,20976812,85606,1057,,7936,18597,58016
2017,GA,10413055,37118,681,,2646,9844,23947
2017,HI,1424203,3577,39,,567,1077,1894
2017,IA,3143637,9038,98,,1305,1269,6366
2017,ID,1718904,4111,42,,755,222,3092
2017,IL,12786196,55777,983,,5424,17731,31639
2017,IN,6660082,26307,413,,2612,7035,16247
2017,KS,2910689,11654,134,,1504,1633,8383
2017,KY,4453874,10292,265,,1817,2967,5243
2017,LA,4670818,25986,576,,1850,5385,18175
2017,MA,6863246,24318,172,,2199,4874,17073
2017,MD,6024891,30321,558,,1712,11189,16862
2017,ME,1335063,1610,23,,470,249,868
2017,MI,9976447,44883,569,,7110,6508,30696
2017,MN,5568155,13345,114,,2405,3627,7199
2017,MO,6108612,32450,599,,2737,6362,22752
2017,MS,2989663,7661,190,,658,2492,4321
2017,MT,1053090,3937,41,,639,234,3023
2017,NC,10270800,38043,622,,1944,9884,25593
2017,ND,755176,2133,10,,406,183,1534
2017,NE,1917575,5979,42,,1191,1020,3726
2017,NH,1349767,2642,13,,619,441,1569
2017,NJ,8888543,20604,324,,1505,7895,10880
2017,NM,2093395,16300,144,,1244,3732,11180
2017,NV,2972405,16663,266,,1896,4841,9660
2017,NY,19590719,70746,550,,6297,20122,43777
2017,OH,11664129,34621,741,,5833,11224,16823
2017,OK,3932640,17989,243,,2220,3007,12519
2017,OR,4146592,11629,105,,1992,2474,7058
2017,PA,12790447,40030,742,,4216,11777,23295
2017,RI,1056486,2474,21,,454,474,1525
2017,SC,5021219,25412,380,,2576,3884,18572
2017,SD,873286,3753,27,,575,264,2887
2017,TN,6708794,43940,538,,3028,7867,32507
2017,TX,28322717,123984,1405,,14536,32120,75923
2017,UT,3103118,7515,74,,1758,1498,4185
2017,VA,8465207,17811,470,,3026,4331,9984
2017,VT,624525,1082,17,,254,100,711
2017,WA,7425432,22483,226,,3300,5386,13571
2017,WI,5792051,18638,192,,2177,4370,11899
2017,WV,1817048,6564,98,,793,673,5000
2017,WY,578934,1358,14,,253,98,993
2018,AK,737438,6526,47,,1192,896,4391
2018,AL,4887871,25399,383,,1996,4076,18944
2018,AR,3013825,16384,216,,2196,1594,12378
2018,AZ,7171646,34058,369,,3638,6523,23528
2018,CA,39557045,176982,1739,,15505,54326,105412
2018,CO,5695564,22624,210,,4070,3797,14547
2018,CT,3572665,7411,83,,840,2194,4294
2018,DC,702455,6996,160,,450,2415,3971
2018,DE,967171,4097,48,,338,866,2845
2018,FL,21299325,81980,1107,,8438,16884,55551
2018,GA,10519475,34355,642,,2651,8279,22783
2018,HI,1420491,3532,36,,625,946,1925
2018,IA,3156145,7893,54,,976,932,5931
2018,ID,1754208,3983,35,,791,200,2957
2018,IL,12741080,51490,884,,5859,14208,30539
2018,IN,6691878,25581,438,,2370,5939,16834
2018,KS,2911505,12782,113,,1567,1543,9559
2018,KY,4468402,9467,244,,1707,2457,5059
2018,LA,4659978,25049,530,,2085,4568,17866
2018,MA,6902149,23337,136,,2410,4143,16648
2018,MD,6042718,28320,490,,1979,9716,16135
2018,ME,1338404,1501,24,,446,228,803
2018,MI,9995915,44918,551,,7690,5656,31021
2018,MN,5611179,12369,106,,2462,2944,6857
2018,MO,6126452,30758,607,,2912,5197,22042
2018,MS,2986530,6999,171,,537,1595,4696
2018,MT,1062305,3974,34,,551,269,3120
2018,NC,10383620,39210,628,,2633,8423,27526
2018,ND,760077,2133,18,,397,158,1560
2018,NE,1929268,5494,44,,1233,756,3461
2018,NH,1356458,2349,21,,534,359,1435
2018,NJ,8908520,18537,286,,1424,6364,10463
2018,NM,2095428,17949,167,,1354,2830,13598
2018,NV,3034392,16420,202,,2329,3862,10027
2018,NY,19542209,68495,562,,6575,18187,43171
2018,OH,11689442,32723,564,,5300,9185,17674
2018,OK,3943079,18380,206,,2299,2791,13084
2018,OR,4190713,11966,82,,1975,2549,7360
2018,PA,12807060,39192,784,,4483,9848,24077
2018,RI,1057315,2317,16,,481,454,1366
2018,SC,5084127,24825,392,,2434,3553,18446
2018,SD,882235,3570,12,,614,262,2682
2018,TN,6770010,42226,498,,2821,7190,31717
2018,TX,28701845,117927,1322,,14693,28256,73656
2018,UT,3161105,7368,60,,1753,1236,4319
2018,VA,8517685,17032,391,,2924,3604,10113
2018,VT,626299,1077,10,,287,70,710
2018,WA,7535591,23472,236,,3413,5572,14251
2018,WI,5813568,17176,176,,2248,3489,11263
2018,WV,1805832,5236,67,,652,572,3945
2018,WY,577737,1226,13,,243,100,870
