YrSt_ID,population,robbery,Unemp_Yr_Avg
1980 - AK,440142,360,9.6
1980 - AL,3861466,5102,8.9
1980 - AR,2284037,1848,7.5
1980 - AZ,2715357,5258,6.6
1980 - CA,23532680,90420,6.8
1980 - CO,2878407,4608,5.8
1980 - CT,3095224,6749,5.8
1980 - DC,635233,8897,7.4
1980 - DE,594779,815,7.6
1980 - FL,9567112,34015,6.1
1980 - GA,5400851,10670,6.3
1980 - HI,964680,1835,5.0
1980 - IA,2907804,1596,6.0
1980 - ID,943629,442,7.5
1980 - IL,11355062,41675,8.1
1980 - IN,5461103,7720,9.6
1980 - KS,2354783,2664,4.5
1980 - KY,3641479,3468,7.9
1980 - LA,4199542,8271,6.9
1980 - MA,5728288,13492,5.6
1980 - MD,4192211,16461,6.6
1980 - ME,1123670,346,7.6
1980 - MI,9228128,22519,12.3
1980 - MN,4061235,4025,5.8
1980 - MO,4901288,10958,7.2
1980 - MT,781592,266,6.1
1980 - NC,5843665,4810,6.4
1980 - ND,652437,50,4.9
1980 - NE,1563921,1286,3.9
1980 - NH,919114,386,4.5
1980 - NJ,7342164,22299,7.2
1980 - NM,1295474,1657,7.6
1980 - NV,800312,3686,6.2
1980 - NY,17506690,112273,7.5
1980 - OH,10766808,24082,8.4
1980 - OK,3001252,3147,4.4
1980 - OR,2610477,3978,8.5
1980 - PA,11824220,21039,8.0
1980 - RI,945835,1122,7.2
1980 - SC,3064557,3620,6.7
1980 - SD,688217,138,4.8
1980 - TN,4545590,8208,7.4
1980 - TX,14169829,29547,5.1
1980 - UT,1458729,1170,6.2
1980 - VA,5323412,6392,5.2
1980 - VT,511299,199,6.2
1980 - WA,4113331,5558,8.1
1980 - WI,4680917,3310,7.2
1980 - WV,1930787,936,9.5
1980 - WY,468954,208,3.8
1981 - AK,412000,472,9.4
1981 - AL,3916000,4952,10.5
1981 - AR,2294000,1776,8.8
1981 - AZ,2793000,4961,6.2
1981 - CA,24159000,93781,7.4
1981 - CO,2963000,4726,5.8
1981 - CT,3132000,7709,6.2
1981 - DC,636000,10399,8.9
1981 - DE,598000,844,7.9
1981 - FL,10166000,35473,6.7
1981 - GA,5569000,10938,6.4
1981 - HI,979000,1453,5.4
1981 - IA,2897000,1554,6.6
1981 - ID,959000,362,7.8
1981 - IL,11455000,42752,8.5
1981 - IN,5466000,7050,9.9
1981 - KS,2381000,2611,4.3
1981 - KY,3661000,3687,8.6
1981 - LA,4305000,8698,8.4
1981 - MA,5770000,15633,6.5
1981 - MD,4261000,18085,7.3
1981 - ME,1132000,368,7.4
1981 - MI,9201000,23688,12.4
1981 - MN,4090000,4266,5.8
1981 - MO,4938000,10629,7.7
1981 - MT,792000,302,6.9
1981 - NC,5951000,4809,6.5
1981 - ND,658000,85,4.8
1981 - NE,1576000,1115,4.2
1981 - NH,935000,335,5.2
1981 - NJ,7401000,24761,7.5
1981 - NM,1327000,1868,7.3
1981 - NV,845000,3870,7.2
1981 - NY,17594000,120344,7.6
1981 - OH,10776000,25529,9.4
1981 - OK,3098000,3574,3.6
1981 - OR,2647000,4780,9.8
1981 - PA,11864000,22137,8.4
1981 - RI,952000,1257,7.8
1981 - SC,3166000,3805,8.1
1981 - SD,685000,122,5.0
1981 - TN,4610000,7916,9.0
1981 - TX,14755000,28528,5.3
1981 - UT,1516000,1286,6.6
1981 - VA,5426000,7229,6.0
1981 - VT,515000,142,5.8
1981 - WA,4212000,5475,9.6
1981 - WI,4739000,3249,8.0
1981 - WV,1951000,979,10.6
1981 - WY,492000,206,4.1
1982 - AK,438000,586,9.9
1982 - AL,3943000,4417,14.1
1982 - AR,2291000,1805,9.9
1982 - AZ,2860000,4537,10.1
1982 - CA,24724000,91988,9.9
1982 - CO,3045000,4587,7.3
1982 - CT,3153000,6574,6.8
1982 - DC,631000,9137,10.4
1982 - DE,602000,737,8.4
1982 - FL,10416000,31002,8.4
1982 - GA,5639000,8716,7.8
1982 - HI,994000,1560,6.3
1982 - IA,2905000,1051,8.5
1982 - ID,965000,292,10.0
1982 - IL,11448000,39700,11.4
1982 - IN,5471000,5966,12.0
1982 - KS,2408000,2095,6.3
1982 - KY,3667000,3568,10.8
1982 - LA,4362000,9275,10.3
1982 - MA,5781000,12359,7.7
1982 - MD,4265000,15377,8.3
1982 - ME,1133000,345,8.4
1982 - MI,9109000,24699,15.4
1982 - MN,4133000,4188,7.9
1982 - MO,4951000,9554,9.2
1982 - MT,801000,265,8.5
1982 - NC,6019000,5168,9.2
1982 - ND,670000,85,5.6
1982 - NE,1586000,982,5.6
1982 - NH,951000,322,6.8
1982 - NJ,7438000,22880,8.7
1982 - NM,1359000,1715,9.2
1982 - NV,881000,3697,9.9
1982 - NY,17659000,107843,8.5
1982 - OH,10791000,19809,12.7
1982 - OK,3177000,4218,6.0
1982 - OR,2649000,4433,11.5
1982 - PA,11865000,20806,11.2
1982 - RI,958000,1099,9.7
1982 - SC,3203000,3921,11.1
1982 - SD,691000,118,5.5
1982 - TN,4651000,8173,11.7
1982 - TX,15280000,33618,6.9
1982 - UT,1554000,1344,8.2
1982 - VA,5491000,6708,7.4
1982 - VT,516000,119,7.0
1982 - WA,4245000,5003,12.0
1982 - WI,4765000,3393,10.5
1982 - WV,1948000,970,14.0
1982 - WY,502000,172,6.2
1983 - AK,479000,465,10.0
1983 - AL,3959000,3895,13.8
1983 - AR,2328000,1614,9.9
1983 - AZ,2963000,3923,8.8
1983 - CA,25174000,85826,9.8
1983 - CO,3139000,3968,7.1
1983 - CT,3138000,6296,6.0
1983 - DC,623000,7698,11.2
1983 - DE,606000,699,7.7
1983 - FL,10680000,28126,8.5
1983 - GA,5732000,8267,7.7
1983 - HI,1023000,1330,6.2
1983 - IA,2905000,1192,8.1
1983 - ID,989000,270,9.0
1983 - IL,11486000,36625,11.8
1983 - IN,5479000,5474,11.2
1983 - KS,2425000,2038,5.9
1983 - KY,3714000,3236,11.4
1983 - LA,4438000,8433,11.5
1983 - MA,5767000,12023,6.8
1983 - MD,4304000,14950,7.0
1983 - ME,1146000,311,8.3
1983 - MI,9069000,25873,14.4
1983 - MN,4144000,3298,8.0
1983 - MO,4970000,8346,9.9
1983 - MT,817000,192,8.6
1983 - NC,6082000,4840,9.0
1983 - ND,680000,53,5.7
1983 - NE,1597000,796,5.6
1983 - NH,959000,231,5.5
1983 - NJ,7468000,20086,8.0
1983 - NM,1399000,1595,9.7
1983 - NV,891000,2737,9.6
1983 - NY,17667000,94783,8.7
1983 - OH,10746000,17132,12.4
1983 - OK,3298000,4245,8.4
1983 - OR,2662000,4533,10.8
1983 - PA,11895000,20501,11.5
1983 - RI,955000,1078,8.3
1983 - SC,3264000,3425,9.9
1983 - SD,700000,111,5.2
1983 - TN,4685000,8094,11.6
1983 - TX,15724000,29769,7.9
1983 - UT,1619000,1041,8.7
1983 - VA,5550000,6132,6.4
1983 - VT,525000,146,6.4
1983 - WA,4300000,4533,11.1
1983 - WI,4751000,3415,10.3
1983 - WV,1965000,869,17.8
1983 - WY,514000,153,8.1
1984 - AK,500000,547,9.9
1984 - AL,3990000,3833,11.0
1984 - AR,2349000,1587,8.7
1984 - AZ,3053000,4003,5.2
1984 - CA,25622000,83924,7.8
1984 - CO,3178000,3623,5.4
1984 - CT,3154000,6009,4.7
1984 - DC,623000,6087,9.2
1984 - DE,613000,711,6.3
1984 - FL,10976000,30311,6.4
1984 - GA,5837000,8414,6.1
1984 - HI,1039000,1204,5.7
1984 - IA,2910000,1114,7.0
1984 - ID,1001000,244,7.3
1984 - IL,11511000,34965,9.0
1984 - IN,5498000,5435,8.6
1984 - KS,2438000,1745,4.9
1984 - KY,3723000,2631,9.3
1984 - LA,4462000,8501,10.1
1984 - MA,5798000,10122,4.8
1984 - MD,4349000,13097,5.4
1984 - ME,1156000,305,6.2
1984 - MI,9075000,27832,11.2
1984 - MN,4162000,2960,6.3
1984 - MO,5008000,7053,7.2
1984 - MT,824000,226,7.6
1984 - NC,6165000,4612,6.7
1984 - ND,686000,53,5.3
1984 - NE,1606000,693,4.5
1984 - NH,977000,227,4.3
1984 - NJ,7515000,18218,6.2
1984 - NM,1424000,1856,7.8
1984 - NV,911000,2542,7.9
1984 - NY,17735000,89900,7.2
1984 - OH,10752000,15656,9.5
1984 - OK,3298000,3668,7.1
1984 - OR,2674000,4508,9.4
1984 - PA,11901000,17656,9.1
1984 - RI,962000,1091,5.5
1984 - SC,3300000,3408,6.9
1984 - SD,706000,105,4.4
1984 - TN,4717000,7867,8.6
1984 - TX,15989000,28540,6.1
1984 - UT,1652000,958,6.5
1984 - VA,5636000,5765,5.1
1984 - VT,530000,122,5.1
1984 - WA,4349000,5247,9.3
1984 - WI,4766000,3167,7.4
1984 - WV,1952000,744,14.8
1984 - WY,511000,118,6.3
1985 - AK,521000,484,9.7
1985 - AL,4021000,4237,9.2
1985 - AR,2359000,1617,8.7
1985 - AZ,3187000,4670,6.3
1985 - CA,26365000,86387,7.2
1985 - CO,3231000,4012,6.1
1985 - CT,3174000,6032,4.7
1985 - DC,626000,5230,8.1
1985 - DE,622000,773,5.2
1985 - FL,11366000,35506,6.0
1985 - GA,5976000,9812,6.4
1985 - HI,1054000,1048,5.4
1985 - IA,2884000,1187,7.5
1985 - ID,1005000,269,7.9
1985 - IL,11535000,33120,9.1
1985 - IN,5499000,5065,7.8
1985 - KS,2450000,1929,5.1
1985 - KY,3726000,2821,9.2
1985 - LA,4481000,8526,11.6
1985 - MA,5822000,10974,4.0
1985 - MD,4392000,13272,4.6
1985 - ME,1164000,284,5.5
1985 - MI,9088000,26572,10.0
1985 - MN,4193000,3598,6.0
1985 - MO,5029000,7425,6.5
1985 - MT,826000,173,7.7
1985 - NC,6255000,4893,5.6
1985 - ND,685000,44,5.7
1985 - NE,1606000,779,5.2
1985 - NH,998000,266,3.7
1985 - NJ,7562000,19282,5.6
1985 - NM,1450000,2003,8.3
1985 - NV,936000,2573,7.7
1985 - NY,17783000,89706,6.6
1985 - OH,10744000,14301,8.9
1985 - OK,3301000,3526,7.2
1985 - OR,2687000,4986,8.8
1985 - PA,11853000,17429,8.0
1985 - RI,968000,1122,4.7
1985 - SC,3347000,3143,6.9
1985 - SD,708000,121,4.9
1985 - TN,4762000,8614,8.0
1985 - TX,16370000,31680,7.0
1985 - UT,1645000,908,6.0
1985 - VA,5706000,5720,5.5
1985 - VT,535000,112,4.8
1985 - WA,4409000,5821,8.4
1985 - WI,4775000,3351,7.2
1985 - WV,1936000,728,13.1
1985 - WY,509000,102,6.9
1986 - AK,534000,470,11.0
1986 - AL,4053000,4523,9.7
1986 - AR,2372000,1890,8.6
1986 - AZ,3317000,5614,6.9
1986 - CA,26981000,92512,6.7
1986 - CO,3267000,4731,7.5
1986 - CT,3189000,6129,3.9
1986 - DC,626000,4720,7.5
1986 - DE,633000,786,4.3
1986 - FL,11675000,42822,5.8
1986 - GA,6104000,13056,6.0
1986 - HI,1062000,1129,4.8
1986 - IA,2851000,1197,6.8
1986 - ID,1003000,214,8.5
1986 - IL,11533000,37583,8.3
1986 - IN,5504000,4954,6.9
1986 - KS,2461000,1958,5.3
1986 - KY,3728000,3076,9.4
1986 - LA,4501000,10071,12.8
1986 - MA,5832000,11239,3.9
1986 - MD,4463000,13569,4.6
1986 - ME,1174000,328,5.3
1986 - MI,9145000,27550,8.8
1986 - MN,4214000,4299,5.5
1986 - MO,5066000,8624,6.2
1986 - MT,819000,160,7.9
1986 - NC,6331000,5551,5.3
1986 - ND,679000,47,5.9
1986 - NE,1598000,817,5.0
1986 - NH,1027000,242,2.8
1986 - NJ,7620000,20473,5.0
1986 - NM,1479000,1916,9.3
1986 - NV,963000,2763,6.2
1986 - NY,17772000,91360,6.2
1986 - OH,10752000,15283,8.3
1986 - OK,3305000,3521,8.2
1986 - OR,2698000,5555,8.1
1986 - PA,11889000,18085,6.9
1986 - RI,975000,1157,4.1
1986 - SC,3378000,3361,6.4
1986 - SD,708000,115,4.6
1986 - TN,4803000,9978,7.9
1986 - TX,16682000,40021,8.8
1986 - UT,1665000,976,6.1
1986 - VA,5787000,6118,5.0
1986 - VT,541000,120,4.3
1986 - WA,4463000,6031,8.1
1986 - WI,4785000,3483,7.0
1986 - WV,1919000,787,11.8
1986 - WY,507000,114,8.9
1987 - AK,525000,384,10.3
1987 - AL,4083000,4581,8.1
1987 - AR,2388000,1890,8.1
1987 - AZ,3386000,4687,6.5
1987 - CA,27663000,83341,5.8
1987 - CO,3296000,3916,7.6
1987 - CT,3211000,5720,3.4
1987 - DC,622000,4462,6.3
1987 - DE,644000,789,3.1
1987 - FL,12023000,42869,5.3
1987 - GA,6222000,13014,5.7
1987 - HI,1083000,1061,3.8
1987 - IA,2834000,1025,5.5
1987 - ID,998000,242,7.6
1987 - IL,11582000,36406,7.5
1987 - IN,5531000,4901,6.2
1987 - KS,2476000,2032,4.9
1987 - KY,3727000,3361,8.5
1987 - LA,4461000,7987,12.1
1987 - MA,5855000,10379,3.2
1987 - MD,4535000,13164,4.4
1987 - ME,1187000,304,4.4
1987 - MI,9200000,25442,8.3
1987 - MN,4246000,4354,5.1
1987 - MO,5103000,8376,6.3
1987 - MT,809000,196,7.5
1987 - NC,6413000,6023,4.5
1987 - ND,672000,51,5.0
1987 - NE,1594000,751,4.4
1987 - NH,1057000,280,2.3
1987 - NJ,7672000,17862,4.1
1987 - NM,1500000,1625,8.7
1987 - NV,1007000,2744,6.1
1987 - NY,17825000,89721,4.9
1987 - OH,10784000,16511,7.1
1987 - OK,3272000,3583,7.3
1987 - OR,2724000,5338,6.3
1987 - PA,11936000,17241,5.7
1987 - RI,986000,1062,3.6
1987 - SC,3425000,3463,5.5
1987 - SD,709000,87,4.2
1987 - TN,4855000,9409,6.6
1987 - TX,16789000,38053,8.4
1987 - UT,1680000,887,6.2
1987 - VA,5904000,6244,4.3
1987 - VT,548000,92,3.6
1987 - WA,4538000,6417,7.4
1987 - WI,4807000,3192,5.9
1987 - WV,1897000,591,10.8
1987 - WY,490000,98,8.1
1988 - AK,513000,374,8.8
1988 - AL,4127000,4860,7.2
1988 - AR,2422000,2037,7.6
1988 - AZ,3466000,4750,6.4
1988 - CA,28168000,86141,5.3
1988 - CO,3290000,3250,6.5
1988 - CT,3241000,6080,2.9
1988 - DC,620000,5690,5.0
1988 - DE,660000,784,3.2
1988 - FL,12377000,49916,5.1
1988 - GA,6401000,15593,5.7
1988 - HI,1093000,919,3.2
1988 - IA,2834000,1132,4.5
1988 - ID,999000,202,6.0
1988 - IL,11544000,36097,6.7
1988 - IN,5575000,4963,5.3
1988 - KS,2487000,2136,4.5
1988 - KY,3721000,2764,7.6
1988 - LA,4420000,9238,10.8
1988 - MA,5871000,10352,3.3
1988 - MD,4644000,13994,4.3
1988 - ME,1206000,311,3.6
1988 - MI,9300000,22424,7.5
1988 - MN,4306000,4079,4.3
1988 - MO,5139000,8638,5.7
1988 - MT,804000,182,6.6
1988 - NC,6526000,7085,3.6
1988 - ND,663000,54,4.7
1988 - NE,1601000,898,3.6
1988 - NH,1097000,231,2.4
1988 - NJ,7720000,18927,3.8
1988 - NM,1510000,1557,7.5
1988 - NV,1060000,3087,5.2
1988 - NY,17898000,97434,4.3
1988 - OH,10872000,17546,6.1
1988 - OK,3263000,3428,6.4
1988 - OR,2741000,5289,5.8
1988 - PA,12027000,16607,5.1
1988 - RI,995000,1146,3.1
1988 - SC,3493000,4357,4.7
1988 - SD,715000,87,4.1
1988 - TN,4919000,8537,5.8
1988 - TX,16780000,39301,7.4
1988 - UT,1691000,915,5.0
1988 - VA,5996000,6748,3.9
1988 - VT,556000,89,3.0
1988 - WA,4619000,6738,6.3
1988 - WI,4858000,3258,4.4
1988 - WV,1884000,644,9.9
1988 - WY,471000,71,6.5
1989 - AK,527000,356,7.0
1989 - AL,4118000,5515,7.0
1989 - AR,2406000,2660,7.0
1989 - AZ,3556000,4944,5.3
1989 - CA,29063000,96431,5.1
1989 - CO,3317000,2984,5.7
1989 - CT,3239000,6956,3.8
1989 - DC,604000,6542,4.9
1989 - DE,673000,934,3.5
1989 - FL,12671000,51188,5.6
1989 - GA,6436000,17450,5.5
1989 - HI,1112000,925,2.5
1989 - IA,2840000,1108,4.2
1989 - ID,1014000,152,5.3
1989 - IL,11658000,39138,6.0
1989 - IN,5593000,5671,4.8
1989 - KS,2513000,2508,4.2
1989 - KY,3727000,2836,6.4
1989 - LA,4382000,10397,8.0
1989 - MA,5913000,11980,4.1
1989 - MD,4694000,15589,3.8
1989 - ME,1222000,293,4.0
1989 - MI,9273000,20616,7.1
1989 - MN,4353000,4128,4.3
1989 - MO,5159000,10060,5.5
1989 - MT,806000,137,5.8
1989 - NC,6571000,8770,3.5
1989 - ND,660000,61,4.3
1989 - NE,1611000,837,2.9
1989 - NH,1107000,264,3.5
1989 - NJ,7736000,21139,4.1
1989 - NM,1528000,1607,6.7
1989 - NV,1111000,2784,4.7
1989 - NY,17950000,103983,5.0
1989 - OH,10907000,18635,5.6
1989 - OK,3224000,4070,5.7
1989 - OR,2820000,4282,5.4
1989 - PA,12040000,18025,4.7
1989 - RI,998000,1122,4.1
1989 - SC,3512000,4574,4.6
1989 - SD,715000,84,4.0
1989 - TN,4940000,7926,5.1
1989 - TX,16991000,37913,6.7
1989 - UT,1707000,898,4.6
1989 - VA,6098000,6494,3.9
1989 - VT,567000,102,3.5
1989 - WA,4761000,6672,5.9
1989 - WI,4867000,3659,4.4
1989 - WV,1857000,793,8.6
1989 - WY,475000,81,6.2
1990 - AK,550043,422,7.2
1990 - AL,4040587,5805,6.8
1990 - AR,2350725,2661,6.9
1990 - AZ,3665228,5897,5.3
1990 - CA,29760021,112208,5.8
1990 - CO,3294394,2985,5.2
1990 - CT,3287116,7717,5.1
1990 - DC,606900,7365,6.3
1990 - DE,666168,1098,4.7
1990 - FL,12937926,53928,6.1
1990 - GA,6478216,17067,5.5
1990 - HI,1108229,1013,2.7
1990 - IA,2776755,1089,4.4
1990 - ID,1006749,151,5.5
1990 - IL,11430602,45038,6.1
1990 - IN,5544159,5619,5.3
1990 - KS,2477574,2914,4.3
1990 - KY,3685296,2545,6.0
1990 - LA,4219973,11387,6.2
1990 - MA,6016425,13062,6.3
1990 - MD,4781468,17394,4.5
1990 - ME,1227928,308,5.3
1990 - MI,9295297,21752,7.6
1990 - MN,4375099,4057,4.8
1990 - MO,5117073,11073,5.8
1990 - MT,799065,173,6.0
1990 - NC,6628637,10082,4.1
1990 - ND,638800,50,4.0
1990 - NE,1578385,807,2.4
1990 - NH,1109252,302,5.7
1990 - NJ,7730188,23269,5.1
1990 - NM,1515069,1744,6.6
1990 - NV,1201833,2864,4.7
1990 - NY,17990455,112380,5.3
1990 - OH,10847115,20451,5.6
1990 - OK,3145585,3836,5.7
1990 - OR,2842321,4102,5.5
1990 - PA,11881643,20930,5.5
1990 - RI,1003464,1224,6.4
1990 - SC,3486703,5313,4.8
1990 - SD,696004,86,3.8
1990 - TN,4877185,9325,5.3
1990 - TX,16986510,44297,6.3
1990 - UT,1722850,980,4.4
1990 - VA,6187358,7626,4.5
1990 - VT,562758,66,5.0
1990 - WA,4866692,6326,5.2
1990 - WI,4891769,5514,4.4
1990 - WV,1793477,680,8.5
1990 - WY,453588,72,5.3
1991 - AK,570000,645,8.5
1991 - AL,4089000,6246,7.3
1991 - AR,2372000,3217,7.4
1991 - AZ,3750000,6215,5.9
1991 - CA,30380000,124939,7.7
1991 - CO,3377000,3628,5.2
1991 - CT,3291000,7384,6.5
1991 - DC,598000,7269,7.8
1991 - DE,680000,1460,6.2
1991 - FL,13277000,53083,7.5
1991 - GA,6623000,17762,5.2
1991 - HI,1135000,986,2.9
1991 - IA,2795000,1257,4.7
1991 - ID,1039000,215,6.2
1991 - IL,11543000,52653,7.2
1991 - IN,5610000,6506,6.0
1991 - KS,2495000,3453,4.4
1991 - KY,3713000,3084,7.3
1991 - LA,4252000,11860,7.3
1991 - MA,5996000,11669,8.6
1991 - MD,4860000,19783,6.1
1991 - ME,1235000,280,7.5
1991 - MI,9368000,22790,9.2
1991 - MN,4432000,4345,5.2
1991 - MO,5158000,12952,6.6
1991 - MT,808000,150,6.9
1991 - NC,6737000,11990,5.8
1991 - ND,635000,51,4.4
1991 - NE,1593000,861,2.7
1991 - NH,1105000,365,7.3
1991 - NJ,7760000,22744,6.7
1991 - NM,1548000,1862,7.1
1991 - NV,1284000,4012,5.8
1991 - NY,18058000,112342,7.2
1991 - OH,10939000,23536,6.5
1991 - OK,3175000,4094,6.3
1991 - OR,2922000,4387,6.4
1991 - PA,11961000,23191,7.1
1991 - RI,1004000,1234,8.6
1991 - SC,3560000,6092,6.1
1991 - SD,703000,132,3.5
1991 - TN,4953000,10543,6.7
1991 - TX,17349000,49700,6.9
1991 - UT,1770000,976,4.7
1991 - VA,6286000,8651,5.9
1991 - VT,567000,67,6.6
1991 - WA,5018000,7303,6.3
1991 - WI,4955000,5895,5.5
1991 - WV,1801000,779,10.7
1991 - WY,460000,79,5.2
1992 - AK,587000,640,8.9
1992 - AL,4136000,6819,7.6
1992 - AR,2399000,3011,7.1
1992 - AZ,3832000,5867,7.5
1992 - CA,30867000,130897,9.3
1992 - CO,3470000,4180,6.0
1992 - CT,3281000,6918,7.5
1992 - DC,589000,7459,8.6
1992 - DE,689000,1042,5.4
1992 - FL,13488000,49482,8.2
1992 - GA,6751000,16863,6.9
1992 - HI,1160000,1151,4.3
1992 - IA,2812000,1113,4.5
1992 - ID,1067000,229,6.4
1992 - IL,11631000,47973,7.9
1992 - IN,5662000,6921,6.5
1992 - KS,2523000,3277,4.5
1992 - KY,3755000,3273,6.9
1992 - LA,4287000,11636,8.0
1992 - MA,5998000,11059,8.5
1992 - MD,4908000,21054,6.8
1992 - ME,1235000,288,7.3
1992 - MI,9437000,20902,9.0
1992 - MN,4480000,4906,5.1
1992 - MO,5193000,11783,6.2
1992 - MT,824000,222,6.7
1992 - NC,6843000,12784,6.1
1992 - ND,636000,50,4.8
1992 - NE,1606000,911,2.9
1992 - NH,1111000,367,7.3
1992 - NJ,7789000,22216,8.4
1992 - NM,1581000,2202,7.2
1992 - NV,1327000,4397,6.7
1992 - NY,18119000,108154,8.6
1992 - OH,11016000,21925,7.4
1992 - OK,3212000,4376,6.0
1992 - OR,2977000,4507,7.4
1992 - PA,12009000,21701,7.6
1992 - RI,1005000,950,8.9
1992 - SC,3603000,6148,6.7
1992 - SD,711000,120,3.3
1992 - TN,5024000,10964,6.5
1992 - TX,17656000,44588,7.6
1992 - UT,1813000,1014,4.9
1992 - VA,6377000,8787,6.3
1992 - VT,570000,51,6.1
1992 - WA,5136000,7178,7.3
1992 - WI,5007000,5997,5.1
1992 - WV,1812000,788,11.3
1992 - WY,466000,84,5.6
1993 - AK,599000,733,7.7
1993 - AL,4187000,6677,7.3
1993 - AR,2424000,3027,6.2
1993 - AZ,3936000,6412,6.4
1993 - CA,31211000,126436,9.5
1993 - CO,3566000,4160,5.3
1993 - CT,3277000,6447,6.6
1993 - DC,578000,7107,8.5
1993 - DE,700000,1307,5.0
1993 - FL,13679000,48913,7.1
1993 - GA,6917000,17154,6.0
1993 - HI,1172000,1214,4.5
1993 - IA,2814000,1517,4.1
1993 - ID,1099000,186,6.0
1993 - IL,11697000,44584,7.4
1993 - IN,5713000,6845,5.4
1993 - KS,2531000,3128,5.0
1993 - KY,3789000,3425,6.2
1993 - LA,4295000,12182,7.6
1993 - MA,6012000,10563,7.0
1993 - MD,4965000,21582,6.2
1993 - ME,1239000,264,7.3
1993 - MI,9478000,22601,7.2
1993 - MN,4517000,5092,5.0
1993 - MO,5234000,12654,6.2
1993 - MT,839000,272,6.1
1993 - NC,6945000,13364,5.0
1993 - ND,635000,53,4.3
1993 - NE,1607000,1003,2.8
1993 - NH,1125000,307,6.2
1993 - NJ,7879000,23319,7.6
1993 - NM,1616000,2237,7.0
1993 - NV,1389000,4724,6.9
1993 - NY,18197000,102122,7.9
1993 - OH,11091000,21373,6.6
1993 - OK,3231000,3935,5.9
1993 - OR,3032000,3930,7.0
1993 - PA,12048000,21563,7.0
1993 - RI,1000000,1011,7.7
1993 - SC,3643000,6825,7.3
1993 - SD,715000,107,3.4
1993 - TN,5099000,11224,5.8
1993 - TX,18031000,40469,7.2
1993 - UT,1860000,1090,4.1
1993 - VA,6491000,9216,5.2
1993 - VT,576000,52,5.2
1993 - WA,5255000,7204,7.3
1993 - WI,5038000,5714,4.8
1993 - WV,1820000,782,10.6
1993 - WY,470000,81,5.4
1994 - AK,606000,886,7.6
1994 - AL,4219000,7223,6.2
1994 - AR,2453000,3158,5.4
1994 - AZ,4075000,6601,6.2
1994 - CA,31431000,112160,8.6
1994 - CO,3656000,3910,4.3
1994 - CT,3275000,6150,5.6
1994 - DC,570000,6311,8.0
1994 - DE,706000,1141,4.8
1994 - FL,13953000,45871,6.5
1994 - GA,7055000,15703,5.2
1994 - HI,1179000,1221,5.5
1994 - IA,2829000,1327,3.5
1994 - ID,1133000,209,5.4
1994 - IL,11752000,43788,5.8
1994 - IN,5752000,7490,4.9
1994 - KS,2554000,2940,4.9
1994 - KY,3827000,3595,5.4
1994 - LA,4315000,11530,7.9
1994 - MA,6041000,10160,6.1
1994 - MD,5006000,20147,5.3
1994 - ME,1240000,278,7.0
1994 - MI,9496000,21733,6.0
1994 - MN,4567000,5370,4.1
1994 - MO,5278000,12178,5.1
1994 - MT,856000,280,5.3
1994 - NC,7070000,12811,4.4
1994 - ND,638000,71,3.7
1994 - NE,1623000,1223,2.7
1994 - NH,1137000,308,4.7
1994 - NJ,7904000,22762,6.8
1994 - NM,1654000,2329,6.5
1994 - NV,1457000,5134,6.2
1994 - NY,18169000,86617,7.0
1994 - OH,11102000,20821,5.6
1994 - OK,3258000,4174,5.6
1994 - OR,3086000,4264,5.4
1994 - PA,12052000,22497,6.3
1994 - RI,997000,870,6.9
1994 - SC,3664000,6817,6.2
1994 - SD,721000,135,3.3
1994 - TN,5175000,10735,4.9
1994 - TX,18378000,37643,6.5
1994 - UT,1908000,1213,3.8
1994 - VA,6552000,8704,4.9
1994 - VT,580000,71,4.6
1994 - WA,5343000,7464,6.6
1994 - WI,5082000,5739,4.5
1994 - WV,1822000,772,8.8
1994 - WY,476000,79,5.0
1995 - AK,604000,937,7.3
1995 - AL,4253000,7900,6.0
1995 - AR,2484000,3122,4.8
1995 - AZ,4218000,7329,5.4
1995 - CA,31589000,104611,7.9
1995 - CO,3747000,3604,4.0
1995 - CT,3275000,5345,5.5
1995 - DC,554000,6864,8.8
1995 - DE,717000,1425,4.3
1995 - FL,14166000,42485,5.5
1995 - GA,7201000,14777,4.8
1995 - HI,1187000,1553,5.9
1995 - IA,2842000,1507,3.5
1995 - ID,1163000,279,5.4
1995 - IL,11830000,39139,5.2
1995 - IN,5803000,7844,4.6
1995 - KS,2565000,2775,4.4
1995 - KY,3860000,4001,5.4
1995 - LA,4342000,11662,7.0
1995 - MA,6074000,9137,5.3
1995 - MD,5042000,21334,5.0
1995 - ME,1241000,334,6.0
1995 - MI,9549000,17885,5.3
1995 - MN,4610000,5702,3.8
1995 - MO,5324000,10863,4.7
1995 - MS,2697000,3530,6.2
1995 - MT,870000,253,5.7
1995 - NC,7195000,12896,4.3
1995 - ND,641000,64,3.2
1995 - NE,1637000,1067,2.7
1995 - NH,1148000,314,4.0
1995 - NJ,7945000,22486,6.4
1995 - NM,1685000,2604,6.6
1995 - NV,1530000,4966,5.6
1995 - NY,18136000,72492,6.3
1995 - OH,11151000,19931,4.8
1995 - OK,3278000,3788,4.6
1995 - OR,3141000,4332,4.9
1995 - PA,12072000,22858,5.9
1995 - RI,990000,914,6.3
1995 - SC,3673000,6461,5.2
1995 - SD,729000,189,3.1
1995 - TN,5256000,11732,5.2
1995 - TX,18724000,33667,6.1
1995 - UT,1951000,1309,3.5
1995 - VA,6618000,8718,4.5
1995 - VT,585000,64,4.3
1995 - WA,5431000,7209,6.4
1995 - WI,5123000,5384,3.8
1995 - WV,1828000,781,7.9
1995 - WY,480000,86,4.8
1996 - AK,607000,710,7.6
1996 - AL,4273000,7124,5.2
1996 - AR,2510000,2864,5.3
1996 - AZ,4428000,7429,5.6
1996 - CA,31878000,94222,7.3
1996 - CO,3823000,3755,4.2
1996 - CT,3274000,5552,5.5
1996 - DC,543000,6444,8.4
1996 - DE,725000,1304,5.1
1996 - FL,14400000,41643,5.1
1996 - GA,7353000,15100,4.7
1996 - HI,1184000,1606,6.3
1996 - IA,2852000,1286,3.5
1996 - ID,1189000,241,5.3
1996 - IL,11847000,33106,5.3
1996 - IN,5841000,7249,4.1
1996 - KS,2572000,2476,4.3
1996 - KY,3884000,3643,5.5
1996 - LA,4351000,12036,6.6
1996 - MA,6092000,7778,4.4
1996 - MD,5072000,19944,5.1
1996 - ME,1243000,292,5.2
1996 - MI,9594000,16907,4.9
1996 - MN,4658000,5385,4.0
1996 - MO,5359000,9142,4.8
1996 - MS,2716000,3646,6.0
1996 - MT,879000,261,5.3
1996 - NC,7323000,12001,4.3
1996 - ND,644000,71,2.9
1996 - NE,1652000,1052,2.7
1996 - NH,1162000,317,3.8
1996 - NJ,7988000,18838,6.2
1996 - NM,1713000,2782,7.2
1996 - NV,1603000,4931,5.0
1996 - NY,18185000,61822,6.2
1996 - OH,11173000,18336,5.0
1996 - OK,3301000,3519,4.1
1996 - OR,3204000,3914,5.7
1996 - PA,12056000,22784,5.5
1996 - RI,990000,824,5.5
1996 - SC,3699000,6361,5.8
1996 - SD,732000,138,3.2
1996 - TN,5320000,11902,5.2
1996 - TX,19128000,32804,5.7
1996 - UT,2000000,1377,3.4
1996 - VA,6675000,8181,4.5
1996 - VT,589000,91,4.3
1996 - WA,5533000,6587,6.1
1996 - WI,5160000,4982,3.6
1996 - WV,1826000,737,7.5
1996 - WY,481000,98,4.9
1997 - AK,609000,648,7.2
1997 - AL,4319000,6931,5.0
1997 - AR,2523000,2814,5.2
1997 - AZ,4555000,7547,4.6
1997 - CA,32268000,81468,6.4
1997 - CO,3893000,3242,3.5
1997 - CT,3270000,4999,5.0
1997 - DC,529000,4501,8.0
1997 - DE,732000,1783,4.0
1997 - FL,14654000,40459,4.8
1997 - GA,7486000,15473,4.6
1997 - HI,1187000,1403,6.2
1997 - IA,2852000,1593,3.1
1997 - ID,1210000,237,5.2
1997 - IL,11896000,33123,4.8
1997 - IN,5864000,7763,3.5
1997 - KS,2595000,2535,3.8
1997 - KY,3908000,3546,5.3
1997 - LA,4352000,10407,6.0
1997 - MA,6118000,6676,3.9
1997 - MD,5094000,17157,5.0
1997 - ME,1242000,257,5.1
1997 - MI,9774000,14934,4.3
1997 - MN,4686000,5373,3.3
1997 - MO,5402000,8430,4.3
1997 - MS,2731000,3741,5.7
1997 - MT,879000,179,5.3
1997 - NC,7425000,12817,3.8
1997 - ND,641000,41,2.7
1997 - NE,1657000,1097,2.5
1997 - NH,1173000,274,3.3
1997 - NJ,8053000,16957,5.3
1997 - NM,1730000,2966,6.3
1997 - NV,1677000,5071,4.4
1997 - NY,18137000,56094,6.4
1997 - OH,11186000,17755,4.6
1997 - OK,3317000,3446,4.1
1997 - OR,3243000,3811,5.7
1997 - PA,12020000,18788,5.1
1997 - RI,987000,707,5.2
1997 - SC,3760000,6624,4.6
1997 - SD,738000,172,2.9
1997 - TN,5368000,11487,5.3
1997 - TX,19439000,30522,5.3
1997 - UT,2059000,1408,3.2
1997 - VA,6734000,8384,3.8
1997 - VT,589000,79,3.9
1997 - WA,5610000,6734,4.9
1997 - WI,5170000,5214,3.6
1997 - WV,1816000,782,6.9
1997 - WY,480000,85,4.8
1998 - AK,614000,532,6.4
1998 - AL,4352000,5698,4.4
1998 - AR,2538000,2442,5.2
1998 - AZ,4669000,7715,4.3
1998 - CA,32667000,68782,5.9
1998 - CO,3971000,3238,3.6
1998 - CT,3274000,4379,3.4
1998 - DC,523000,3606,8.4
1998 - DE,744000,1445,3.7
1998 - FL,14916000,36198,4.3
1998 - GA,7642000,14308,4.3
1998 - HI,1193000,1225,6.1
1998 - IA,2862000,1456,2.8
1998 - ID,1229000,264,5.1
1998 - IL,12045000,29927,4.4
1998 - IN,5899000,6561,3.1
1998 - KS,2629000,2287,3.5
1998 - KY,3936000,3468,4.6
1998 - LA,4369000,8651,5.7
1998 - MA,6147000,5938,3.3
1998 - MD,5135000,15339,4.4
1998 - ME,1244000,263,4.5
1998 - MI,9817000,15293,3.9
1998 - MN,4725000,4371,2.7
1998 - MO,5439000,8116,4.2
1998 - MS,2752000,3394,5.3
1998 - MT,880000,232,5.5
1998 - NC,7546000,12133,3.5
1998 - ND,638000,65,2.9
1998 - NE,1663000,1290,2.6
1998 - NH,1185000,255,2.8
1998 - NJ,8115000,15109,4.6
1998 - NM,1737000,2839,6.1
1998 - NV,1747000,4453,4.2
1998 - NY,18175000,49125,5.6
1998 - OH,11209000,14960,4.3
1998 - OK,3347000,3078,4.3
1998 - OR,3282000,3452,5.8
1998 - PA,12001000,19787,4.6
1998 - RI,988000,659,4.6
1998 - SC,3836000,5943,3.8
1998 - SD,738000,149,2.8
1998 - TN,5431000,9667,4.3
1998 - TX,19760000,28677,4.9
1998 - UT,2100000,1385,3.7
1998 - VA,6791000,7171,2.9
1998 - VT,591000,56,3.4
1998 - WA,5689000,6577,4.8
1998 - WI,5224000,4474,3.4
1998 - WV,1811000,676,6.6
1998 - WY,481000,78,4.7
1999 - AK,619500,566,6.5
1999 - AL,4369862,5297,4.7
1999 - AR,2551373,2024,4.6
1999 - AZ,4778332,7288,4.4
1999 - CA,33145121,60039,5.2
1999 - CO,4056133,3056,3.1
1999 - CT,3282031,4054,2.9
1999 - DC,519000,3344,6.4
1999 - DE,753538,1492,3.4
1999 - FL,15111244,31969,3.9
1999 - GA,7788240,12962,3.9
1999 - HI,1185497,1044,5.4
1999 - IA,2869413,1051,2.6
1999 - ID,1251700,223,4.9
1999 - IL,12128370,26365,4.4
1999 - IN,5942901,6496,3.0
1999 - KS,2654052,2047,3.3
1999 - KY,3960825,3104,4.5
1999 - LA,4372035,7591,5.1
1999 - MA,6175169,5931,3.2
1999 - MD,5171634,13636,3.6
1999 - ME,1253040,243,4.0
1999 - MI,9863775,14103,3.7
1999 - MN,4775508,3917,2.8
1999 - MO,5468338,7149,3.3
1999 - MS,2768619,3091,5.1
1999 - MT,882779,239,5.3
1999 - NC,7650789,12087,3.2
1999 - ND,633666,56,3.3
1999 - NE,1666028,1264,2.8
1999 - NH,1201134,257,2.7
1999 - NJ,8143412,14243,4.5
1999 - NM,1739844,2579,5.6
1999 - NV,1809253,4209,4.0
1999 - NY,18196601,43821,5.2
1999 - OH,11256654,14405,4.3
1999 - OK,3358044,2785,3.5
1999 - OR,3316154,2858,5.5
1999 - PA,11994016,18670,4.4
1999 - RI,990819,788,4.2
1999 - SC,3885736,5760,4.3
1999 - SD,733133,103,2.7
1999 - TN,5483535,8598,4.0
1999 - TX,20044141,29405,4.7
1999 - UT,2129836,1158,3.5
1999 - VA,6872912,6947,2.8
1999 - VT,593740,65,3.0
1999 - WA,5756361,5808,4.9
1999 - WI,5250446,4449,3.1
1999 - WV,1806928,661,6.5
1999 - WY,479602,74,4.6
2000 - AK,626932,490,6.4
2000 - AL,4447100,5702,4.6
2000 - AR,2673400,2001,4.3
2000 - AZ,5130632,7504,4.0
2000 - CA,33871648,60249,4.9
2000 - CO,4301261,3034,2.8
2000 - CT,3405565,3832,2.4
2000 - DC,572059,3554,5.6
2000 - DE,783600,1394,3.7
2000 - FL,15982378,31809,3.7
2000 - GA,8186453,13250,3.6
2000 - HI,1211537,1123,4.3
2000 - IA,2926324,1071,2.6
2000 - ID,1293953,223,4.7
2000 - IL,12419293,25641,4.3
2000 - IN,6080485,6282,3.1
2000 - KS,2688418,2048,3.6
2000 - KY,4041769,3256,4.2
2000 - LA,4468976,7532,5.3
2000 - MA,6349097,5815,2.7
2000 - MD,5296486,13560,3.6
2000 - ME,1274923,247,3.4
2000 - MI,9938444,13712,3.6
2000 - MN,4919479,3713,3.2
2000 - MO,5595211,7598,3.6
2000 - MS,2844658,2703,5.4
2000 - MT,902195,203,5.0
2000 - NC,8049313,12595,3.7
2000 - ND,642200,56,3.0
2000 - NE,1711263,1147,2.8
2000 - NH,1235786,453,2.7
2000 - NJ,8414350,13553,3.7
2000 - NM,1819046,2499,4.9
2000 - NV,1998257,4543,4.2
2000 - NY,18976457,40539,4.6
2000 - OH,11353140,15610,4.0
2000 - OK,3450654,2615,3.0
2000 - OR,3421399,2888,5.1
2000 - PA,12281054,18155,4.1
2000 - RI,1048319,922,4.1
2000 - SC,4012012,6220,3.8
2000 - SD,754844,131,2.5
2000 - TN,5689283,9465,3.9
2000 - TX,20851820,30257,4.3
2000 - UT,2233169,1242,3.3
2000 - VA,7078515,6295,2.3
2000 - VT,608827,117,2.8
2000 - WA,5894121,5812,5.2
2000 - WI,5363675,4537,3.5
2000 - WV,1808344,749,5.5
2000 - WY,493782,70,3.9
2001 - AK,633630,514,6.4
2001 - AL,4468912,5584,5.1
2001 - AR,2694698,2181,5.0
2001 - AZ,5306966,8868,4.8
2001 - CA,34600463,64614,5.4
2001 - CO,4430989,3555,3.8
2001 - CT,3434602,4183,3.1
2001 - DC,573822,3780,6.3
2001 - DE,796599,1156,3.5
2001 - FL,16373330,32867,4.6
2001 - GA,8405677,14402,4.1
2001 - HI,1227024,1142,4.5
2001 - IA,2931967,1154,3.3
2001 - ID,1320585,245,5.1
2001 - IL,12520227,24931,5.3
2001 - IN,6126743,7171,4.3
2001 - KS,2702125,2423,4.2
2001 - KY,4068816,3269,5.2
2001 - LA,4470368,7864,5.7
2001 - MA,6401164,6476,3.7
2001 - MD,5386079,13525,4.0
2001 - ME,1284470,264,3.8
2001 - MI,10006266,12937,5.2
2001 - MN,4984535,3758,3.8
2001 - MO,5637309,7771,4.6
2001 - MS,2859733,3294,5.5
2001 - MT,905382,230,4.6
2001 - NC,8206105,13304,5.5
2001 - ND,636550,60,2.9
2001 - NE,1720039,1128,3.1
2001 - NH,1259359,445,3.4
2001 - NJ,8511116,14110,4.3
2001 - NM,1830935,2695,4.9
2001 - NV,2097722,4932,5.2
2001 - NY,19084350,36555,4.8
2001 - OH,11389785,17199,4.3
2001 - OK,3469577,2746,3.7
2001 - OR,3473441,2749,6.4
2001 - PA,12303104,17500,4.8
2001 - RI,1059659,986,4.6
2001 - SC,4062125,5987,5.2
2001 - SD,758324,103,3.1
2001 - TN,5749398,10219,4.6
2001 - TX,21370983,35348,4.9
2001 - UT,2278712,1197,4.4
2001 - VA,7196750,6860,3.2
2001 - VT,612978,107,3.3
2001 - WA,5993390,5934,6.3
2001 - WI,5405947,4444,4.5
2001 - WV,1800975,707,5.0
2001 - WY,493754,84,3.8
2002 - AK,641482,489,7.3
2002 - AL,4478896,5962,5.9
2002 - AR,2706268,2524,5.5
2002 - AZ,5441125,8000,6.1
2002 - CA,35001986,64968,6.7
2002 - CO,4501051,3579,5.5
2002 - CT,3458587,4069,4.3
2002 - DC,569157,3834,6.4
2002 - DE,805945,1154,4.0
2002 - FL,16691701,32581,5.6
2002 - GA,8544005,13432,5.0
2002 - HI,1240663,1210,4.2
2002 - IA,2935840,1169,4.0
2002 - ID,1343124,240,5.6
2002 - IL,12586447,25314,6.5
2002 - IN,6156913,6612,5.2
2002 - KS,2711769,2165,5.0
2002 - KY,4089822,3131,5.7
2002 - LA,4476192,7123,6.2
2002 - MA,6421800,7169,5.3
2002 - MD,5450525,13417,4.4
2002 - ME,1294894,270,4.4
2002 - MI,10043221,11847,6.3
2002 - MN,5024791,3937,4.5
2002 - MO,5669544,7024,5.4
2002 - MS,2866733,3356,6.6
2002 - MT,910372,283,4.4
2002 - NC,8305820,12205,6.7
2002 - ND,633911,58,3.7
2002 - NE,1727564,1359,3.7
2002 - NH,1274405,413,4.5
2002 - NJ,8575252,13955,5.8
2002 - NM,1852044,2206,5.5
2002 - NV,2167455,5118,5.6
2002 - NY,19134293,36653,6.2
2002 - OH,11408699,17871,5.7
2002 - OK,3489700,2966,4.6
2002 - OR,3520355,2742,7.5
2002 - PA,12328827,17163,5.6
2002 - RI,1068326,916,5.0
2002 - SC,4103770,5774,5.8
2002 - SD,760437,117,3.2
2002 - TN,5789796,9413,5.2
2002 - TX,21736925,37580,6.3
2002 - UT,2318789,1140,5.8
2002 - VA,7287829,6961,4.2
2002 - VT,616408,77,4.0
2002 - WA,6067060,5797,7.4
2002 - WI,5439692,4713,5.4
2002 - WV,1804884,657,5.9
2002 - WY,498830,93,4.0
2003 - AK,648280,446,7.8
2003 - AL,4503726,6038,6.0
2003 - AR,2727774,2227,5.9
2003 - AZ,5579222,7619,5.7
2003 - CA,35462712,63770,6.8
2003 - CO,4547633,3738,6.0
2003 - CT,3486960,4212,5.4
2003 - DC,557620,3941,6.8
2003 - DE,818166,1441,4.3
2003 - FL,16999181,31523,5.2
2003 - GA,8676460,14043,4.8
2003 - HI,1248755,1168,4.1
2003 - IA,2941976,1131,4.5
2003 - ID,1367034,245,5.6
2003 - IL,12649087,23786,6.8
2003 - IN,6199571,6401,5.3
2003 - KS,2724786,2247,5.5
2003 - KY,4118189,3224,6.1
2003 - LA,4493665,7008,6.4
2003 - MA,6420357,8011,5.7
2003 - MD,5512310,13302,4.4
2003 - ME,1309205,289,5.0
2003 - MI,10082364,11254,7.2
2003 - MN,5064172,3906,4.9
2003 - MO,5719204,6686,5.6
2003 - MS,2882594,3016,6.3
2003 - MT,918157,298,4.7
2003 - NC,8421190,12229,6.4
2003 - ND,633400,53,3.7
2003 - NE,1737475,1165,3.9
2003 - NH,1288705,480,4.3
2003 - NJ,8642412,13342,5.8
2003 - NM,1878562,1937,5.9
2003 - NV,2242207,5225,5.1
2003 - NY,19212425,35790,6.4
2003 - OH,11437680,16895,6.2
2003 - OK,3506469,3224,5.5
2003 - OR,3564330,2847,8.1
2003 - PA,12370761,17980,5.7
2003 - RI,1076084,830,5.3
2003 - SC,4148744,5801,6.9
2003 - SD,764905,104,3.5
2003 - TN,5845208,9413,5.6
2003 - TX,22103374,37017,6.7
2003 - UT,2352119,1258,5.6
2003 - VA,7365284,6713,4.1
2003 - VT,619343,62,4.3
2003 - WA,6131298,5718,7.4
2003 - WI,5474290,4397,5.7
2003 - WV,1811440,701,6.1
2003 - WY,502111,84,4.3
2004 - AK,657755,447,7.5
2004 - AL,4525375,6042,5.7
2004 - AR,2750000,2372,5.7
2004 - AZ,5739879,7721,5.0
2004 - CA,35842038,61768,6.2
2004 - CO,4601821,3739,5.5
2004 - CT,3498966,4188,5.0
2004 - DC,554239,3202,7.8
2004 - DE,830069,1343,4.0
2004 - FL,17385430,29997,4.6
2004 - GA,8918129,13656,4.8
2004 - HI,1262124,944,3.4
2004 - IA,2952904,1160,4.5
2004 - ID,1395140,241,4.9
2004 - IL,12712016,22582,6.2
2004 - IN,6226537,6373,5.4
2004 - KS,2733697,1812,5.5
2004 - KY,4141835,3268,5.4
2004 - LA,4506685,6564,5.9
2004 - MA,6407382,7484,5.2
2004 - MD,5561332,12772,4.3
2004 - ME,1314985,289,4.7
2004 - MI,10104206,11336,7.1
2004 - MN,5096546,4070,4.7
2004 - MO,5759532,6630,5.9
2004 - MS,2900768,2503,6.2
2004 - MT,926920,233,4.8
2004 - NC,8540468,11782,5.5
2004 - ND,636308,43,3.4
2004 - NE,1747704,1138,3.9
2004 - NH,1299169,500,3.8
2004 - NJ,8685166,13076,4.8
2004 - NM,1903006,2062,5.5
2004 - NV,2332898,4905,4.3
2004 - NY,19280727,33506,5.8
2004 - OH,11450143,17429,6.3
2004 - OK,3523546,3090,4.9
2004 - OR,3591363,2751,7.3
2004 - PA,12394471,18474,5.4
2004 - RI,1079916,731,5.2
2004 - SC,4197892,5468,6.8
2004 - SD,770621,112,3.7
2004 - TN,5893298,8863,5.3
2004 - TX,22471549,35817,5.9
2004 - UT,2420708,1236,5.0
2004 - VA,7481332,6899,3.8
2004 - VT,621233,78,3.7
2004 - WA,6207046,5866,6.3
2004 - WI,5503533,4067,5.0
2004 - WV,1812548,774,5.3
2004 - WY,505887,67,3.8
2005 - AK,663253,537,6.9
2005 - AL,4548327,6447,4.5
2005 - AR,2775708,2532,5.3
2005 - AZ,5953007,8579,4.7
2005 - CA,36154147,63622,5.4
2005 - CO,4663295,3948,5.0
2005 - CT,3500701,3933,4.9
2005 - DC,582049,3700,6.4
2005 - DE,841741,1306,4.1
2005 - FL,17768191,30141,3.7
2005 - GA,9132553,14041,5.4
2005 - HI,1273278,1001,2.9
2005 - IA,2965524,1153,4.3
2005 - ID,1429367,266,4.0
2005 - IL,12765427,23255,5.7
2005 - IN,6266019,6809,5.5
2005 - KS,2748172,1795,5.0
2005 - KY,4172608,3690,5.9
2005 - LA,4507331,5337,7.1
2005 - MA,6433367,7837,4.9
2005 - MD,5589599,14378,4.1
2005 - ME,1318220,323,4.9
2005 - MI,10100833,13348,6.8
2005 - MN,5126739,4724,4.1
2005 - MO,5797703,7196,5.4
2005 - MS,2908496,2405,7.5
2005 - MT,934737,177,4.4
2005 - NC,8672459,12635,5.2
2005 - ND,634605,54,3.4
2005 - NE,1758163,1040,3.8
2005 - NH,1306819,365,3.6
2005 - NJ,8703150,13215,4.5
2005 - NM,1925985,1893,5.1
2005 - NV,2412301,4702,4.1
2005 - NY,19315721,35179,5.0
2005 - OH,11470685,18673,5.9
2005 - OK,3543442,3230,4.5
2005 - OR,3638871,2478,6.2
2005 - PA,12405348,19214,5.0
2005 - RI,1073579,776,5.1
2005 - SC,4246933,5657,6.7
2005 - SD,774883,145,3.8
2005 - TN,5955745,10009,5.6
2005 - TX,22928508,35790,5.4
2005 - UT,2490334,1095,4.1
2005 - VA,7564327,7495,3.6
2005 - VT,622387,76,3.5
2005 - WA,6291899,5788,5.6
2005 - WI,5527644,4555,4.7
2005 - WV,1814083,816,5.1
2005 - WY,508798,78,3.6
2006 - AK,670053,600,6.6
2006 - AL,4599030,7062,4.0
2006 - AR,2810872,2749,5.2
2006 - AZ,6166318,9491,4.2
2006 - CA,36457549,71142,4.9
2006 - CO,4753377,3824,4.3
2006 - CT,3504809,4460,4.3
2006 - DC,581530,3829,5.8
2006 - DE,853476,1791,3.6
2006 - FL,18089888,34147,3.2
2006 - GA,9363941,15511,4.7
2006 - HI,1285498,1144,2.6
2006 - IA,2982085,1309,3.7
2006 - ID,1466465,294,3.5
2006 - IL,12831970,23782,4.5
2006 - IN,6313520,7175,5.0
2006 - KS,2764075,1878,4.4
2006 - KY,4206074,3850,5.7
2006 - LA,4287768,5928,4.5
2006 - MA,6437193,8080,4.9
2006 - MD,5615727,14376,3.9
2006 - ME,1321574,383,4.6
2006 - MI,10095643,14229,7.0
2006 - MN,5167101,5441,4.0
2006 - MO,5842713,7597,4.9
2006 - MS,2910540,3259,6.5
2006 - MT,944632,233,3.5
2006 - NC,8856505,13468,4.8
2006 - ND,635867,75,3.2
2006 - NE,1768331,1136,3.1
2006 - NH,1314895,435,3.4
2006 - NJ,8724560,13360,4.7
2006 - NM,1954599,2095,4.2
2006 - NV,2495529,7038,4.1
2006 - NY,19306183,34459,4.5
2006 - OH,11478006,19418,5.4
2006 - OK,3579212,3145,4.0
2006 - OR,3700758,2711,5.3
2006 - PA,12440621,21095,4.6
2006 - RI,1067610,740,4.9
2006 - SC,4321249,5902,6.4
2006 - SD,781919,158,3.1
2006 - TN,6038803,11143,5.2
2006 - TX,23507783,37256,4.9
2006 - UT,2550063,1242,3.0
2006 - VA,7642884,7779,3.1
2006 - VT,623908,114,3.7
2006 - WA,6395798,6424,5.0
2006 - WI,5556506,5564,4.7
2006 - WV,1818470,853,4.9
2006 - WY,515004,72,3.2
2007 - AK,683478,581,6.3
2007 - AL,4627851,7398,4.0
2007 - AR,2834797,3105,5.3
2007 - AZ,6338755,9764,3.9
2007 - CA,36553215,70706,5.4
2007 - CO,4861515,3461,3.7
2007 - CT,3502309,4303,4.5
2007 - DC,588292,4265,5.5
2007 - DE,864764,1763,3.4
2007 - FL,18251243,38155,4.0
2007 - GA,9544750,17291,4.5
2007 - HI,1283388,1122,2.8
2007 - IA,2988046,1328,3.7
2007 - ID,1499402,243,3.1
2007 - IL,12852548,23100,5.0
2007 - IN,6345289,7845,4.6
2007 - KS,2775997,2022,4.3
2007 - KY,4241474,4068,5.4
2007 - LA,4293204,6316,4.3
2007 - MA,6449755,7021,4.6
2007 - MD,5618344,13258,3.4
2007 - ME,1317207,349,4.7
2007 - MI,10071822,13365,7.0
2007 - MN,5197621,4770,4.6
2007 - MO,5878415,7728,5.1
2007 - MS,2918785,2896,6.1
2007 - MT,957861,233,3.6
2007 - NC,9061032,13534,4.7
2007 - ND,639715,75,3.1
2007 - NE,1774571,1115,3.0
2007 - NH,1315828,451,3.5
2007 - NJ,8685920,12567,4.3
2007 - NM,1969915,2323,3.8
2007 - NV,2565382,6938,4.5
2007 - NY,19297729,31085,4.6
2007 - OH,11466917,18351,5.6
2007 - OK,3617316,3392,4.1
2007 - OR,3747455,2864,5.2
2007 - PA,12432792,19440,4.4
2007 - RI,1057832,760,5.2
2007 - SC,4407709,6354,5.7
2007 - SD,796214,118,2.8
2007 - TN,6156719,11033,4.7
2007 - TX,23904380,38778,4.3
2007 - UT,2645330,1425,2.6
2007 - VA,7712091,7696,3.0
2007 - VT,621254,79,4.0
2007 - WA,6468424,6079,4.7
2007 - WI,5601640,5480,4.9
2007 - WV,1812035,847,4.6
2007 - WY,522830,84,2.8
2008 - AK,686293,645,6.7
2008 - AL,4661900,7346,5.7
2008 - AR,2855390,2777,5.5
2008 - AZ,6500180,9809,6.1
2008 - CA,36756666,69388,7.3
2008 - CO,4939456,3404,4.8
2008 - CT,3501252,4043,5.7
2008 - DC,591833,4430,6.5
2008 - DE,873092,1847,4.9
2008 - FL,18328340,36268,6.3
2008 - GA,9685744,17808,6.2
2008 - HI,1288198,1085,4.3
2008 - IA,3002555,1249,4.2
2008 - ID,1523816,239,5.1
2008 - IL,12901563,24054,6.3
2008 - IN,6376792,7580,5.9
2008 - KS,2802134,1681,4.6
2008 - KY,4269245,4080,6.4
2008 - LA,4410796,6241,4.9
2008 - MA,6497967,7077,5.5
2008 - MD,5633597,13203,4.2
2008 - ME,1316456,333,5.5
2008 - MI,10003422,13246,8.0
2008 - MN,5220393,4179,5.4
2008 - MO,5911605,7395,6.1
2008 - MS,2938618,3079,6.6
2008 - MT,967440,204,5.1
2008 - NC,9222414,14323,6.1
2008 - ND,641481,73,3.2
2008 - NE,1783432,1297,3.3
2008 - NH,1315809,421,3.9
2008 - NJ,8682661,12701,5.3
2008 - NM,1984356,2151,4.5
2008 - NV,2600167,6486,6.7
2008 - NY,19490297,31787,5.4
2008 - OH,11485910,18706,6.4
2008 - OK,3642361,3698,3.7
2008 - OR,3790060,2656,6.5
2008 - PA,12448279,18873,5.3
2008 - RI,1050788,880,7.8
2008 - SC,4479800,6595,6.8
2008 - SD,804194,134,3.1
2008 - TN,6214888,10804,6.6
2008 - TX,24326974,37739,4.8
2008 - UT,2736424,1421,3.6
2008 - VA,7769089,7470,3.9
2008 - VT,621270,93,4.7
2008 - WA,6549224,6419,5.4
2008 - WI,5627967,5163,4.9
2008 - WV,1814468,896,4.4
2008 - WY,532668,87,3.1
2009 - AK,698473,654,7.7
2009 - AL,4708708,6265,11.0
2009 - AR,2889450,2576,7.9
2009 - AZ,6595778,8199,9.9
2009 - CA,36961664,64093,11.1
2009 - CO,5024748,3371,7.3
2009 - CT,3518288,4001,7.9
2009 - DC,599657,4404,9.3
2009 - DE,885122,1680,8.3
2009 - FL,18537969,30911,10.4
2009 - GA,9829211,14631,9.9
2009 - HI,1295178,1030,7.2
2009 - IA,3007856,1201,6.4
2009 - ID,1545801,254,8.8
2009 - IL,12910409,22923,10.2
2009 - IN,6423113,7347,10.3
2009 - KS,2818747,1786,6.9
2009 - KY,4314113,3642,10.4
2009 - LA,4492076,6150,6.8
2009 - MA,6593587,7467,8.1
2009 - MD,5699478,12007,7.0
2009 - ME,1318301,399,8.1
2009 - MI,9969727,12427,13.7
2009 - MN,5266214,3619,7.8
2009 - MO,5987580,7437,9.3
2009 - MS,2951996,2969,9.5
2009 - MT,974989,228,6.8
2009 - NC,9380884,11825,10.6
2009 - ND,646844,107,4.1
2009 - NE,1796619,1220,4.6
2009 - NH,1324575,454,6.2
2009 - NJ,8707739,11639,9.1
2009 - NM,2009671,1932,7.5
2009 - NV,2643085,6028,11.3
2009 - NY,19541453,28141,8.3
2009 - OH,11542645,17670,10.3
2009 - OK,3687050,3358,6.4
2009 - OR,3825657,2499,11.3
2009 - PA,12604767,17504,8.1
2009 - RI,1053209,785,11.0
2009 - SC,4561242,5753,11.3
2009 - SD,812383,117,4.9
2009 - TN,6296254,9653,10.5
2009 - TX,24782302,38022,7.6
2009 - UT,2784572,1304,7.3
2009 - VA,7882590,6342,6.7
2009 - VT,621760,111,6.6
2009 - WA,6664195,6711,9.1
2009 - WI,5654774,4904,8.6
2009 - WV,1819777,914,7.7
2009 - WY,544270,78,6.3
2010 - AK,714146,594,7.9
2010 - AL,4785401,4864,10.5
2010 - AR,2921588,2369,8.2
2010 - AZ,6413158,6953,10.4
2010 - CA,37338198,58116,12.2
2010 - CO,5047692,3164,8.7
2010 - CT,3575498,3553,9.1
2010 - DC,604912,4325,9.4
2010 - DE,899792,1839,8.4
2010 - FL,18838613,26086,11.0
2010 - GA,9712157,12372,10.6
2010 - HI,1363359,1065,6.9
2010 - IA,3050202,1012,6.0
2010 - ID,1571102,213,9.0
2010 - IL,12841980,20386,10.4
2010 - IN,6490622,6559,10.4
2010 - KS,2859143,1538,7.1
2010 - KY,4347223,3748,10.2
2010 - LA,4545343,5297,8.0
2010 - MA,6555466,6897,8.3
2010 - MD,5785681,11054,7.6
2010 - ME,1327379,412,8.2
2010 - MI,9877143,11522,12.6
2010 - MN,5310658,3388,7.4
2010 - MO,5995715,6185,9.6
2010 - MS,2970072,2777,10.4
2010 - MT,990958,154,7.3
2010 - NC,9560234,9620,10.9
2010 - ND,674629,90,3.8
2010 - NE,1830141,1020,4.6
2010 - NH,1316807,450,5.8
2010 - NJ,8799593,11818,9.5
2010 - NM,2065913,1616,8.1
2010 - NV,2704283,5298,13.5
2010 - NY,19395206,28630,8.6
2010 - OH,11537968,16486,10.3
2010 - OK,3760184,3345,6.8
2010 - OR,3838332,2421,10.7
2010 - PA,12717722,16375,8.5
2010 - RI,1052528,782,11.2
2010 - SC,4637106,5017,11.2
2010 - SD,816598,154,5.0
2010 - TN,6357436,8361,9.7
2010 - TX,25253466,32843,8.2
2010 - UT,2775479,1269,7.8
2010 - VA,8023953,5678,7.2
2010 - VT,625909,76,6.1
2010 - WA,6742950,5929,10.0
2010 - WI,5691659,4516,8.7
2010 - WV,1854368,776,8.6
2010 - WY,564554,77,6.5
2011 - AK,723860,576,7.6
2011 - AL,4803689,4906,9.6
2011 - AR,2938582,2357,8.3
2011 - AZ,6467315,7145,9.5
2011 - CA,37683933,54291,11.7
2011 - CO,5116302,3299,8.4
2011 - CT,3586717,3689,8.8
2011 - DC,619020,4094,10.2
2011 - DE,908137,1558,7.5
2011 - FL,19082262,25622,10.0
2011 - GA,9812460,12266,10.2
2011 - HI,1378129,994,6.8
2011 - IA,3064097,824,5.6
2011 - ID,1583744,188,8.3
2011 - IL,12859752,20217,9.7
2011 - IN,6516353,6977,9.1
2011 - KS,2870386,1448,6.5
2011 - KY,4366814,3705,9.4
2011 - LA,4574766,5235,7.8
2011 - MA,6607003,6768,7.3
2011 - MD,5839572,10342,7.3
2011 - ME,1328544,370,7.9
2011 - MI,9876801,10263,10.4
2011 - MN,5347299,3385,6.5
2011 - MO,6008984,6275,8.5
2011 - MS,2977457,2496,10.0
2011 - MT,997667,171,7.0
2011 - NC,9651103,9448,10.3
2011 - ND,684740,91,3.5
2011 - NE,1842234,993,4.4
2011 - NH,1317807,509,5.4
2011 - NJ,8834773,12209,9.4
2011 - NM,2078674,1720,7.5
2011 - NV,2720028,4308,13.0
2011 - NY,19501616,28405,8.3
2011 - OH,11541007,15991,8.9
2011 - OK,3784163,3288,5.9
2011 - OR,3868229,2237,9.5
2011 - PA,12743948,16165,7.9
2011 - RI,1050646,744,11.0
2011 - SC,4673348,4631,10.6
2011 - SD,823593,167,4.7
2011 - TN,6399787,8082,9.0
2011 - TX,25631778,28620,7.8
2011 - UT,2814347,1079,6.7
2011 - VA,8104384,5425,6.6
2011 - VT,626592,99,5.5
2011 - WA,6823267,5627,9.3
2011 - WI,5709843,4600,7.8
2011 - WV,1854908,802,8.1
2011 - WY,567356,71,5.8
2012 - AK,730307,630,7.1
2012 - AL,4817528,5020,7.9
2012 - AR,2949828,2310,7.6
2012 - AZ,6551149,7383,8.4
2012 - CA,37999878,56521,10.4
2012 - CO,5189458,3392,7.9
2012 - CT,3591765,3709,8.3
2012 - DC,633427,4037,9.1
2012 - DE,917053,1498,7.2
2012 - FL,19320749,23889,8.5
2012 - GA,9915646,12502,9.2
2012 - HI,1390090,1125,6.0
2012 - IA,3075039,962,5.1
2012 - ID,1595590,243,7.2
2012 - IL,12868192,19480,9.0
2012 - IN,6537782,6601,8.3
2012 - KS,2885398,1493,5.7
2012 - KY,4379730,3547,8.2
2012 - LA,4602134,5458,7.1
2012 - MA,6645303,6555,6.7
2012 - MD,5884868,10173,7.0
2012 - ME,1328501,420,7.5
2012 - MI,9882519,10423,9.1
2012 - MN,5379646,3475,5.6
2012 - MO,6024522,5782,7.0
2012 - MS,2986450,2277,9.0
2012 - MT,1005494,202,6.0
2012 - NC,9748364,9392,9.3
2012 - ND,701345,127,3.1
2012 - NE,1855350,1128,4.0
2012 - NH,1321617,471,5.5
2012 - NJ,8867749,11385,9.3
2012 - NM,2083540,1847,7.1
2012 - NV,2754354,4918,11.2
2012 - NY,19576125,28633,8.5
2012 - OH,11553031,15396,7.4
2012 - OK,3815780,3248,5.2
2012 - OR,3899801,2419,8.8
2012 - PA,12764475,15735,7.8
2012 - RI,1050304,715,10.4
2012 - SC,4723417,4511,9.2
2012 - SD,834047,157,4.3
2012 - TN,6454914,8151,7.8
2012 - TX,26060796,30385,6.7
2012 - UT,2854871,1105,5.4
2012 - VA,8186628,4718,6.0
2012 - VT,625953,114,5.0
2012 - WA,6895318,5801,8.1
2012 - WI,5724554,4692,7.0
2012 - WV,1856680,835,7.5
2012 - WY,576626,61,5.3
2013 - AK,737259,623,7.0
2013 - AL,4833996,4645,7.2
2013 - AR,2958765,2261,7.3
2013 - AZ,6634997,6656,7.8
2013 - CA,38431393,53640,8.9
2013 - CO,5272086,3136,6.9
2013 - CT,3599341,3551,7.8
2013 - DC,649111,4082,8.5
2013 - DE,925240,1233,6.7
2013 - FL,19600311,23200,7.2
2013 - GA,9994759,12704,8.2
2013 - HI,1408987,934,4.9
2013 - IA,3092341,937,4.8
2013 - ID,1612843,220,6.1
2013 - IL,12890552,17733,9.0
2013 - IN,6570713,7114,7.7
2013 - KS,2895801,1339,5.3
2013 - KY,4399583,3247,8.0
2013 - LA,4629284,5539,6.7
2013 - MA,6708874,6705,6.7
2013 - MD,5938737,10048,6.6
2013 - ME,1328702,335,6.7
2013 - MI,9898193,10093,8.8
2013 - MN,5422060,3674,5.0
2013 - MO,6044917,5486,6.7
2013 - MS,2992206,2413,8.6
2013 - MT,1014864,217,5.4
2013 - NC,9848917,9275,8.0
2013 - ND,723857,161,2.9
2013 - NE,1868969,1035,3.8
2013 - NH,1322616,645,5.1
2013 - NJ,8911502,12084,8.2
2013 - NM,2086895,1832,6.9
2013 - NV,2791494,5183,9.6
2013 - NY,19695680,27241,7.7
2013 - OH,11572005,14483,7.5
2013 - OK,3853118,3023,5.3
2013 - OR,3928068,2394,7.9
2013 - PA,12781296,14739,7.4
2013 - RI,1053354,683,9.3
2013 - SC,4771929,3965,7.6
2013 - SD,845510,156,3.8
2013 - TN,6497269,7333,7.8
2013 - TX,26505637,31810,6.3
2013 - UT,2902787,1247,4.6
2013 - VA,8270345,4574,5.7
2013 - VT,626855,75,4.4
2013 - WA,6973742,5829,7.0
2013 - WI,5742953,4834,6.7
2013 - WV,1853595,653,6.8
2013 - WY,583223,74,4.7
2014 - AK,737046,629,6.9
2014 - AL,4846411,4702,6.8
2014 - AR,2966835,2037,6.0
2014 - AZ,6728783,6225,6.8
2014 - CA,38792291,48681,7.5
2014 - CO,5355588,3037,5.0
2014 - CT,3594762,3172,6.6
2014 - DC,659836,3497,7.8
2014 - DE,935968,1271,5.7
2014 - FL,19905569,21621,6.3
2014 - GA,10097132,12786,7.1
2014 - HI,1420257,952,4.4
2014 - IA,3109481,1047,4.2
2014 - ID,1634806,203,4.8
2014 - IL,12882189,15271,7.1
2014 - IN,6597880,6894,6.0
2014 - KS,2902507,1361,4.5
2014 - KY,4412617,3343,6.5
2014 - LA,4648990,5725,6.4
2014 - MA,6755124,6077,5.8
2014 - MD,5975346,9565,5.8
2014 - ME,1330256,304,5.6
2014 - MI,9916306,8037,7.3
2014 - MN,5457125,3687,4.2
2014 - MO,6063827,5592,6.1
2014 - MS,2993443,2405,7.5
2014 - MT,1023252,202,4.7
2014 - NC,9940387,8411,6.3
2014 - ND,740040,175,2.7
2014 - NE,1882980,1044,3.3
2014 - NH,1327996,544,4.3
2014 - NJ,8938844,10499,6.8
2014 - NM,2085567,2086,6.7
2014 - NV,2838281,5954,7.9
2014 - NY,19748858,24036,6.3
2014 - OH,11596998,12780,5.8
2014 - OK,3879610,3073,4.5
2014 - OR,3971202,2270,6.8
2014 - PA,12793767,13545,5.9
2014 - RI,1054907,530,7.7
2014 - SC,4829160,4018,6.5
2014 - SD,853304,199,3.4
2014 - TN,6547779,7268,6.6
2014 - TX,26979078,31021,5.1
2014 - UT,2944498,1313,3.8
2014 - VA,8328098,4294,5.2
2014 - VT,626767,72,3.9
2014 - WA,7063166,5641,6.1
2014 - WI,5759432,5101,5.4
2014 - WV,1848751,655,6.6
2014 - WY,584304,53,4.2
2015 - AK,737709,761,6.5
2015 - AL,4853875,4612,6.1
2015 - AR,2977853,2117,5.0
2015 - AZ,6817565,6360,6.1
2015 - CA,38993940,52862,6.2
2015 - CO,5448819,3315,3.9
2015 - CT,3584730,2925,5.7
2015 - DC,670377,3746,6.9
2015 - DE,944076,1240,4.9
2015 - FL,20244914,21137,5.5
2015 - GA,10199398,12545,6.0
2015 - HI,1431603,1203,3.6
2015 - IA,3121997,1050,3.8
2015 - ID,1652828,191,4.1
2015 - IL,12839047,15056,6.0
2015 - IN,6612768,7081,4.8
2015 - KS,2906721,1823,4.2
2015 - KY,4424611,3314,5.3
2015 - LA,4668960,5561,6.3
2015 - MA,6784240,5266,4.8
2015 - MD,5994983,10111,5.1
2015 - ME,1329453,311,4.4
2015 - MI,9917715,7818,5.4
2015 - MN,5482435,3771,3.7
2015 - MO,6076204,6383,5.0
2015 - MS,2989390,2312,6.4
2015 - MT,1032073,210,4.2
2015 - NC,10035186,8821,5.7
2015 - ND,756835,159,2.8
2015 - NE,1893765,994,3.0
2015 - NH,1330111,475,3.4
2015 - NJ,8935421,9729,5.8
2015 - NM,2080328,2485,6.5
2015 - NV,2883758,6287,6.7
2015 - NY,19747183,23879,5.3
2015 - OH,11605090,12617,4.9
2015 - OK,3907414,3018,4.4
2015 - OR,4024634,2163,5.6
2015 - PA,12791904,12965,5.3
2015 - RI,1055607,547,6.0
2015 - SC,4894834,3950,6.0
2015 - SD,857919,215,3.1
2015 - TN,6595056,7499,5.6
2015 - TX,27429639,31924,4.5
2015 - UT,2990632,1329,3.6
2015 - VA,8367587,4459,4.4
2015 - VT,626088,105,3.6
2015 - WA,7160290,5450,5.6
2015 - WI,5767891,5234,4.5
2015 - WV,1841053,783,6.7
2015 - WY,586555,59,4.3
2016 - AK,741522,850,6.9
2016 - AL,4860545,4687,5.8
2016 - AR,2988231,2125,4.0
2016 - AZ,6908642,7045,5.4
2016 - CA,39296476,54789,5.5
2016 - CO,5530105,3525,3.3
2016 - CT,3587685,2711,5.2
2016 - DC,684336,3500,6.1
2016 - DE,952698,1359,4.5
2016 - FL,20656589,20175,4.8
2016 - GA,10313620,12114,5.4
2016 - HI,1428683,985,3.0
2016 - IA,3130869,1150,3.6
2016 - ID,1680026,213,3.8
2016 - IL,12835726,17829,5.8
2016 - IN,6634007,7291,4.4
2016 - KS,2907731,1757,4.1
2016 - KY,4436113,3371,5.1
2016 - LA,4686157,5575,6.1
2016 - MA,6823721,5365,3.9
2016 - MD,6024752,10815,4.5
2016 - ME,1330232,268,3.8
2016 - MI,9933445,7123,5.0
2016 - MN,5525050,3730,3.9
2016 - MO,6091176,6576,4.6
2016 - MS,2985415,2433,5.8
2016 - MT,1038656,268,4.2
2016 - NC,10156689,9336,5.1
2016 - ND,755548,181,3.1
2016 - NE,1907603,946,3.1
2016 - NH,1335015,431,2.9
2016 - NJ,8978416,8940,5.0
2016 - NM,2085432,2737,6.6
2016 - NV,2939254,6338,5.7
2016 - NY,19836286,22310,4.9
2016 - OH,11622554,12574,5.0
2016 - OK,3921207,3174,4.8
2016 - OR,4085989,2307,4.8
2016 - PA,12787085,12314,5.4
2016 - RI,1057566,541,5.2
2016 - SC,4959822,4071,5.0
2016 - SD,861542,274,3.0
2016 - TN,6649404,7829,4.7
2016 - TX,27904862,33298,4.6
2016 - UT,3044321,1528,3.5
2016 - VA,8414380,4826,4.1
2016 - VT,623354,78,3.2
2016 - WA,7280934,5649,5.3
2016 - WI,5772917,4707,4.0
2016 - WV,1828637,720,6.1
2016 - WY,584910,59,5.3
2017 - AK,739786,952,6.9
2017 - AL,4875120,4233,4.4
2017 - AR,3002997,1998,3.7
2017 - AZ,7048876,7440,4.9
2017 - CA,39399349,56625,4.8
2017 - CO,5615902,3868,2.8
2017 - CT,3573880,2813,4.7
2017 - DC,695691,2625,6.1
2017 - DE,957078,1082,4.5
2017 - FL,20976812,18597,4.2
2017 - GA,10413055,9844,4.7
2017 - HI,1424203,1077,2.4
2017 - IA,3143637,1269,3.1
2017 - ID,1718904,222,3.2
2017 - IL,12786196,17731,4.9
2017 - IN,6660082,7035,3.6
2017 - KS,2910689,1633,3.6
2017 - KY,4453874,2967,4.9
2017 - LA,4670818,5385,5.1
2017 - MA,6863246,4874,3.7
2017 - MD,6024891,11189,4.2
2017 - ME,1335063,249,3.4
2017 - MI,9976447,6508,4.6
2017 - MN,5568155,3627,3.4
2017 - MO,6108612,6362,3.7
2017 - MS,2989663,2492,5.1
2017 - MT,1053090,234,4.0
2017 - NC,10270800,9884,4.5
2017 - ND,755176,183,2.7
2017 - NE,1917575,1020,2.9
2017 - NH,1349767,441,2.7
2017 - NJ,8888543,7895,4.6
2017 - NM,2093395,3732,5.9
2017 - NV,2972405,4841,5.0
2017 - NY,19590719,20122,4.7
2017 - OH,11664129,11224,5.0
2017 - OK,3932640,3007,4.2
2017 - OR,4146592,2474,4.1
2017 - PA,12790447,11777,4.9
2017 - RI,1056486,474,4.4
2017 - SC,5021219,3884,4.3
2017 - SD,873286,264,3.2
2017 - TN,6708794,7867,3.8
2017 - TX,28322717,32120,4.3
2017 - UT,3103118,1498,3.3
2017 - VA,8465207,4331,3.7
2017 - VT,624525,100,2.9
2017 - WA,7425432,5386,4.7
2017 - WI,5792051,4370,3.3
2017 - WV,1817048,673,5.2
2017 - WY,578934,98,4.2
2018 - AK,737438,896,6.5
2018 - AL,4887871,4076,3.9
2018 - AR,3013825,1594,3.7
2018 - AZ,7171646,6523,4.7
2018 - CA,39557045,54326,4.2
2018 - CO,5695564,3797,3.2
2018 - CT,3572665,2194,4.2
2018 - DC,702455,2415,5.7
2018 - DE,967171,866,3.8
2018 - FL,21299325,16884,3.6
2018 - GA,10519475,8279,4.0
2018 - HI,1420491,946,2.5
2018 - IA,3156145,932,2.6
2018 - ID,1754208,200,2.9
2018 - IL,12741080,14208,4.3
2018 - IN,6691878,5939,3.5
2018 - KS,2911505,1543,3.3
2018 - KY,4468402,2457,4.4
2018 - LA,4659978,4568,4.9
2018 - MA,6902149,4143,3.4
2018 - MD,6042718,9716,3.9
2018 - ME,1338404,228,3.3
2018 - MI,9995915,5656,4.2
2018 - MN,5611179,2944,2.9
2018 - MO,6126452,5197,3.2
2018 - MS,2986530,1595,4.8
2018 - MT,1062305,269,3.6
2018 - NC,10383620,8423,4.0
2018 - ND,760077,158,2.6
2018 - NE,1929268,756,2.9
2018 - NH,1356458,359,2.6
2018 - NJ,8908520,6364,4.1
2018 - NM,2095428,2830,4.9
2018 - NV,3034392,3862,4.4
2018 - NY,19542209,18187,4.2
2018 - OH,11689442,9185,4.5
2018 - OK,3943079,2791,3.4
2018 - OR,4190713,2549,4.1
2018 - PA,12807060,9848,4.2
2018 - RI,1057315,454,4.0
2018 - SC,5084127,3553,3.5
2018 - SD,882235,262,3.1
2018 - TN,6770010,7190,3.5
2018 - TX,28701845,28256,3.8
2018 - UT,3161105,1236,3.1
2018 - VA,8517685,3604,3.0
2018 - VT,626299,70,2.5
2018 - WA,7535591,5572,4.5
2018 - WI,5813568,3489,3.0
2018 - WV,1805832,572,5.2
2018 - WY,577737,100,3.9
