CID,Number
MP20000019 - 10851 VC,MP20000019
MP20000040 - 10851 VC,MP20000040
MP20000062 - 10851 VC,MP20000062
MP20000069 - 10851 VC,MP20000069
MP20000084 - 10851 VC,MP20000084
MP20000188 - 10851 VC,MP20000188
MP20000198 - 10851 VC,MP20000198
MP20000201 - 10851 VC,MP20000201
MP20000204 - 10851 VC,MP20000204
MP20000208 - 10851 VC,MP20000208
MP20000218 - 10851 VC,MP20000218
MP20000266 - 10851 VC,MP20000266
MP20000279 - 10851 VC,MP20000279
MP20000283 - 10851 VC,MP20000283
MP20000316 - 10851 VC,MP20000316
MP20000324 - 10851 VC,MP20000324
MP20000390 - 10851 VC,MP20000390
MP20000423 - 10851 VC,MP20000423
MP20000452 - 10851 VC,MP20000452
MP20000508 - 10851 VC,MP20000508
MP20000655 - 10851 VC,MP20000655
MP20000677 - 10851 VC,MP20000677
MP20000689 - 10851 VC,MP20000689
MP20000690 - 10851 VC,MP20000690
MP20000699 - 10851 VC,MP20000699
MP20000702 - 10851 VC,MP20000702
MP20000714 - 10851 VC,MP20000714
MP20000732 - 10851 VC,MP20000732
MP20000764 - 10851 VC,MP20000764
MP20000782 - 10851 VC,MP20000782
MP20000837 - 10851 VC,MP20000837
MP20000880 - 10851 VC,MP20000880
MP20000893 - 10851 VC,MP20000893
MP20000981 - 10851 VC,MP20000981
MP20001041 - 10851 VC,MP20001041
MP20001062 - 10851 VC,MP20001062
MP20001080 - 10851 VC,MP20001080
MP20001093 - 10851 VC,MP20001093
MP20001107 - 10851 VC,MP20001107
MP20001152 - 10851 VC,MP20001152
MP20001184 - 10851 VC,MP20001184
MP20001185 - 10851 VC,MP20001185
MP20001212 - 10851 VC,MP20001212
MP20001224 - 10851 VC,MP20001224
MP20001232 - 10851 VC,MP20001232
MP20001392 - 10851 VC,MP20001392
MP20001408 - 10851 VC,MP20001408
MP20001424 - 10851 VC,MP20001424
MP20001485 - 10851 VC,MP20001485
MP20001501 - 10851 VC,MP20001501
MP20001513 - 10851 VC,MP20001513
MP20001544 - 10851 VC,MP20001544
MP20001602 - 10851 VC,MP20001602
MP20001609 - 10851 VC,MP20001609
MP20001633 - 10851 VC,MP20001633
MP20001647 - 10851 VC,MP20001647
MP20001660 - 10851 VC,MP20001660
MP20001698 - 10851 VC,MP20001698
MP20001753 - 10851 VC,MP20001753
MP20001771 - 10851 VC,MP20001771
MP20001787 - 10851 VC,MP20001787
MP20001829 - 10851 VC,MP20001829
MP20001839 - 10851 VC,MP20001839
MP20001849 - 10851 VC,MP20001849
MP20001852 - 10851 VC,MP20001852
MP20001909 - 10851 VC,MP20001909
MP20001914 - 10851 VC,MP20001914
MP20001954 - 10851 VC,MP20001954
MP20001973 - 10851 VC,MP20001973
MP20001995 - 10851 VC,MP20001995
MP20001998 - 10851 VC,MP20001998
MP20002027 - 10851 VC,MP20002027
MP20002050 - 10851 VC,MP20002050
MP20002061 - 10851 VC,MP20002061
MP20002126 - 10851 VC,MP20002126
MP20002159 - 10851 VC,MP20002159
MP20002188 - 10851 VC,MP20002188
MP20002198 - 10851 VC,MP20002198
MP20002209 - 10851 VC,MP20002209
MP20002325 - 10851 VC,MP20002325
MP20002331 - 10851 VC,MP20002331
MP20002342 - 10851 VC,MP20002342
MP20002390 - 10851 VC,MP20002390
MP20002393 - 10851 VC,MP20002393
MP20002404 - 10851 VC,MP20002404
MP20002432 - 10851 VC,MP20002432
MP20002469 - 10851 VC,MP20002469
MP20002483 - 10851 VC,MP20002483
MP20002497 - 10851 VC,MP20002497
MP20002499 - 10851 VC,MP20002499
MP20002523 - 10851 VC,MP20002523
MP20002565 - 10851 VC,MP20002565
MP20002580 - 10851 VC,MP20002580
MP20002601 - 10851 VC,MP20002601
MP20002609 - 10851 VC,MP20002609
MP20002652 - 10851 VC,MP20002652
MP20002672 - 10851 VC,MP20002672
MP20002706 - 10851 VC,MP20002706
MP20002734 - 10851 VC,MP20002734
MP20002848 - 10851 VC,MP20002848
MP20002885 - 10851 VC,MP20002885
MP20002893 - 10851 VC,MP20002893
MP20002896 - 10851 VC,MP20002896
MP20002898 - 10851 VC,MP20002898
MP20002914 - 10851 VC,MP20002914
MP20002929 - 10851 VC,MP20002929
MP20002973 - 10851 VC,MP20002973
MP20003015 - 10851 VC,MP20003015
MP20003019 - 10851 VC,MP20003019
MP20003183 - 10851 VC,MP20003183
MP20003203 - 10851 VC,MP20003203
MP20003238 - 10851 VC,MP20003238
MP20003255 - 10851 VC,MP20003255
MP20003328 - 10851 VC,MP20003328
MP20003344 - 10851 VC,MP20003344
MP20003442 - 10851 VC,MP20003442
MP20003461 - 10851 VC,MP20003461
MP20003497 - 10851 VC,MP20003497
MP20003509 - 10851 VC,MP20003509
MP20003518 - 10851 VC,MP20003518
MP20003537 - 10851 VC,MP20003537
MP20003559 - 10851 VC,MP20003559
MP20003573 - 10851 VC,MP20003573
MP20003671 - 10851 VC,MP20003671
MP20003697 - 10851 VC,MP20003697
MP20003732 - 10851 VC,MP20003732
MP20003803 - 10851 VC,MP20003803
MP20003893 - 10851 VC,MP20003893
MP20003921 - 10851 VC,MP20003921
MP20003923 - 10851 VC,MP20003923
MP20003981 - 10851 VC,MP20003981
MP20004006 - 10851 VC,MP20004006
MP20004055 - 10851 VC,MP20004055
MP20004065 - 10851 VC,MP20004065
MP20004088 - 10851 VC,MP20004088
MP20004174 - 10851 VC,MP20004174
MP20004179 - 10851 VC,MP20004179
MP20004200 - 10851 VC,MP20004200
MP20004207 - 10851 VC,MP20004207
MP20004257 - 10851 VC,MP20004257
MP20004273 - 10851 VC,MP20004273
MP20004312 - 10851 VC,MP20004312
MP20004360 - 10851 VC,MP20004360
MP20004431 - 10851 VC,MP20004431
MP20004493 - 10851 VC,MP20004493
MP20004497 - 10851 VC,MP20004497
MP20004600 - 10851 VC,MP20004600
MP20004632 - 10851 VC,MP20004632
MP20004660 - 10851 VC,MP20004660
MP20004716 - 10851 VC,MP20004716
MP20004779 - 10851 VC,MP20004779
MP20004791 - 10851 VC,MP20004791
MP20004796 - 10851 VC,MP20004796
MP20004830 - 10851 VC,MP20004830
MP20004987 - 10851 VC,MP20004987
MP20005021 - 10851 VC,MP20005021
MP20005031 - 10851 VC,MP20005031
MP20005119 - 10851 VC,MP20005119
MP20005133 - 10851 VC,MP20005133
MP20005136 - 10851 VC,MP20005136
MP20005195 - 10851 VC,MP20005195
MP20005241 - 10851 VC,MP20005241
MP20005244 - 10851 VC,MP20005244
MP20005277 - 10851 VC,MP20005277
MP20005303 - 10851 VC,MP20005303
MP20005360 - 10851 VC,MP20005360
MP20005375 - 10851 VC,MP20005375
MP20005495 - 10851 VC,MP20005495
MP20005522 - 10851 VC,MP20005522
MP20005569 - 10851 VC,MP20005569
MP20005573 - 10851 VC,MP20005573
MP20005595 - 10851 VC,MP20005595
MP20005659 - 10851 VC,MP20005659
MP20005661 - 10851 VC,MP20005661
MP20005666 - 10851 VC,MP20005666
MP20005683 - 10851 VC,MP20005683
MP20005764 - 10851 VC,MP20005764
MP20005808 - 10851 VC,MP20005808
MP20005879 - 10851 VC,MP20005879
MP20005902 - 10851 VC,MP20005902
MP20005909 - 10851 VC,MP20005909
MP20005919 - 10851 VC,MP20005919
MP20005957 - 10851 VC,MP20005957
MP20006013 - 10851 VC,MP20006013
MP20006043 - 10851 VC,MP20006043
MP20006072 - 10851 VC,MP20006072
MP20006083 - 10851 VC,MP20006083
MP20006087 - 10851 VC,MP20006087
MP20006094 - 10851 VC,MP20006094
MP20006164 - 10851 VC,MP20006164
MP20006170 - 10851 VC,MP20006170
MP20006181 - 10851 VC,MP20006181
MP20006198 - 10851 VC,MP20006198
MP20006203 - 10851 VC,MP20006203
MP20006227 - 10851 VC,MP20006227
MP20006247 - 10851 VC,MP20006247
MP20006297 - 10851 VC,MP20006297
MP20006309 - 10851 VC,MP20006309
MP20006312 - 10851 VC,MP20006312
MP20006314 - 10851 VC,MP20006314
MP20006336 - 10851 VC,MP20006336
MP20006343 - 10851 VC,MP20006343
MP20006382 - 10851 VC,MP20006382
MP20006472 - 10851 VC,MP20006472
MP20006473 - 10851 VC,MP20006473
MP20006491 - 10851 VC,MP20006491
MP20006492 - 10851 VC,MP20006492
MP20006560 - 10851 VC,MP20006560
MP20006575 - 10851 VC,MP20006575
MP20006582 - 10851 VC,MP20006582
MP20006588 - 10851 VC,MP20006588
MP20006605 - 10851 VC,MP20006605
MP20006607 - 10851 VC,MP20006607
MP20006668 - 10851 VC,MP20006668
MP20006699 - 10851 VC,MP20006699
MP20006714 - 10851 VC,MP20006714
MP20006764 - 10851 VC,MP20006764
MP20006794 - 10851 VC,MP20006794
MP20006805 - 10851 VC,MP20006805
MP20006840 - 10851 VC,MP20006840
MP20006847 - 10851 VC,MP20006847
MP20006857 - 10851 VC,MP20006857
MP20006912 - 10851 VC,MP20006912
MP20006943 - 10851 VC,MP20006943
MP20006950 - 10851 VC,MP20006950
MP20006987 - 10851 VC,MP20006987
MP20006992 - 10851 VC,MP20006992
MP20006996 - 10851 VC,MP20006996
MP20007002 - 10851 VC,MP20007002
MP20007031 - 10851 VC,MP20007031
MP20007106 - 10851 VC,MP20007106
MP20007130 - 10851 VC,MP20007130
MP20007156 - 10851 VC,MP20007156
MP20007164 - 10851 VC,MP20007164
MP20007165 - 10851 VC,MP20007165
MP20007167 - 10851 VC,MP20007167
MP20007231 - 10851 VC,MP20007231
MP20007387 - 10851 VC,MP20007387
MP20007410 - 10851 VC,MP20007410
MP20007460 - 10851 VC,MP20007460
MP20007508 - 10851 VC,MP20007508
MP20007513 - 10851 VC,MP20007513
MP20007550 - 10851 VC,MP20007550
MP20007598 - 10851 VC,MP20007598
MP20007617 - 10851 VC,MP20007617
MP20007620 - 10851 VC,MP20007620
MP20007627 - 10851 VC,MP20007627
MP20007634 - 10851 VC,MP20007634
MP20007663 - 10851 VC,MP20007663
MP20007699 - 10851 VC,MP20007699
MP20007800 - 10851 VC,MP20007800
MP20007825 - 10851 VC,MP20007825
MP20007832 - 10851 VC,MP20007832
MP20007873 - 10851 VC,MP20007873
MP20007886 - 10851 VC,MP20007886
MP20007891 - 10851 VC,MP20007891
MP20007900 - 10851 VC,MP20007900
MP20007907 - 10851 VC,MP20007907
MP20007972 - 10851 VC,MP20007972
MP20007989 - 10851 VC,MP20007989
MP20007995 - 10851 VC,MP20007995
MP20008010 - 10851 VC,MP20008010
MP20008012 - 10851 VC,MP20008012
MP20008013 - 10851 VC,MP20008013
MP20008014 - 10851 VC,MP20008014
MP20008020 - 10851 VC,MP20008020
MP20008038 - 10851 VC,MP20008038
MP20008093 - 10851 VC,MP20008093
MP20008106 - 10851 VC,MP20008106
MP20008120 - 10851 VC,MP20008120
MP20008122 - 10851 VC,MP20008122
MP20008129 - 10851 VC,MP20008129
MP20008132 - 10851 VC,MP20008132
MP20008202 - 10851 VC,MP20008202
MP20008214 - 10851 VC,MP20008214
MP20008215 - 10851 VC,MP20008215
MP20008224 - 10851 VC,MP20008224
MP20008231 - 10851 VC,MP20008231
MP20008240 - 10851 VC,MP20008240
MP20008243 - 10851 VC,MP20008243
MP20008260 - 10851 VC,MP20008260
MP20008269 - 10851 VC,MP20008269
MP20008283 - 10851 VC,MP20008283
MP20008310 - 10851 VC,MP20008310
MP20008378 - 10851 VC,MP20008378
MP20008395 - 10851 VC,MP20008395
MP20008422 - 10851 VC,MP20008422
MP20008432 - 10851 VC,MP20008432
MP20008445 - 10851 VC,MP20008445
MP20008446 - 10851 VC,MP20008446
MP20008447 - 10851 VC,MP20008447
MP20008466 - 10851 VC,MP20008466
MP20008468 - 10851 VC,MP20008468
MP20008469 - 10851 VC,MP20008469
MP20008498 - 10851 VC,MP20008498
MP20008500 - 10851 VC,MP20008500
MP20008510 - 10851 VC,MP20008510
MP20008533 - 10851 VC,MP20008533
MP20008537 - 10851 VC,MP20008537
MP20008558 - 10851 VC,MP20008558
MP20008561 - 10851 VC,MP20008561
MP20008585 - 10851 VC,MP20008585
MP20008602 - 10851 VC,MP20008602
MP20008619 - 10851 VC,MP20008619
MP20008628 - 10851 VC,MP20008628
MP20008631 - 10851 VC,MP20008631
MP20008660 - 10851 VC,MP20008660
MP20008662 - 10851 VC,MP20008662
MP20008688 - 10851 VC,MP20008688
MP20008694 - 10851 VC,MP20008694
MP20008698 - 10851 VC,MP20008698
MP20008716 - 10851 VC,MP20008716
MP20008825 - 10851 VC,MP20008825
MP20008840 - 10851 VC,MP20008840
MP20008848 - 10851 VC,MP20008848
MP20008860 - 10851 VC,MP20008860
MP20008879 - 10851 VC,MP20008879
MP20008885 - 10851 VC,MP20008885
MP20008889 - 10851 VC,MP20008889
MP20008950 - 10851 VC,MP20008950
MP20008952 - 10851 VC,MP20008952
MP20008959 - 10851 VC,MP20008959
MP20008968 - 10851 VC,MP20008968
MP20008981 - 10851 VC,MP20008981
MP20008990 - 10851 VC,MP20008990
MP20009066 - 10851 VC,MP20009066
MP20009068 - 10851 VC,MP20009068
MP20009076 - 10851 VC,MP20009076
MP20009081 - 10851 VC,MP20009081
MP20009143 - 10851 VC,MP20009143
MP20009171 - 10851 VC,MP20009171
MP20009177 - 10851 VC,MP20009177
MP20009180 - 10851 VC,MP20009180
MP20009186 - 10851 VC,MP20009186
MP20009200 - 10851 VC,MP20009200
MP20009230 - 10851 VC,MP20009230
MP20009239 - 10851 VC,MP20009239
MP20009259 - 10851 VC,MP20009259
MP20009308 - 10851 VC,MP20009308
MP20009336 - 10851 VC,MP20009336
MP20009427 - 10851 VC,MP20009427
MP20009453 - 10851 VC,MP20009453
MP20009484 - 10851 VC,MP20009484
MP20009497 - 10851 VC,MP20009497
MP20009499 - 10851 VC,MP20009499
MP20009631 - 10851 VC,MP20009631
MP20009667 - 10851 VC,MP20009667
MP20009668 - 10851 VC,MP20009668
MP20009681 - 10851 VC,MP20009681
MP20009691 - 10851 VC,MP20009691
MP20009742 - 10851 VC,MP20009742
MP20009766 - 10851 VC,MP20009766
MP20009787 - 10851 VC,MP20009787
MP20009810 - 10851 VC,MP20009810
MP20009816 - 10851 VC,MP20009816
MP20009842 - 10851 VC,MP20009842
MP20009955 - 10851 VC,MP20009955
MP20009994 - 10851 VC,MP20009994
MP20010006 - 10851 VC,MP20010006
MP20010096 - 10851 VC,MP20010096
MP20010104 - 10851 VC,MP20010104
MP20010105 - 10851 VC,MP20010105
MP20010106 - 10851 VC,MP20010106
MP20010189 - 10851 VC,MP20010189
MP20010196 - 10851 VC,MP20010196
MP20010203 - 10851 VC,MP20010203
MP20010212 - 10851 VC,MP20010212
MP20010264 - 10851 VC,MP20010264
MP20010281 - 10851 VC,MP20010281
MP20010371 - 10851 VC,MP20010371
MP20010382 - 10851 VC,MP20010382
MP20010386 - 10851 VC,MP20010386
MP20010415 - 10851 VC,MP20010415
MP20010446 - 10851 VC,MP20010446
MP20010483 - 10851 VC,MP20010483
MP20010530 - 10851 VC,MP20010530
MP20010587 - 10851 VC,MP20010587
MP20010593 - 10851 VC,MP20010593
MP20010606 - 10851 VC,MP20010606
MP20010610 - 10851 VC,MP20010610
MP20010611 - 10851 VC,MP20010611
MP20010635 - 10851 VC,MP20010635
MP20010640 - 10851 VC,MP20010640
MP20010643 - 10851 VC,MP20010643
MP20010644 - 10851 VC,MP20010644
MP20010736 - 10851 VC,MP20010736
MP20010744 - 10851 VC,MP20010744
MP20010771 - 10851 VC,MP20010771
MP20010791 - 10851 VC,MP20010791
MP20010821 - 10851 VC,MP20010821
MP20010831 - 10851 VC,MP20010831
MP20010836 - 10851 VC,MP20010836
MP20010938 - 10851 VC,MP20010938
MP20010951 - 10851 VC,MP20010951
MP20010999 - 10851 VC,MP20010999
MP20011012 - 10851 VC,MP20011012
MP20011018 - 10851 VC,MP20011018
MP20011021 - 10851 VC,MP20011021
MP20011079 - 10851 VC,MP20011079
MP20011081 - 10851 VC,MP20011081
MP20011086 - 10851 VC,MP20011086
MP20011089 - 10851 VC,MP20011089
MP20011105 - 10851 VC,MP20011105
MP20011179 - 10851 VC,MP20011179
MP20011188 - 10851 VC,MP20011188
MP20011192 - 10851 VC,MP20011192
MP20011200 - 10851 VC,MP20011200
MP20011216 - 10851 VC,MP20011216
MP20011219 - 10851 VC,MP20011219
MP20011225 - 10851 VC,MP20011225
MP20011244 - 10851 VC,MP20011244
MP20011294 - 10851 VC,MP20011294
MP20011297 - 10851 VC,MP20011297
MP20011300 - 10851 VC,MP20011300
MP20011313 - 10851 VC,MP20011313
MP20011319 - 10851 VC,MP20011319
MP20011324 - 10851 VC,MP20011324
MP20011349 - 10851 VC,MP20011349
MP20011372 - 10851 VC,MP20011372
MP20011409 - 10851 VC,MP20011409
MP20011418 - 10851 VC,MP20011418
MP20011458 - 10851 VC,MP20011458
MP20011535 - 10851 VC,MP20011535
MP20011542 - 10851 VC,MP20011542
MP20011608 - 10851 VC,MP20011608
MP20011616 - 10851 VC,MP20011616
MP20011664 - 10851 VC,MP20011664
MP20011677 - 10851 VC,MP20011677
MP20011709 - 10851 VC,MP20011709
MP20011716 - 10851 VC,MP20011716
MP20011717 - 10851 VC,MP20011717
MP20011742 - 10851 VC,MP20011742
MP20011933 - 10851 VC,MP20011933
MP20004597 - 187 (A) PC,MP20004597
MP20007999 - 187 (A) PC,MP20007999
MP20008752 - 187 (A) PC,MP20008752
MP20010013 - 187 (A) PC,MP20010013
MP20004466 - 203 PC,MP20004466
MP20000095 - 211 PC,MP20000095
MP20000418 - 211 PC,MP20000418
MP20000502 - 211 PC,MP20000502
MP20001183 - 211 PC,MP20001183
MP20001270 - 211 PC,MP20001270
MP20001273 - 211 PC,MP20001273
MP20001296 - 211 PC,MP20001296
MP20001366 - 211 PC,MP20001366
MP20001413 - 211 PC,MP20001413
MP20001502 - 211 PC,MP20001502
MP20002116 - 211 PC,MP20002116
MP20002152 - 211 PC,MP20002152
MP20002418 - 211 PC,MP20002418
MP20002630 - 211 PC,MP20002630
MP20002649 - 211 PC,MP20002649
MP20003080 - 211 PC,MP20003080
MP20003237 - 211 PC,MP20003237
MP20003851 - 211 PC,MP20003851
MP20004129 - 211 PC,MP20004129
MP20004145 - 211 PC,MP20004145
MP20004205 - 211 PC,MP20004205
MP20004452 - 211 PC,MP20004452
MP20004573 - 211 PC,MP20004573
MP20004596 - 211 PC,MP20004596
MP20004952 - 211 PC,MP20004952
MP20004989 - 211 PC,MP20004989
MP20005172 - 211 PC,MP20005172
MP20005190 - 211 PC,MP20005190
MP20005287 - 211 PC,MP20005287
MP20005354 - 211 PC,MP20005354
MP20005623 - 211 PC,MP20005623
MP20005791 - 211 PC,MP20005791
MP20006197 - 211 PC,MP20006197
MP20006201 - 211 PC,MP20006201
MP20006276 - 211 PC,MP20006276
MP20006593 - 211 PC,MP20006593
MP20006651 - 211 PC,MP20006651
MP20006819 - 211 PC,MP20006819
MP20007128 - 211 PC,MP20007128
MP20007494 - 211 PC,MP20007494
MP20007603 - 211 PC,MP20007603
MP20007744 - 211 PC,MP20007744
MP20007795 - 211 PC,MP20007795
MP20007890 - 211 PC,MP20007890
MP20008256 - 211 PC,MP20008256
MP20008689 - 211 PC,MP20008689
MP20009021 - 211 PC,MP20009021
MP20009508 - 211 PC,MP20009508
MP20009593 - 211 PC,MP20009593
MP20009619 - 211 PC,MP20009619
MP20009632 - 211 PC,MP20009632
MP20009639 - 211 PC,MP20009639
MP20009646 - 211 PC,MP20009646
MP20010007 - 211 PC,MP20010007
MP20010282 - 211 PC,MP20010282
MP20010387 - 211 PC,MP20010387
MP20010391 - 211 PC,MP20010391
MP20010488 - 211 PC,MP20010488
MP20010562 - 211 PC,MP20010562
MP20010589 - 211 PC,MP20010589
MP20010707 - 211 PC,MP20010707
MP20010719 - 211 PC,MP20010719
MP20010723 - 211 PC,MP20010723
MP20010814 - 211 PC,MP20010814
MP20011044 - 211 PC,MP20011044
MP20011283 - 211 PC,MP20011283
MP20011380 - 211 PC,MP20011380
MP20011405 - 211 PC,MP20011405
MP20011488 - 211 PC,MP20011488
MP20012025 - 211 PC,MP20012025
MP20002428 - 212.5 (A) PC,MP20002428
MP20002650 - 212.5 (A) PC,MP20002650
MP20010261 - 212.5 (A) PC,MP20010261
MP20005613 - 215 (A) PC,MP20005613
MP20011400 - 215 (A) PC,MP20011400
MP20000095 - 243 (D) PC,MP20000095
MP20000780 - 243 (D) PC,MP20000780
MP20000949 - 243 (D) PC,MP20000949
MP20002392 - 243 (D) PC,MP20002392
MP20002639 - 243 (D) PC,MP20002639
MP20003162 - 243 (D) PC,MP20003162
MP20003361 - 243 (D) PC,MP20003361
MP20003384 - 243 (D) PC,MP20003384
MP20003746 - 243 (D) PC,MP20003746
MP20003973 - 243 (D) PC,MP20003973
MP20004939 - 243 (D) PC,MP20004939
MP20005528 - 243 (D) PC,MP20005528
MP20006173 - 243 (D) PC,MP20006173
MP20006430 - 243 (D) PC,MP20006430
MP20006666 - 243 (D) PC,MP20006666
MP20007661 - 243 (D) PC,MP20007661
MP20008505 - 243 (D) PC,MP20008505
MP20009778 - 243 (D) PC,MP20009778
MP20009845 - 243 (D) PC,MP20009845
MP20010597 - 243 (D) PC,MP20010597
MP20010814 - 243 (D) PC,MP20010814
MP20011088 - 243 (D) PC,MP20011088
MP20011390 - 243 (D) PC,MP20011390
MP20011486 - 243 (D) PC,MP20011486
MP20011620 - 243 (D) PC,MP20011620
MP20011657 - 243 (D) PC,MP20011657
MP20012025 - 243 (D) PC,MP20012025
MP20000037 - 243 (E)(1) PC,MP20000037
MP20000074 - 243 (E)(1) PC,MP20000074
MP20000085 - 243 (E)(1) PC,MP20000085
MP20000145 - 243 (E)(1) PC,MP20000145
MP20000242 - 243 (E)(1) PC,MP20000242
MP20000269 - 243 (E)(1) PC,MP20000269
MP20000288 - 243 (E)(1) PC,MP20000288
MP20000297 - 243 (E)(1) PC,MP20000297
MP20000422 - 243 (E)(1) PC,MP20000422
MP20000465 - 243 (E)(1) PC,MP20000465
MP20000658 - 243 (E)(1) PC,MP20000658
MP20000692 - 243 (E)(1) PC,MP20000692
MP20000709 - 243 (E)(1) PC,MP20000709
MP20000825 - 243 (E)(1) PC,MP20000825
MP20000827 - 243 (E)(1) PC,MP20000827
MP20000891 - 243 (E)(1) PC,MP20000891
MP20000905 - 243 (E)(1) PC,MP20000905
MP20001194 - 243 (E)(1) PC,MP20001194
MP20001238 - 243 (E)(1) PC,MP20001238
MP20001292 - 243 (E)(1) PC,MP20001292
MP20001547 - 243 (E)(1) PC,MP20001547
MP20001605 - 243 (E)(1) PC,MP20001605
MP20001643 - 243 (E)(1) PC,MP20001643
MP20001649 - 243 (E)(1) PC,MP20001649
MP20001721 - 243 (E)(1) PC,MP20001721
MP20001758 - 243 (E)(1) PC,MP20001758
MP20001780 - 243 (E)(1) PC,MP20001780
MP20001809 - 243 (E)(1) PC,MP20001809
MP20001822 - 243 (E)(1) PC,MP20001822
MP20001825 - 243 (E)(1) PC,MP20001825
MP20001840 - 243 (E)(1) PC,MP20001840
MP20001890 - 243 (E)(1) PC,MP20001890
MP20001902 - 243 (E)(1) PC,MP20001902
MP20002247 - 243 (E)(1) PC,MP20002247
MP20002262 - 243 (E)(1) PC,MP20002262
MP20002328 - 243 (E)(1) PC,MP20002328
MP20002334 - 243 (E)(1) PC,MP20002334
MP20002386 - 243 (E)(1) PC,MP20002386
MP20002462 - 243 (E)(1) PC,MP20002462
MP20002476 - 243 (E)(1) PC,MP20002476
MP20002480 - 243 (E)(1) PC,MP20002480
MP20002543 - 243 (E)(1) PC,MP20002543
MP20002546 - 243 (E)(1) PC,MP20002546
MP20002548 - 243 (E)(1) PC,MP20002548
MP20002786 - 243 (E)(1) PC,MP20002786
MP20002801 - 243 (E)(1) PC,MP20002801
MP20002869 - 243 (E)(1) PC,MP20002869
MP20002872 - 243 (E)(1) PC,MP20002872
MP20002905 - 243 (E)(1) PC,MP20002905
MP20003194 - 243 (E)(1) PC,MP20003194
MP20003227 - 243 (E)(1) PC,MP20003227
MP20003285 - 243 (E)(1) PC,MP20003285
MP20003293 - 243 (E)(1) PC,MP20003293
MP20003294 - 243 (E)(1) PC,MP20003294
MP20003408 - 243 (E)(1) PC,MP20003408
MP20003546 - 243 (E)(1) PC,MP20003546
MP20003600 - 243 (E)(1) PC,MP20003600
MP20003738 - 243 (E)(1) PC,MP20003738
MP20003740 - 243 (E)(1) PC,MP20003740
MP20003807 - 243 (E)(1) PC,MP20003807
MP20003827 - 243 (E)(1) PC,MP20003827
MP20004087 - 243 (E)(1) PC,MP20004087
MP20004186 - 243 (E)(1) PC,MP20004186
MP20004238 - 243 (E)(1) PC,MP20004238
MP20004256 - 243 (E)(1) PC,MP20004256
MP20004344 - 243 (E)(1) PC,MP20004344
MP20004348 - 243 (E)(1) PC,MP20004348
MP20004358 - 243 (E)(1) PC,MP20004358
MP20004361 - 243 (E)(1) PC,MP20004361
MP20004412 - 243 (E)(1) PC,MP20004412
MP20004504 - 243 (E)(1) PC,MP20004504
MP20004541 - 243 (E)(1) PC,MP20004541
MP20004582 - 243 (E)(1) PC,MP20004582
MP20004614 - 243 (E)(1) PC,MP20004614
MP20004648 - 243 (E)(1) PC,MP20004648
MP20004702 - 243 (E)(1) PC,MP20004702
MP20004787 - 243 (E)(1) PC,MP20004787
MP20004853 - 243 (E)(1) PC,MP20004853
MP20004872 - 243 (E)(1) PC,MP20004872
MP20004955 - 243 (E)(1) PC,MP20004955
MP20004989 - 243 (E)(1) PC,MP20004989
MP20005052 - 243 (E)(1) PC,MP20005052
MP20005110 - 243 (E)(1) PC,MP20005110
MP20005178 - 243 (E)(1) PC,MP20005178
MP20005243 - 243 (E)(1) PC,MP20005243
MP20005287 - 243 (E)(1) PC,MP20005287
MP20005412 - 243 (E)(1) PC,MP20005412
MP20005454 - 243 (E)(1) PC,MP20005454
MP20005554 - 243 (E)(1) PC,MP20005554
MP20005638 - 243 (E)(1) PC,MP20005638
MP20005693 - 243 (E)(1) PC,MP20005693
MP20005742 - 243 (E)(1) PC,MP20005742
MP20005791 - 243 (E)(1) PC,MP20005791
MP20005800 - 243 (E)(1) PC,MP20005800
MP20005816 - 243 (E)(1) PC,MP20005816
MP20006001 - 243 (E)(1) PC,MP20006001
MP20006026 - 243 (E)(1) PC,MP20006026
MP20006092 - 243 (E)(1) PC,MP20006092
MP20006110 - 243 (E)(1) PC,MP20006110
MP20006254 - 243 (E)(1) PC,MP20006254
MP20006289 - 243 (E)(1) PC,MP20006289
MP20006294 - 243 (E)(1) PC,MP20006294
MP20006344 - 243 (E)(1) PC,MP20006344
MP20006362 - 243 (E)(1) PC,MP20006362
MP20006518 - 243 (E)(1) PC,MP20006518
MP20006544 - 243 (E)(1) PC,MP20006544
MP20006576 - 243 (E)(1) PC,MP20006576
MP20006594 - 243 (E)(1) PC,MP20006594
MP20006600 - 243 (E)(1) PC,MP20006600
MP20006613 - 243 (E)(1) PC,MP20006613
MP20006695 - 243 (E)(1) PC,MP20006695
MP20006717 - 243 (E)(1) PC,MP20006717
MP20006835 - 243 (E)(1) PC,MP20006835
MP20006995 - 243 (E)(1) PC,MP20006995
MP20007126 - 243 (E)(1) PC,MP20007126
MP20007135 - 243 (E)(1) PC,MP20007135
MP20007213 - 243 (E)(1) PC,MP20007213
MP20007359 - 243 (E)(1) PC,MP20007359
MP20007741 - 243 (E)(1) PC,MP20007741
MP20007810 - 243 (E)(1) PC,MP20007810
MP20007813 - 243 (E)(1) PC,MP20007813
MP20007821 - 243 (E)(1) PC,MP20007821
MP20007894 - 243 (E)(1) PC,MP20007894
MP20007970 - 243 (E)(1) PC,MP20007970
MP20007977 - 243 (E)(1) PC,MP20007977
MP20008008 - 243 (E)(1) PC,MP20008008
MP20008019 - 243 (E)(1) PC,MP20008019
MP20008137 - 243 (E)(1) PC,MP20008137
MP20008182 - 243 (E)(1) PC,MP20008182
MP20008205 - 243 (E)(1) PC,MP20008205
MP20008309 - 243 (E)(1) PC,MP20008309
MP20008339 - 243 (E)(1) PC,MP20008339
MP20008360 - 243 (E)(1) PC,MP20008360
MP20008364 - 243 (E)(1) PC,MP20008364
MP20008442 - 243 (E)(1) PC,MP20008442
MP20008511 - 243 (E)(1) PC,MP20008511
MP20008654 - 243 (E)(1) PC,MP20008654
MP20008670 - 243 (E)(1) PC,MP20008670
MP20008683 - 243 (E)(1) PC,MP20008683
MP20008720 - 243 (E)(1) PC,MP20008720
MP20008772 - 243 (E)(1) PC,MP20008772
MP20008815 - 243 (E)(1) PC,MP20008815
MP20008841 - 243 (E)(1) PC,MP20008841
MP20008873 - 243 (E)(1) PC,MP20008873
MP20008927 - 243 (E)(1) PC,MP20008927
MP20009106 - 243 (E)(1) PC,MP20009106
MP20009137 - 243 (E)(1) PC,MP20009137
MP20009174 - 243 (E)(1) PC,MP20009174
MP20009207 - 243 (E)(1) PC,MP20009207
MP20009218 - 243 (E)(1) PC,MP20009218
MP20009265 - 243 (E)(1) PC,MP20009265
MP20009293 - 243 (E)(1) PC,MP20009293
MP20009294 - 243 (E)(1) PC,MP20009294
MP20009311 - 243 (E)(1) PC,MP20009311
MP20009316 - 243 (E)(1) PC,MP20009316
MP20009341 - 243 (E)(1) PC,MP20009341
MP20009355 - 243 (E)(1) PC,MP20009355
MP20009409 - 243 (E)(1) PC,MP20009409
MP20009477 - 243 (E)(1) PC,MP20009477
MP20009479 - 243 (E)(1) PC,MP20009479
MP20009548 - 243 (E)(1) PC,MP20009548
MP20009556 - 243 (E)(1) PC,MP20009556
MP20009564 - 243 (E)(1) PC,MP20009564
MP20009660 - 243 (E)(1) PC,MP20009660
MP20009679 - 243 (E)(1) PC,MP20009679
MP20009705 - 243 (E)(1) PC,MP20009705
MP20009708 - 243 (E)(1) PC,MP20009708
MP20009714 - 243 (E)(1) PC,MP20009714
MP20009718 - 243 (E)(1) PC,MP20009718
MP20009888 - 243 (E)(1) PC,MP20009888
MP20009894 - 243 (E)(1) PC,MP20009894
MP20009908 - 243 (E)(1) PC,MP20009908
MP20009991 - 243 (E)(1) PC,MP20009991
MP20010059 - 243 (E)(1) PC,MP20010059
MP20010079 - 243 (E)(1) PC,MP20010079
MP20010097 - 243 (E)(1) PC,MP20010097
MP20010135 - 243 (E)(1) PC,MP20010135
MP20010143 - 243 (E)(1) PC,MP20010143
MP20010172 - 243 (E)(1) PC,MP20010172
MP20010181 - 243 (E)(1) PC,MP20010181
MP20010185 - 243 (E)(1) PC,MP20010185
MP20010246 - 243 (E)(1) PC,MP20010246
MP20010261 - 243 (E)(1) PC,MP20010261
MP20010263 - 243 (E)(1) PC,MP20010263
MP20010271 - 243 (E)(1) PC,MP20010271
MP20010341 - 243 (E)(1) PC,MP20010341
MP20010388 - 243 (E)(1) PC,MP20010388
MP20010390 - 243 (E)(1) PC,MP20010390
MP20010452 - 243 (E)(1) PC,MP20010452
MP20010534 - 243 (E)(1) PC,MP20010534
MP20010577 - 243 (E)(1) PC,MP20010577
MP20010598 - 243 (E)(1) PC,MP20010598
MP20010683 - 243 (E)(1) PC,MP20010683
MP20010708 - 243 (E)(1) PC,MP20010708
MP20010864 - 243 (E)(1) PC,MP20010864
MP20010872 - 243 (E)(1) PC,MP20010872
MP20010903 - 243 (E)(1) PC,MP20010903
MP20010911 - 243 (E)(1) PC,MP20010911
MP20010959 - 243 (E)(1) PC,MP20010959
MP20011001 - 243 (E)(1) PC,MP20011001
MP20011062 - 243 (E)(1) PC,MP20011062
MP20011101 - 243 (E)(1) PC,MP20011101
MP20011155 - 243 (E)(1) PC,MP20011155
MP20011158 - 243 (E)(1) PC,MP20011158
MP20011293 - 243 (E)(1) PC,MP20011293
MP20011317 - 243 (E)(1) PC,MP20011317
MP20011357 - 243 (E)(1) PC,MP20011357
MP20011450 - 243 (E)(1) PC,MP20011450
MP20011488 - 243 (E)(1) PC,MP20011488
MP20011601 - 243 (E)(1) PC,MP20011601
MP20011707 - 243 (E)(1) PC,MP20011707
MP20011799 - 243 (E)(1) PC,MP20011799
MP20011808 - 243 (E)(1) PC,MP20011808
MP20011819 - 243 (E)(1) PC,MP20011819
MP20011822 - 243 (E)(1) PC,MP20011822
MP20011824 - 243 (E)(1) PC,MP20011824
MP20011843 - 243 (E)(1) PC,MP20011843
MP20011928 - 243 (E)(1) PC,MP20011928
MP20011935 - 243 (E)(1) PC,MP20011935
MP20011964 - 243 (E)(1) PC,MP20011964
MP20012008 - 243 (E)(1) PC,MP20012008
MP20012107 - 243 (E)(1) PC,MP20012107
MP20011867 - 243.3 PC,MP20011867
MP20003729 - 243.4 (A) PC,MP20003729
MP20006567 - 243.4 (A) PC,MP20006567
MP20007605 - 243.4 (A) PC,MP20007605
MP20010489 - 243.4 (A) PC,MP20010489
MP20002884 - 243.4 (D) PC,MP20002884
MP20003634 - 244 PC,MP20003634
MP20000087 - 245 (A)(1) PC,MP20000087
MP20000278 - 245 (A)(1) PC,MP20000278
MP20000303 - 245 (A)(1) PC,MP20000303
MP20000378 - 245 (A)(1) PC,MP20000378
MP20000615 - 245 (A)(1) PC,MP20000615
MP20000690 - 245 (A)(1) PC,MP20000690
MP20000795 - 245 (A)(1) PC,MP20000795
MP20000964 - 245 (A)(1) PC,MP20000964
MP20001034 - 245 (A)(1) PC,MP20001034
MP20001556 - 245 (A)(1) PC,MP20001556
MP20001828 - 245 (A)(1) PC,MP20001828
MP20002150 - 245 (A)(1) PC,MP20002150
MP20002225 - 245 (A)(1) PC,MP20002225
MP20002246 - 245 (A)(1) PC,MP20002246
MP20002364 - 245 (A)(1) PC,MP20002364
MP20002375 - 245 (A)(1) PC,MP20002375
MP20002516 - 245 (A)(1) PC,MP20002516
MP20002541 - 245 (A)(1) PC,MP20002541
MP20002645 - 245 (A)(1) PC,MP20002645
MP20002649 - 245 (A)(1) PC,MP20002649
MP20002859 - 245 (A)(1) PC,MP20002859
MP20002933 - 245 (A)(1) PC,MP20002933
MP20002951 - 245 (A)(1) PC,MP20002951
MP20002973 - 245 (A)(1) PC,MP20002973
MP20003044 - 245 (A)(1) PC,MP20003044
MP20003072 - 245 (A)(1) PC,MP20003072
MP20003212 - 245 (A)(1) PC,MP20003212
MP20003215 - 245 (A)(1) PC,MP20003215
MP20003217 - 245 (A)(1) PC,MP20003217
MP20003527 - 245 (A)(1) PC,MP20003527
MP20004047 - 245 (A)(1) PC,MP20004047
MP20004572 - 245 (A)(1) PC,MP20004572
MP20004628 - 245 (A)(1) PC,MP20004628
MP20004756 - 245 (A)(1) PC,MP20004756
MP20004763 - 245 (A)(1) PC,MP20004763
MP20004878 - 245 (A)(1) PC,MP20004878
MP20005190 - 245 (A)(1) PC,MP20005190
MP20005623 - 245 (A)(1) PC,MP20005623
MP20005748 - 245 (A)(1) PC,MP20005748
MP20005982 - 245 (A)(1) PC,MP20005982
MP20006082 - 245 (A)(1) PC,MP20006082
MP20006235 - 245 (A)(1) PC,MP20006235
MP20006664 - 245 (A)(1) PC,MP20006664
MP20006709 - 245 (A)(1) PC,MP20006709
MP20006718 - 245 (A)(1) PC,MP20006718
MP20007095 - 245 (A)(1) PC,MP20007095
MP20007137 - 245 (A)(1) PC,MP20007137
MP20007166 - 245 (A)(1) PC,MP20007166
MP20007353 - 245 (A)(1) PC,MP20007353
MP20007487 - 245 (A)(1) PC,MP20007487
MP20007823 - 245 (A)(1) PC,MP20007823
MP20008087 - 245 (A)(1) PC,MP20008087
MP20008113 - 245 (A)(1) PC,MP20008113
MP20008183 - 245 (A)(1) PC,MP20008183
MP20008920 - 245 (A)(1) PC,MP20008920
MP20009008 - 245 (A)(1) PC,MP20009008
MP20009043 - 245 (A)(1) PC,MP20009043
MP20009237 - 245 (A)(1) PC,MP20009237
MP20009517 - 245 (A)(1) PC,MP20009517
MP20009532 - 245 (A)(1) PC,MP20009532
MP20009588 - 245 (A)(1) PC,MP20009588
MP20009648 - 245 (A)(1) PC,MP20009648
MP20009790 - 245 (A)(1) PC,MP20009790
MP20009845 - 245 (A)(1) PC,MP20009845
MP20009870 - 245 (A)(1) PC,MP20009870
MP20009982 - 245 (A)(1) PC,MP20009982
MP20010069 - 245 (A)(1) PC,MP20010069
MP20010144 - 245 (A)(1) PC,MP20010144
MP20010186 - 245 (A)(1) PC,MP20010186
MP20010391 - 245 (A)(1) PC,MP20010391
MP20010392 - 245 (A)(1) PC,MP20010392
MP20010400 - 245 (A)(1) PC,MP20010400
MP20010453 - 245 (A)(1) PC,MP20010453
MP20010471 - 245 (A)(1) PC,MP20010471
MP20010704 - 245 (A)(1) PC,MP20010704
MP20010754 - 245 (A)(1) PC,MP20010754
MP20010760 - 245 (A)(1) PC,MP20010760
MP20010902 - 245 (A)(1) PC,MP20010902
MP20010991 - 245 (A)(1) PC,MP20010991
MP20011111 - 245 (A)(1) PC,MP20011111
MP20011276 - 245 (A)(1) PC,MP20011276
MP20011580 - 245 (A)(1) PC,MP20011580
MP20011617 - 245 (A)(1) PC,MP20011617
MP20011925 - 245 (A)(1) PC,MP20011925
MP20001049 - 245 (A)(2) PC,MP20001049
MP20001413 - 245 (A)(2) PC,MP20001413
MP20001673 - 245 (A)(2) PC,MP20001673
MP20002428 - 245 (A)(2) PC,MP20002428
MP20003158 - 245 (A)(2) PC,MP20003158
MP20003765 - 245 (A)(2) PC,MP20003765
MP20006276 - 245 (A)(2) PC,MP20006276
MP20007740 - 245 (A)(2) PC,MP20007740
MP20008649 - 245 (A)(2) PC,MP20008649
MP20008752 - 245 (A)(2) PC,MP20008752
MP20008926 - 245 (A)(2) PC,MP20008926
MP20009052 - 245 (A)(2) PC,MP20009052
MP20009138 - 245 (A)(2) PC,MP20009138
MP20010391 - 245 (A)(2) PC,MP20010391
MP20010457 - 245 (A)(2) PC,MP20010457
MP20000095 - 245 (A)(4) PC,MP20000095
MP20000357 - 245 (A)(4) PC,MP20000357
MP20000688 - 245 (A)(4) PC,MP20000688
MP20000947 - 245 (A)(4) PC,MP20000947
MP20001076 - 245 (A)(4) PC,MP20001076
MP20001270 - 245 (A)(4) PC,MP20001270
MP20001628 - 245 (A)(4) PC,MP20001628
MP20001682 - 245 (A)(4) PC,MP20001682
MP20001727 - 245 (A)(4) PC,MP20001727
MP20001795 - 245 (A)(4) PC,MP20001795
MP20002469 - 245 (A)(4) PC,MP20002469
MP20003119 - 245 (A)(4) PC,MP20003119
MP20003126 - 245 (A)(4) PC,MP20003126
MP20003168 - 245 (A)(4) PC,MP20003168
MP20003358 - 245 (A)(4) PC,MP20003358
MP20003634 - 245 (A)(4) PC,MP20003634
MP20003841 - 245 (A)(4) PC,MP20003841
MP20004205 - 245 (A)(4) PC,MP20004205
MP20004466 - 245 (A)(4) PC,MP20004466
MP20004596 - 245 (A)(4) PC,MP20004596
MP20004840 - 245 (A)(4) PC,MP20004840
MP20004874 - 245 (A)(4) PC,MP20004874
MP20005015 - 245 (A)(4) PC,MP20005015
MP20005144 - 245 (A)(4) PC,MP20005144
MP20005466 - 245 (A)(4) PC,MP20005466
MP20006186 - 245 (A)(4) PC,MP20006186
MP20006608 - 245 (A)(4) PC,MP20006608
MP20006684 - 245 (A)(4) PC,MP20006684
MP20006822 - 245 (A)(4) PC,MP20006822
MP20007060 - 245 (A)(4) PC,MP20007060
MP20007390 - 245 (A)(4) PC,MP20007390
MP20007534 - 245 (A)(4) PC,MP20007534
MP20007737 - 245 (A)(4) PC,MP20007737
MP20007769 - 245 (A)(4) PC,MP20007769
MP20007805 - 245 (A)(4) PC,MP20007805
MP20007896 - 245 (A)(4) PC,MP20007896
MP20008169 - 245 (A)(4) PC,MP20008169
MP20008581 - 245 (A)(4) PC,MP20008581
MP20008931 - 245 (A)(4) PC,MP20008931
MP20008963 - 245 (A)(4) PC,MP20008963
MP20009008 - 245 (A)(4) PC,MP20009008
MP20009038 - 245 (A)(4) PC,MP20009038
MP20009137 - 245 (A)(4) PC,MP20009137
MP20009588 - 245 (A)(4) PC,MP20009588
MP20009619 - 245 (A)(4) PC,MP20009619
MP20009704 - 245 (A)(4) PC,MP20009704
MP20009783 - 245 (A)(4) PC,MP20009783
MP20009829 - 245 (A)(4) PC,MP20009829
MP20010093 - 245 (A)(4) PC,MP20010093
MP20010110 - 245 (A)(4) PC,MP20010110
MP20010148 - 245 (A)(4) PC,MP20010148
MP20010177 - 245 (A)(4) PC,MP20010177
MP20010323 - 245 (A)(4) PC,MP20010323
MP20010418 - 245 (A)(4) PC,MP20010418
MP20010848 - 245 (A)(4) PC,MP20010848
MP20010905 - 245 (A)(4) PC,MP20010905
MP20011486 - 245 (A)(4) PC,MP20011486
MP20011524 - 245 (A)(4) PC,MP20011524
MP20011584 - 245 (A)(4) PC,MP20011584
MP20011670 - 245 (A)(4) PC,MP20011670
MP20011920 - 245 (A)(4) PC,MP20011920
MP20011938 - 245 (A)(4) PC,MP20011938
MP20000087 - 273.5 (A) PC,MP20000087
MP20000202 - 273.5 (A) PC,MP20000202
MP20000310 - 273.5 (A) PC,MP20000310
MP20000338 - 273.5 (A) PC,MP20000338
MP20000356 - 273.5 (A) PC,MP20000356
MP20000360 - 273.5 (A) PC,MP20000360
MP20000433 - 273.5 (A) PC,MP20000433
MP20000624 - 273.5 (A) PC,MP20000624
MP20000649 - 273.5 (A) PC,MP20000649
MP20000688 - 273.5 (A) PC,MP20000688
MP20000769 - 273.5 (A) PC,MP20000769
MP20000947 - 273.5 (A) PC,MP20000947
MP20000965 - 273.5 (A) PC,MP20000965
MP20000995 - 273.5 (A) PC,MP20000995
MP20001034 - 273.5 (A) PC,MP20001034
MP20001045 - 273.5 (A) PC,MP20001045
MP20001607 - 273.5 (A) PC,MP20001607
MP20001628 - 273.5 (A) PC,MP20001628
MP20001682 - 273.5 (A) PC,MP20001682
MP20001719 - 273.5 (A) PC,MP20001719
MP20001727 - 273.5 (A) PC,MP20001727
MP20001728 - 273.5 (A) PC,MP20001728
MP20002008 - 273.5 (A) PC,MP20002008
MP20002108 - 273.5 (A) PC,MP20002108
MP20002199 - 273.5 (A) PC,MP20002199
MP20002222 - 273.5 (A) PC,MP20002222
MP20002225 - 273.5 (A) PC,MP20002225
MP20002267 - 273.5 (A) PC,MP20002267
MP20002268 - 273.5 (A) PC,MP20002268
MP20002469 - 273.5 (A) PC,MP20002469
MP20002614 - 273.5 (A) PC,MP20002614
MP20002650 - 273.5 (A) PC,MP20002650
MP20002652 - 273.5 (A) PC,MP20002652
MP20002933 - 273.5 (A) PC,MP20002933
MP20003097 - 273.5 (A) PC,MP20003097
MP20003126 - 273.5 (A) PC,MP20003126
MP20003168 - 273.5 (A) PC,MP20003168
MP20003212 - 273.5 (A) PC,MP20003212
MP20003234 - 273.5 (A) PC,MP20003234
MP20003289 - 273.5 (A) PC,MP20003289
MP20003358 - 273.5 (A) PC,MP20003358
MP20003409 - 273.5 (A) PC,MP20003409
MP20003527 - 273.5 (A) PC,MP20003527
MP20003545 - 273.5 (A) PC,MP20003545
MP20003634 - 273.5 (A) PC,MP20003634
MP20003644 - 273.5 (A) PC,MP20003644
MP20003841 - 273.5 (A) PC,MP20003841
MP20003943 - 273.5 (A) PC,MP20003943
MP20004047 - 273.5 (A) PC,MP20004047
MP20004234 - 273.5 (A) PC,MP20004234
MP20004466 - 273.5 (A) PC,MP20004466
MP20004596 - 273.5 (A) PC,MP20004596
MP20004763 - 273.5 (A) PC,MP20004763
MP20004840 - 273.5 (A) PC,MP20004840
MP20004851 - 273.5 (A) PC,MP20004851
MP20004879 - 273.5 (A) PC,MP20004879
MP20004925 - 273.5 (A) PC,MP20004925
MP20004936 - 273.5 (A) PC,MP20004936
MP20004985 - 273.5 (A) PC,MP20004985
MP20005015 - 273.5 (A) PC,MP20005015
MP20005112 - 273.5 (A) PC,MP20005112
MP20005139 - 273.5 (A) PC,MP20005139
MP20005144 - 273.5 (A) PC,MP20005144
MP20005222 - 273.5 (A) PC,MP20005222
MP20005231 - 273.5 (A) PC,MP20005231
MP20005354 - 273.5 (A) PC,MP20005354
MP20005466 - 273.5 (A) PC,MP20005466
MP20005540 - 273.5 (A) PC,MP20005540
MP20005608 - 273.5 (A) PC,MP20005608
MP20005769 - 273.5 (A) PC,MP20005769
MP20006186 - 273.5 (A) PC,MP20006186
MP20006235 - 273.5 (A) PC,MP20006235
MP20006289 - 273.5 (A) PC,MP20006289
MP20006608 - 273.5 (A) PC,MP20006608
MP20006617 - 273.5 (A) PC,MP20006617
MP20006684 - 273.5 (A) PC,MP20006684
MP20006709 - 273.5 (A) PC,MP20006709
MP20006854 - 273.5 (A) PC,MP20006854
MP20006978 - 273.5 (A) PC,MP20006978
MP20006984 - 273.5 (A) PC,MP20006984
MP20007032 - 273.5 (A) PC,MP20007032
MP20007041 - 273.5 (A) PC,MP20007041
MP20007060 - 273.5 (A) PC,MP20007060
MP20007124 - 273.5 (A) PC,MP20007124
MP20007215 - 273.5 (A) PC,MP20007215
MP20007305 - 273.5 (A) PC,MP20007305
MP20007311 - 273.5 (A) PC,MP20007311
MP20007353 - 273.5 (A) PC,MP20007353
MP20007371 - 273.5 (A) PC,MP20007371
MP20007388 - 273.5 (A) PC,MP20007388
MP20007390 - 273.5 (A) PC,MP20007390
MP20007475 - 273.5 (A) PC,MP20007475
MP20007532 - 273.5 (A) PC,MP20007532
MP20007534 - 273.5 (A) PC,MP20007534
MP20007705 - 273.5 (A) PC,MP20007705
MP20007737 - 273.5 (A) PC,MP20007737
MP20007741 - 273.5 (A) PC,MP20007741
MP20007769 - 273.5 (A) PC,MP20007769
MP20007805 - 273.5 (A) PC,MP20007805
MP20007821 - 273.5 (A) PC,MP20007821
MP20007890 - 273.5 (A) PC,MP20007890
MP20007896 - 273.5 (A) PC,MP20007896
MP20007975 - 273.5 (A) PC,MP20007975
MP20008022 - 273.5 (A) PC,MP20008022
MP20008042 - 273.5 (A) PC,MP20008042
MP20008084 - 273.5 (A) PC,MP20008084
MP20008085 - 273.5 (A) PC,MP20008085
MP20008125 - 273.5 (A) PC,MP20008125
MP20008149 - 273.5 (A) PC,MP20008149
MP20008265 - 273.5 (A) PC,MP20008265
MP20008312 - 273.5 (A) PC,MP20008312
MP20008365 - 273.5 (A) PC,MP20008365
MP20008476 - 273.5 (A) PC,MP20008476
MP20008490 - 273.5 (A) PC,MP20008490
MP20008501 - 273.5 (A) PC,MP20008501
MP20008575 - 273.5 (A) PC,MP20008575
MP20008581 - 273.5 (A) PC,MP20008581
MP20008649 - 273.5 (A) PC,MP20008649
MP20008722 - 273.5 (A) PC,MP20008722
MP20008743 - 273.5 (A) PC,MP20008743
MP20008857 - 273.5 (A) PC,MP20008857
MP20008867 - 273.5 (A) PC,MP20008867
MP20008931 - 273.5 (A) PC,MP20008931
MP20008954 - 273.5 (A) PC,MP20008954
MP20008963 - 273.5 (A) PC,MP20008963
MP20008984 - 273.5 (A) PC,MP20008984
MP20009008 - 273.5 (A) PC,MP20009008
MP20009110 - 273.5 (A) PC,MP20009110
MP20009137 - 273.5 (A) PC,MP20009137
MP20009233 - 273.5 (A) PC,MP20009233
MP20009418 - 273.5 (A) PC,MP20009418
MP20009444 - 273.5 (A) PC,MP20009444
MP20009492 - 273.5 (A) PC,MP20009492
MP20009588 - 273.5 (A) PC,MP20009588
MP20009647 - 273.5 (A) PC,MP20009647
MP20009704 - 273.5 (A) PC,MP20009704
MP20009782 - 273.5 (A) PC,MP20009782
MP20009786 - 273.5 (A) PC,MP20009786
MP20009829 - 273.5 (A) PC,MP20009829
MP20009904 - 273.5 (A) PC,MP20009904
MP20010011 - 273.5 (A) PC,MP20010011
MP20010050 - 273.5 (A) PC,MP20010050
MP20010093 - 273.5 (A) PC,MP20010093
MP20010110 - 273.5 (A) PC,MP20010110
MP20010148 - 273.5 (A) PC,MP20010148
MP20010165 - 273.5 (A) PC,MP20010165
MP20010195 - 273.5 (A) PC,MP20010195
MP20010223 - 273.5 (A) PC,MP20010223
MP20010245 - 273.5 (A) PC,MP20010245
MP20010270 - 273.5 (A) PC,MP20010270
MP20010323 - 273.5 (A) PC,MP20010323
MP20010360 - 273.5 (A) PC,MP20010360
MP20010401 - 273.5 (A) PC,MP20010401
MP20010497 - 273.5 (A) PC,MP20010497
MP20010711 - 273.5 (A) PC,MP20010711
MP20010754 - 273.5 (A) PC,MP20010754
MP20010816 - 273.5 (A) PC,MP20010816
MP20010829 - 273.5 (A) PC,MP20010829
MP20010848 - 273.5 (A) PC,MP20010848
MP20010902 - 273.5 (A) PC,MP20010902
MP20010986 - 273.5 (A) PC,MP20010986
MP20011026 - 273.5 (A) PC,MP20011026
MP20011056 - 273.5 (A) PC,MP20011056
MP20011057 - 273.5 (A) PC,MP20011057
MP20011285 - 273.5 (A) PC,MP20011285
MP20011390 - 273.5 (A) PC,MP20011390
MP20011486 - 273.5 (A) PC,MP20011486
MP20011510 - 273.5 (A) PC,MP20011510
MP20011521 - 273.5 (A) PC,MP20011521
MP20011524 - 273.5 (A) PC,MP20011524
MP20011584 - 273.5 (A) PC,MP20011584
MP20011609 - 273.5 (A) PC,MP20011609
MP20011629 - 273.5 (A) PC,MP20011629
MP20011688 - 273.5 (A) PC,MP20011688
MP20011713 - 273.5 (A) PC,MP20011713
MP20011771 - 273.5 (A) PC,MP20011771
MP20011938 - 273.5 (A) PC,MP20011938
MP20000408 - 273.5 (F)(1) PC,MP20000408
MP20000088 - 451 (D) PC,MP20000088
MP20000372 - 451 (D) PC,MP20000372
MP20000824 - 451 (D) PC,MP20000824
MP20004258 - 451 (D) PC,MP20004258
MP20005522 - 451 (D) PC,MP20005522
MP20006083 - 451 (D) PC,MP20006083
MP20007031 - 451 (D) PC,MP20007031
MP20007221 - 451 (D) PC,MP20007221
MP20009054 - 451 (D) PC,MP20009054
MP20000151 - 460 (A) PC,MP20000151
MP20000175 - 460 (A) PC,MP20000175
MP20000181 - 460 (A) PC,MP20000181
MP20000186 - 460 (A) PC,MP20000186
MP20000261 - 460 (A) PC,MP20000261
MP20000315 - 460 (A) PC,MP20000315
MP20000344 - 460 (A) PC,MP20000344
MP20000368 - 460 (A) PC,MP20000368
MP20000382 - 460 (A) PC,MP20000382
MP20000403 - 460 (A) PC,MP20000403
MP20000417 - 460 (A) PC,MP20000417
MP20000476 - 460 (A) PC,MP20000476
MP20000482 - 460 (A) PC,MP20000482
MP20000597 - 460 (A) PC,MP20000597
MP20000719 - 460 (A) PC,MP20000719
MP20000729 - 460 (A) PC,MP20000729
MP20000751 - 460 (A) PC,MP20000751
MP20000772 - 460 (A) PC,MP20000772
MP20000840 - 460 (A) PC,MP20000840
MP20000886 - 460 (A) PC,MP20000886
MP20000904 - 460 (A) PC,MP20000904
MP20000949 - 460 (A) PC,MP20000949
MP20000958 - 460 (A) PC,MP20000958
MP20001105 - 460 (A) PC,MP20001105
MP20001276 - 460 (A) PC,MP20001276
MP20001426 - 460 (A) PC,MP20001426
MP20001514 - 460 (A) PC,MP20001514
MP20001586 - 460 (A) PC,MP20001586
MP20001622 - 460 (A) PC,MP20001622
MP20001764 - 460 (A) PC,MP20001764
MP20001768 - 460 (A) PC,MP20001768
MP20001770 - 460 (A) PC,MP20001770
MP20001798 - 460 (A) PC,MP20001798
MP20001799 - 460 (A) PC,MP20001799
MP20001807 - 460 (A) PC,MP20001807
MP20002149 - 460 (A) PC,MP20002149
MP20002160 - 460 (A) PC,MP20002160
MP20002192 - 460 (A) PC,MP20002192
MP20002250 - 460 (A) PC,MP20002250
MP20002251 - 460 (A) PC,MP20002251
MP20002314 - 460 (A) PC,MP20002314
MP20002331 - 460 (A) PC,MP20002331
MP20002456 - 460 (A) PC,MP20002456
MP20002467 - 460 (A) PC,MP20002467
MP20002474 - 460 (A) PC,MP20002474
MP20002496 - 460 (A) PC,MP20002496
MP20002504 - 460 (A) PC,MP20002504
MP20002529 - 460 (A) PC,MP20002529
MP20002537 - 460 (A) PC,MP20002537
MP20002700 - 460 (A) PC,MP20002700
MP20002721 - 460 (A) PC,MP20002721
MP20002792 - 460 (A) PC,MP20002792
MP20002879 - 460 (A) PC,MP20002879
MP20002919 - 460 (A) PC,MP20002919
MP20003051 - 460 (A) PC,MP20003051
MP20003060 - 460 (A) PC,MP20003060
MP20003103 - 460 (A) PC,MP20003103
MP20003122 - 460 (A) PC,MP20003122
MP20003205 - 460 (A) PC,MP20003205
MP20003292 - 460 (A) PC,MP20003292
MP20003564 - 460 (A) PC,MP20003564
MP20003889 - 460 (A) PC,MP20003889
MP20003979 - 460 (A) PC,MP20003979
MP20004245 - 460 (A) PC,MP20004245
MP20004419 - 460 (A) PC,MP20004419
MP20004432 - 460 (A) PC,MP20004432
MP20004456 - 460 (A) PC,MP20004456
MP20004464 - 460 (A) PC,MP20004464
MP20004481 - 460 (A) PC,MP20004481
MP20004580 - 460 (A) PC,MP20004580
MP20004736 - 460 (A) PC,MP20004736
MP20004979 - 460 (A) PC,MP20004979
MP20005101 - 460 (A) PC,MP20005101
MP20005193 - 460 (A) PC,MP20005193
MP20005202 - 460 (A) PC,MP20005202
MP20005301 - 460 (A) PC,MP20005301
MP20005395 - 460 (A) PC,MP20005395
MP20005643 - 460 (A) PC,MP20005643
MP20005645 - 460 (A) PC,MP20005645
MP20005664 - 460 (A) PC,MP20005664
MP20005756 - 460 (A) PC,MP20005756
MP20005767 - 460 (A) PC,MP20005767
MP20005797 - 460 (A) PC,MP20005797
MP20005900 - 460 (A) PC,MP20005900
MP20006025 - 460 (A) PC,MP20006025
MP20006222 - 460 (A) PC,MP20006222
MP20006278 - 460 (A) PC,MP20006278
MP20006291 - 460 (A) PC,MP20006291
MP20006577 - 460 (A) PC,MP20006577
MP20006662 - 460 (A) PC,MP20006662
MP20006677 - 460 (A) PC,MP20006677
MP20006744 - 460 (A) PC,MP20006744
MP20006803 - 460 (A) PC,MP20006803
MP20006833 - 460 (A) PC,MP20006833
MP20006955 - 460 (A) PC,MP20006955
MP20006957 - 460 (A) PC,MP20006957
MP20006968 - 460 (A) PC,MP20006968
MP20006970 - 460 (A) PC,MP20006970
MP20006972 - 460 (A) PC,MP20006972
MP20006973 - 460 (A) PC,MP20006973
MP20007119 - 460 (A) PC,MP20007119
MP20007229 - 460 (A) PC,MP20007229
MP20007301 - 460 (A) PC,MP20007301
MP20007334 - 460 (A) PC,MP20007334
MP20007349 - 460 (A) PC,MP20007349
MP20007606 - 460 (A) PC,MP20007606
MP20007643 - 460 (A) PC,MP20007643
MP20007818 - 460 (A) PC,MP20007818
MP20007974 - 460 (A) PC,MP20007974
MP20008094 - 460 (A) PC,MP20008094
MP20008110 - 460 (A) PC,MP20008110
MP20008306 - 460 (A) PC,MP20008306
MP20008528 - 460 (A) PC,MP20008528
MP20008692 - 460 (A) PC,MP20008692
MP20008822 - 460 (A) PC,MP20008822
MP20008855 - 460 (A) PC,MP20008855
MP20008923 - 460 (A) PC,MP20008923
MP20008931 - 460 (A) PC,MP20008931
MP20008983 - 460 (A) PC,MP20008983
MP20009044 - 460 (A) PC,MP20009044
MP20009131 - 460 (A) PC,MP20009131
MP20009163 - 460 (A) PC,MP20009163
MP20009238 - 460 (A) PC,MP20009238
MP20009324 - 460 (A) PC,MP20009324
MP20009389 - 460 (A) PC,MP20009389
MP20009496 - 460 (A) PC,MP20009496
MP20009539 - 460 (A) PC,MP20009539
MP20009751 - 460 (A) PC,MP20009751
MP20009997 - 460 (A) PC,MP20009997
MP20010143 - 460 (A) PC,MP20010143
MP20010157 - 460 (A) PC,MP20010157
MP20010195 - 460 (A) PC,MP20010195
MP20010209 - 460 (A) PC,MP20010209
MP20010261 - 460 (A) PC,MP20010261
MP20010279 - 460 (A) PC,MP20010279
MP20010351 - 460 (A) PC,MP20010351
MP20010609 - 460 (A) PC,MP20010609
MP20011039 - 460 (A) PC,MP20011039
MP20011041 - 460 (A) PC,MP20011041
MP20011092 - 460 (A) PC,MP20011092
MP20011093 - 460 (A) PC,MP20011093
MP20011095 - 460 (A) PC,MP20011095
MP20011245 - 460 (A) PC,MP20011245
MP20011270 - 460 (A) PC,MP20011270
MP20011287 - 460 (A) PC,MP20011287
MP20011321 - 460 (A) PC,MP20011321
MP20011324 - 460 (A) PC,MP20011324
MP20011411 - 460 (A) PC,MP20011411
MP20011548 - 460 (A) PC,MP20011548
MP20011575 - 460 (A) PC,MP20011575
MP20011860 - 460 (A) PC,MP20011860
MP20011864 - 460 (A) PC,MP20011864
MP20011896 - 460 (A) PC,MP20011896
MP20012003 - 460 (A) PC,MP20012003
MP20000035 - 460 (B) PC,MP20000035
MP20000044 - 460 (B) PC,MP20000044
MP20000101 - 460 (B) PC,MP20000101
MP20000164 - 460 (B) PC,MP20000164
MP20000182 - 460 (B) PC,MP20000182
MP20000205 - 460 (B) PC,MP20000205
MP20000254 - 460 (B) PC,MP20000254
MP20000364 - 460 (B) PC,MP20000364
MP20000365 - 460 (B) PC,MP20000365
MP20000402 - 460 (B) PC,MP20000402
MP20000458 - 460 (B) PC,MP20000458
MP20000462 - 460 (B) PC,MP20000462
MP20000469 - 460 (B) PC,MP20000469
MP20000499 - 460 (B) PC,MP20000499
MP20000767 - 460 (B) PC,MP20000767
MP20000809 - 460 (B) PC,MP20000809
MP20000839 - 460 (B) PC,MP20000839
MP20000929 - 460 (B) PC,MP20000929
MP20000986 - 460 (B) PC,MP20000986
MP20001022 - 460 (B) PC,MP20001022
MP20001109 - 460 (B) PC,MP20001109
MP20001115 - 460 (B) PC,MP20001115
MP20001125 - 460 (B) PC,MP20001125
MP20001126 - 460 (B) PC,MP20001126
MP20001188 - 460 (B) PC,MP20001188
MP20001191 - 460 (B) PC,MP20001191
MP20001282 - 460 (B) PC,MP20001282
MP20001300 - 460 (B) PC,MP20001300
MP20001346 - 460 (B) PC,MP20001346
MP20001374 - 460 (B) PC,MP20001374
MP20001566 - 460 (B) PC,MP20001566
MP20001648 - 460 (B) PC,MP20001648
MP20001730 - 460 (B) PC,MP20001730
MP20001737 - 460 (B) PC,MP20001737
MP20001759 - 460 (B) PC,MP20001759
MP20001761 - 460 (B) PC,MP20001761
MP20001808 - 460 (B) PC,MP20001808
MP20001820 - 460 (B) PC,MP20001820
MP20001826 - 460 (B) PC,MP20001826
MP20001827 - 460 (B) PC,MP20001827
MP20001834 - 460 (B) PC,MP20001834
MP20001927 - 460 (B) PC,MP20001927
MP20002155 - 460 (B) PC,MP20002155
MP20002166 - 460 (B) PC,MP20002166
MP20002406 - 460 (B) PC,MP20002406
MP20002518 - 460 (B) PC,MP20002518
MP20002526 - 460 (B) PC,MP20002526
MP20002784 - 460 (B) PC,MP20002784
MP20002797 - 460 (B) PC,MP20002797
MP20002811 - 460 (B) PC,MP20002811
MP20002850 - 460 (B) PC,MP20002850
MP20002858 - 460 (B) PC,MP20002858
MP20002861 - 460 (B) PC,MP20002861
MP20003228 - 460 (B) PC,MP20003228
MP20003286 - 460 (B) PC,MP20003286
MP20003386 - 460 (B) PC,MP20003386
MP20003414 - 460 (B) PC,MP20003414
MP20003427 - 460 (B) PC,MP20003427
MP20003445 - 460 (B) PC,MP20003445
MP20003558 - 460 (B) PC,MP20003558
MP20003687 - 460 (B) PC,MP20003687
MP20004027 - 460 (B) PC,MP20004027
MP20004050 - 460 (B) PC,MP20004050
MP20004370 - 460 (B) PC,MP20004370
MP20004563 - 460 (B) PC,MP20004563
MP20004613 - 460 (B) PC,MP20004613
MP20004620 - 460 (B) PC,MP20004620
MP20004676 - 460 (B) PC,MP20004676
MP20004815 - 460 (B) PC,MP20004815
MP20004823 - 460 (B) PC,MP20004823
MP20004863 - 460 (B) PC,MP20004863
MP20004880 - 460 (B) PC,MP20004880
MP20005049 - 460 (B) PC,MP20005049
MP20005051 - 460 (B) PC,MP20005051
MP20005234 - 460 (B) PC,MP20005234
MP20005464 - 460 (B) PC,MP20005464
MP20005567 - 460 (B) PC,MP20005567
MP20005577 - 460 (B) PC,MP20005577
MP20005667 - 460 (B) PC,MP20005667
MP20005810 - 460 (B) PC,MP20005810
MP20005935 - 460 (B) PC,MP20005935
MP20005953 - 460 (B) PC,MP20005953
MP20006054 - 460 (B) PC,MP20006054
MP20006083 - 460 (B) PC,MP20006083
MP20006180 - 460 (B) PC,MP20006180
MP20006872 - 460 (B) PC,MP20006872
MP20007013 - 460 (B) PC,MP20007013
MP20007016 - 460 (B) PC,MP20007016
MP20007151 - 460 (B) PC,MP20007151
MP20007163 - 460 (B) PC,MP20007163
MP20007203 - 460 (B) PC,MP20007203
MP20007506 - 460 (B) PC,MP20007506
MP20007682 - 460 (B) PC,MP20007682
MP20007712 - 460 (B) PC,MP20007712
MP20007714 - 460 (B) PC,MP20007714
MP20007773 - 460 (B) PC,MP20007773
MP20007788 - 460 (B) PC,MP20007788
MP20007907 - 460 (B) PC,MP20007907
MP20008108 - 460 (B) PC,MP20008108
MP20008111 - 460 (B) PC,MP20008111
MP20008147 - 460 (B) PC,MP20008147
MP20008184 - 460 (B) PC,MP20008184
MP20008185 - 460 (B) PC,MP20008185
MP20008294 - 460 (B) PC,MP20008294
MP20008393 - 460 (B) PC,MP20008393
MP20008398 - 460 (B) PC,MP20008398
MP20008400 - 460 (B) PC,MP20008400
MP20008404 - 460 (B) PC,MP20008404
MP20008449 - 460 (B) PC,MP20008449
MP20008601 - 460 (B) PC,MP20008601
MP20008606 - 460 (B) PC,MP20008606
MP20008608 - 460 (B) PC,MP20008608
MP20008637 - 460 (B) PC,MP20008637
MP20008643 - 460 (B) PC,MP20008643
MP20008733 - 460 (B) PC,MP20008733
MP20008750 - 460 (B) PC,MP20008750
MP20008763 - 460 (B) PC,MP20008763
MP20008855 - 460 (B) PC,MP20008855
MP20008897 - 460 (B) PC,MP20008897
MP20009079 - 460 (B) PC,MP20009079
MP20009080 - 460 (B) PC,MP20009080
MP20009149 - 460 (B) PC,MP20009149
MP20009155 - 460 (B) PC,MP20009155
MP20009339 - 460 (B) PC,MP20009339
MP20009360 - 460 (B) PC,MP20009360
MP20009371 - 460 (B) PC,MP20009371
MP20009425 - 460 (B) PC,MP20009425
MP20009525 - 460 (B) PC,MP20009525
MP20009586 - 460 (B) PC,MP20009586
MP20009597 - 460 (B) PC,MP20009597
MP20009630 - 460 (B) PC,MP20009630
MP20009645 - 460 (B) PC,MP20009645
MP20009665 - 460 (B) PC,MP20009665
MP20009746 - 460 (B) PC,MP20009746
MP20009865 - 460 (B) PC,MP20009865
MP20009866 - 460 (B) PC,MP20009866
MP20009868 - 460 (B) PC,MP20009868
MP20009927 - 460 (B) PC,MP20009927
MP20010009 - 460 (B) PC,MP20010009
MP20010094 - 460 (B) PC,MP20010094
MP20010201 - 460 (B) PC,MP20010201
MP20010344 - 460 (B) PC,MP20010344
MP20010370 - 460 (B) PC,MP20010370
MP20010407 - 460 (B) PC,MP20010407
MP20010616 - 460 (B) PC,MP20010616
MP20010789 - 460 (B) PC,MP20010789
MP20010825 - 460 (B) PC,MP20010825
MP20010827 - 460 (B) PC,MP20010827
MP20010923 - 460 (B) PC,MP20010923
MP20010933 - 460 (B) PC,MP20010933
MP20010934 - 460 (B) PC,MP20010934
MP20010990 - 460 (B) PC,MP20010990
MP20010996 - 460 (B) PC,MP20010996
MP20011016 - 460 (B) PC,MP20011016
MP20011094 - 460 (B) PC,MP20011094
MP20011099 - 460 (B) PC,MP20011099
MP20011144 - 460 (B) PC,MP20011144
MP20011180 - 460 (B) PC,MP20011180
MP20011202 - 460 (B) PC,MP20011202
MP20011393 - 460 (B) PC,MP20011393
MP20011528 - 460 (B) PC,MP20011528
MP20011565 - 460 (B) PC,MP20011565
MP20011646 - 460 (B) PC,MP20011646
MP20011709 - 460 (B) PC,MP20011709
MP20011868 - 460 (B) PC,MP20011868
MP20011941 - 460 (B) PC,MP20011941
MP20012086 - 460 (B) PC,MP20012086
MP20000010 - 460(B) PC,MP20000010
MP20000015 - 460(B) PC,MP20000015
MP20000030 - 460(B) PC,MP20000030
MP20000045 - 460(B) PC,MP20000045
MP20000057 - 460(B) PC,MP20000057
MP20000058 - 460(B) PC,MP20000058
MP20000086 - 460(B) PC,MP20000086
MP20000270 - 460(B) PC,MP20000270
MP20000299 - 460(B) PC,MP20000299
MP20000315 - 460(B) PC,MP20000315
MP20000374 - 460(B) PC,MP20000374
MP20000431 - 460(B) PC,MP20000431
MP20000444 - 460(B) PC,MP20000444
MP20000455 - 460(B) PC,MP20000455
MP20000509 - 460(B) PC,MP20000509
MP20000526 - 460(B) PC,MP20000526
MP20000562 - 460(B) PC,MP20000562
MP20000564 - 460(B) PC,MP20000564
MP20000685 - 460(B) PC,MP20000685
MP20000697 - 460(B) PC,MP20000697
MP20000840 - 460(B) PC,MP20000840
MP20001024 - 460(B) PC,MP20001024
MP20001054 - 460(B) PC,MP20001054
MP20001127 - 460(B) PC,MP20001127
MP20001135 - 460(B) PC,MP20001135
MP20001155 - 460(B) PC,MP20001155
MP20001312 - 460(B) PC,MP20001312
MP20001330 - 460(B) PC,MP20001330
MP20001620 - 460(B) PC,MP20001620
MP20001640 - 460(B) PC,MP20001640
MP20001654 - 460(B) PC,MP20001654
MP20001657 - 460(B) PC,MP20001657
MP20001680 - 460(B) PC,MP20001680
MP20001729 - 460(B) PC,MP20001729
MP20001777 - 460(B) PC,MP20001777
MP20001930 - 460(B) PC,MP20001930
MP20001949 - 460(B) PC,MP20001949
MP20002023 - 460(B) PC,MP20002023
MP20002053 - 460(B) PC,MP20002053
MP20002056 - 460(B) PC,MP20002056
MP20002060 - 460(B) PC,MP20002060
MP20002072 - 460(B) PC,MP20002072
MP20002079 - 460(B) PC,MP20002079
MP20002110 - 460(B) PC,MP20002110
MP20002190 - 460(B) PC,MP20002190
MP20002230 - 460(B) PC,MP20002230
MP20002299 - 460(B) PC,MP20002299
MP20002349 - 460(B) PC,MP20002349
MP20002401 - 460(B) PC,MP20002401
MP20002420 - 460(B) PC,MP20002420
MP20002440 - 460(B) PC,MP20002440
MP20002484 - 460(B) PC,MP20002484
MP20002487 - 460(B) PC,MP20002487
MP20002494 - 460(B) PC,MP20002494
MP20002555 - 460(B) PC,MP20002555
MP20002556 - 460(B) PC,MP20002556
MP20002597 - 460(B) PC,MP20002597
MP20002613 - 460(B) PC,MP20002613
MP20002636 - 460(B) PC,MP20002636
MP20002736 - 460(B) PC,MP20002736
MP20002882 - 460(B) PC,MP20002882
MP20002903 - 460(B) PC,MP20002903
MP20003028 - 460(B) PC,MP20003028
MP20003033 - 460(B) PC,MP20003033
MP20003048 - 460(B) PC,MP20003048
MP20003086 - 460(B) PC,MP20003086
MP20003303 - 460(B) PC,MP20003303
MP20003360 - 460(B) PC,MP20003360
MP20003435 - 460(B) PC,MP20003435
MP20003531 - 460(B) PC,MP20003531
MP20003614 - 460(B) PC,MP20003614
MP20003820 - 460(B) PC,MP20003820
MP20003913 - 460(B) PC,MP20003913
MP20004057 - 460(B) PC,MP20004057
MP20004148 - 460(B) PC,MP20004148
MP20004237 - 460(B) PC,MP20004237
MP20004380 - 460(B) PC,MP20004380
MP20004426 - 460(B) PC,MP20004426
MP20004471 - 460(B) PC,MP20004471
MP20004487 - 460(B) PC,MP20004487
MP20004516 - 460(B) PC,MP20004516
MP20004535 - 460(B) PC,MP20004535
MP20004601 - 460(B) PC,MP20004601
MP20004602 - 460(B) PC,MP20004602
MP20004605 - 460(B) PC,MP20004605
MP20004606 - 460(B) PC,MP20004606
MP20004608 - 460(B) PC,MP20004608
MP20004610 - 460(B) PC,MP20004610
MP20004611 - 460(B) PC,MP20004611
MP20004703 - 460(B) PC,MP20004703
MP20004798 - 460(B) PC,MP20004798
MP20004862 - 460(B) PC,MP20004862
MP20004888 - 460(B) PC,MP20004888
MP20004921 - 460(B) PC,MP20004921
MP20005014 - 460(B) PC,MP20005014
MP20005080 - 460(B) PC,MP20005080
MP20005084 - 460(B) PC,MP20005084
MP20005181 - 460(B) PC,MP20005181
MP20005250 - 460(B) PC,MP20005250
MP20005343 - 460(B) PC,MP20005343
MP20005344 - 460(B) PC,MP20005344
MP20005346 - 460(B) PC,MP20005346
MP20005353 - 460(B) PC,MP20005353
MP20005359 - 460(B) PC,MP20005359
MP20005365 - 460(B) PC,MP20005365
MP20005373 - 460(B) PC,MP20005373
MP20005392 - 460(B) PC,MP20005392
MP20005507 - 460(B) PC,MP20005507
MP20005508 - 460(B) PC,MP20005508
MP20005534 - 460(B) PC,MP20005534
MP20005578 - 460(B) PC,MP20005578
MP20005650 - 460(B) PC,MP20005650
MP20005812 - 460(B) PC,MP20005812
MP20005830 - 460(B) PC,MP20005830
MP20005881 - 460(B) PC,MP20005881
MP20005934 - 460(B) PC,MP20005934
MP20005939 - 460(B) PC,MP20005939
MP20005951 - 460(B) PC,MP20005951
MP20005986 - 460(B) PC,MP20005986
MP20006056 - 460(B) PC,MP20006056
MP20006136 - 460(B) PC,MP20006136
MP20006282 - 460(B) PC,MP20006282
MP20006290 - 460(B) PC,MP20006290
MP20006330 - 460(B) PC,MP20006330
MP20006350 - 460(B) PC,MP20006350
MP20006387 - 460(B) PC,MP20006387
MP20006459 - 460(B) PC,MP20006459
MP20006477 - 460(B) PC,MP20006477
MP20006696 - 460(B) PC,MP20006696
MP20006702 - 460(B) PC,MP20006702
MP20006707 - 460(B) PC,MP20006707
MP20006861 - 460(B) PC,MP20006861
MP20006873 - 460(B) PC,MP20006873
MP20007000 - 460(B) PC,MP20007000
MP20007007 - 460(B) PC,MP20007007
MP20007008 - 460(B) PC,MP20007008
MP20007033 - 460(B) PC,MP20007033
MP20007085 - 460(B) PC,MP20007085
MP20007140 - 460(B) PC,MP20007140
MP20007141 - 460(B) PC,MP20007141
MP20007142 - 460(B) PC,MP20007142
MP20007144 - 460(B) PC,MP20007144
MP20007145 - 460(B) PC,MP20007145
MP20007150 - 460(B) PC,MP20007150
MP20007355 - 460(B) PC,MP20007355
MP20007430 - 460(B) PC,MP20007430
MP20007504 - 460(B) PC,MP20007504
MP20007525 - 460(B) PC,MP20007525
MP20007725 - 460(B) PC,MP20007725
MP20007728 - 460(B) PC,MP20007728
MP20007793 - 460(B) PC,MP20007793
MP20007796 - 460(B) PC,MP20007796
MP20007924 - 460(B) PC,MP20007924
MP20008009 - 460(B) PC,MP20008009
MP20008018 - 460(B) PC,MP20008018
MP20008025 - 460(B) PC,MP20008025
MP20008039 - 460(B) PC,MP20008039
MP20008062 - 460(B) PC,MP20008062
MP20008181 - 460(B) PC,MP20008181
MP20008190 - 460(B) PC,MP20008190
MP20008261 - 460(B) PC,MP20008261
MP20008281 - 460(B) PC,MP20008281
MP20008292 - 460(B) PC,MP20008292
MP20008306 - 460(B) PC,MP20008306
MP20008314 - 460(B) PC,MP20008314
MP20008340 - 460(B) PC,MP20008340
MP20008352 - 460(B) PC,MP20008352
MP20008354 - 460(B) PC,MP20008354
MP20008455 - 460(B) PC,MP20008455
MP20008462 - 460(B) PC,MP20008462
MP20008465 - 460(B) PC,MP20008465
MP20008479 - 460(B) PC,MP20008479
MP20008540 - 460(B) PC,MP20008540
MP20008560 - 460(B) PC,MP20008560
MP20008576 - 460(B) PC,MP20008576
MP20008650 - 460(B) PC,MP20008650
MP20008677 - 460(B) PC,MP20008677
MP20008709 - 460(B) PC,MP20008709
MP20008764 - 460(B) PC,MP20008764
MP20008775 - 460(B) PC,MP20008775
MP20008881 - 460(B) PC,MP20008881
MP20008928 - 460(B) PC,MP20008928
MP20008948 - 460(B) PC,MP20008948
MP20008962 - 460(B) PC,MP20008962
MP20008965 - 460(B) PC,MP20008965
MP20009098 - 460(B) PC,MP20009098
MP20009125 - 460(B) PC,MP20009125
MP20009140 - 460(B) PC,MP20009140
MP20009141 - 460(B) PC,MP20009141
MP20009142 - 460(B) PC,MP20009142
MP20009163 - 460(B) PC,MP20009163
MP20009183 - 460(B) PC,MP20009183
MP20009240 - 460(B) PC,MP20009240
MP20009246 - 460(B) PC,MP20009246
MP20009334 - 460(B) PC,MP20009334
MP20009340 - 460(B) PC,MP20009340
MP20009428 - 460(B) PC,MP20009428
MP20009435 - 460(B) PC,MP20009435
MP20009598 - 460(B) PC,MP20009598
MP20009615 - 460(B) PC,MP20009615
MP20009623 - 460(B) PC,MP20009623
MP20009729 - 460(B) PC,MP20009729
MP20009748 - 460(B) PC,MP20009748
MP20009941 - 460(B) PC,MP20009941
MP20010029 - 460(B) PC,MP20010029
MP20010153 - 460(B) PC,MP20010153
MP20010213 - 460(B) PC,MP20010213
MP20010249 - 460(B) PC,MP20010249
MP20010475 - 460(B) PC,MP20010475
MP20010501 - 460(B) PC,MP20010501
MP20010609 - 460(B) PC,MP20010609
MP20010726 - 460(B) PC,MP20010726
MP20010727 - 460(B) PC,MP20010727
MP20010729 - 460(B) PC,MP20010729
MP20010730 - 460(B) PC,MP20010730
MP20010731 - 460(B) PC,MP20010731
MP20010732 - 460(B) PC,MP20010732
MP20010849 - 460(B) PC,MP20010849
MP20010932 - 460(B) PC,MP20010932
MP20010981 - 460(B) PC,MP20010981
MP20011004 - 460(B) PC,MP20011004
MP20011005 - 460(B) PC,MP20011005
MP20011124 - 460(B) PC,MP20011124
MP20011137 - 460(B) PC,MP20011137
MP20011292 - 460(B) PC,MP20011292
MP20011423 - 460(B) PC,MP20011423
MP20011431 - 460(B) PC,MP20011431
MP20011437 - 460(B) PC,MP20011437
MP20011455 - 460(B) PC,MP20011455
MP20011459 - 460(B) PC,MP20011459
MP20011498 - 460(B) PC,MP20011498
MP20011643 - 460(B) PC,MP20011643
MP20011723 - 460(B) PC,MP20011723
MP20011752 - 460(B) PC,MP20011752
MP20011922 - 460(B) PC,MP20011922
MP20011937 - 460(B) PC,MP20011937
MP20012041 - 460(B) PC,MP20012041
MP20012046 - 460(B) PC,MP20012046
MP20012049 - 460(B) PC,MP20012049
MP20012083 - 460(B) PC,MP20012083
MP20800071 - 460(B) PC,MP20800071
MP20800078 - 460(B) PC,MP20800078
MP20800079 - 460(B) PC,MP20800079
MP20800125 - 460(B) PC,MP20800125
MP20800126 - 460(B) PC,MP20800126
MP20800153 - 460(B) PC,MP20800153
MP20800156 - 460(B) PC,MP20800156
MP20800157 - 460(B) PC,MP20800157
MP20800186 - 460(B) PC,MP20800186
MP20800196 - 460(B) PC,MP20800196
MP20800199 - 460(B) PC,MP20800199
MP20800202 - 460(B) PC,MP20800202
MP20800205 - 460(B) PC,MP20800205
MP20800206 - 460(B) PC,MP20800206
MP20800207 - 460(B) PC,MP20800207
MP20800208 - 460(B) PC,MP20800208
MP20800220 - 460(B) PC,MP20800220
MP20800221 - 460(B) PC,MP20800221
MP20800224 - 460(B) PC,MP20800224
MP20800229 - 460(B) PC,MP20800229
MP20800256 - 460(B) PC,MP20800256
MP20800257 - 460(B) PC,MP20800257
MP20800258 - 460(B) PC,MP20800258
MP20800263 - 460(B) PC,MP20800263
MP20800266 - 460(B) PC,MP20800266
MP20800319 - 460(B) PC,MP20800319
MP20800323 - 460(B) PC,MP20800323
MP20800331 - 460(B) PC,MP20800331
MP20800341 - 460(B) PC,MP20800341
MP20800361 - 460(B) PC,MP20800361
MP20800383 - 460(B) PC,MP20800383
MP20800418 - 460(B) PC,MP20800418
MP20800419 - 460(B) PC,MP20800419
MP20800445 - 460(B) PC,MP20800445
MP20800451 - 460(B) PC,MP20800451
MP20800465 - 460(B) PC,MP20800465
MP20800467 - 460(B) PC,MP20800467
MP20800468 - 460(B) PC,MP20800468
MP20800495 - 460(B) PC,MP20800495
MP20800498 - 460(B) PC,MP20800498
MP20800524 - 460(B) PC,MP20800524
MP20800535 - 460(B) PC,MP20800535
MP20800536 - 460(B) PC,MP20800536
MP20800538 - 460(B) PC,MP20800538
MP20800564 - 460(B) PC,MP20800564
MP20800569 - 460(B) PC,MP20800569
MP20800571 - 460(B) PC,MP20800571
MP20800575 - 460(B) PC,MP20800575
MP20800577 - 460(B) PC,MP20800577
MP20800585 - 460(B) PC,MP20800585
MP20800594 - 460(B) PC,MP20800594
MP20800648 - 460(B) PC,MP20800648
MP20800649 - 460(B) PC,MP20800649
MP20800654 - 460(B) PC,MP20800654
MP20800661 - 460(B) PC,MP20800661
MP20800662 - 460(B) PC,MP20800662
MP20800666 - 460(B) PC,MP20800666
MP20800679 - 460(B) PC,MP20800679
MP20800701 - 460(B) PC,MP20800701
MP20800705 - 460(B) PC,MP20800705
MP20800707 - 460(B) PC,MP20800707
MP20800709 - 460(B) PC,MP20800709
MP20800710 - 460(B) PC,MP20800710
MP20800712 - 460(B) PC,MP20800712
MP20800713 - 460(B) PC,MP20800713
MP20800721 - 460(B) PC,MP20800721
MP20800724 - 460(B) PC,MP20800724
MP20800730 - 460(B) PC,MP20800730
MP20800734 - 460(B) PC,MP20800734
MP20800744 - 460(B) PC,MP20800744
MP20800748 - 460(B) PC,MP20800748
MP20800749 - 460(B) PC,MP20800749
MP20800772 - 460(B) PC,MP20800772
MP20800776 - 460(B) PC,MP20800776
MP20800791 - 460(B) PC,MP20800791
MP20800793 - 460(B) PC,MP20800793
MP20800799 - 460(B) PC,MP20800799
MP20800807 - 460(B) PC,MP20800807
MP20800811 - 460(B) PC,MP20800811
MP20800813 - 460(B) PC,MP20800813
MP20800814 - 460(B) PC,MP20800814
MP20800816 - 460(B) PC,MP20800816
MP20800832 - 460(B) PC,MP20800832
MP20800836 - 460(B) PC,MP20800836
MP20800845 - 460(B) PC,MP20800845
MP20800849 - 460(B) PC,MP20800849
MP20800864 - 460(B) PC,MP20800864
MP20800866 - 460(B) PC,MP20800866
MP20800884 - 460(B) PC,MP20800884
MP20800918 - 460(B) PC,MP20800918
MP20800930 - 460(B) PC,MP20800930
MP20800951 - 460(B) PC,MP20800951
MP20800982 - 460(B) PC,MP20800982
MP20801012 - 460(B) PC,MP20801012
MP20801017 - 460(B) PC,MP20801017
MP20801022 - 460(B) PC,MP20801022
MP20801026 - 460(B) PC,MP20801026
MP20801031 - 460(B) PC,MP20801031
MP20801039 - 460(B) PC,MP20801039
MP20801043 - 460(B) PC,MP20801043
MP20801044 - 460(B) PC,MP20801044
MP20801052 - 460(B) PC,MP20801052
MP20801053 - 460(B) PC,MP20801053
MP20009098 - 463 (A) PC,MP20009098
MP20009155 - 463 (A) PC,MP20009155
MP20010825 - 463 (A) PC,MP20010825
MP20011180 - 463 (A) PC,MP20011180
MP20009098 - 463 (B) PC,MP20009098
MP20011010 - 463 (B) PC,MP20011010
MP20009230 - 463 (C) PC,MP20009230
MP20000548 - 484 (A) PC,MP20000548
MP20000691 - 484 (A) PC,MP20000691
MP20002012 - 484 (A) PC,MP20002012
MP20002427 - 484 (A) PC,MP20002427
MP20003400 - 484 (A) PC,MP20003400
MP20003654 - 484 (A) PC,MP20003654
MP20003907 - 484 (A) PC,MP20003907
MP20003910 - 484 (A) PC,MP20003910
MP20003912 - 484 (A) PC,MP20003912
MP20006132 - 484 (A) PC,MP20006132
MP20006233 - 484 (A) PC,MP20006233
MP20010209 - 484 (A) PC,MP20010209
MP20010545 - 484 (A) PC,MP20010545
MP20000099 - 487 (A) PC,MP20000099
MP20000138 - 487 (A) PC,MP20000138
MP20000200 - 487 (A) PC,MP20000200
MP20000481 - 487 (A) PC,MP20000481
MP20000485 - 487 (A) PC,MP20000485
MP20000567 - 487 (A) PC,MP20000567
MP20000629 - 487 (A) PC,MP20000629
MP20001072 - 487 (A) PC,MP20001072
MP20001231 - 487 (A) PC,MP20001231
MP20001284 - 487 (A) PC,MP20001284
MP20001378 - 487 (A) PC,MP20001378
MP20001746 - 487 (A) PC,MP20001746
MP20002402 - 487 (A) PC,MP20002402
MP20002561 - 487 (A) PC,MP20002561
MP20002693 - 487 (A) PC,MP20002693
MP20003135 - 487 (A) PC,MP20003135
MP20003329 - 487 (A) PC,MP20003329
MP20003532 - 487 (A) PC,MP20003532
MP20003533 - 487 (A) PC,MP20003533
MP20003572 - 487 (A) PC,MP20003572
MP20003837 - 487 (A) PC,MP20003837
MP20003876 - 487 (A) PC,MP20003876
MP20003896 - 487 (A) PC,MP20003896
MP20003935 - 487 (A) PC,MP20003935
MP20003969 - 487 (A) PC,MP20003969
MP20004263 - 487 (A) PC,MP20004263
MP20004304 - 487 (A) PC,MP20004304
MP20004331 - 487 (A) PC,MP20004331
MP20004405 - 487 (A) PC,MP20004405
MP20004440 - 487 (A) PC,MP20004440
MP20004835 - 487 (A) PC,MP20004835
MP20004923 - 487 (A) PC,MP20004923
MP20004947 - 487 (A) PC,MP20004947
MP20005032 - 487 (A) PC,MP20005032
MP20005120 - 487 (A) PC,MP20005120
MP20005358 - 487 (A) PC,MP20005358
MP20005698 - 487 (A) PC,MP20005698
MP20005914 - 487 (A) PC,MP20005914
MP20005927 - 487 (A) PC,MP20005927
MP20006388 - 487 (A) PC,MP20006388
MP20006556 - 487 (A) PC,MP20006556
MP20006627 - 487 (A) PC,MP20006627
MP20006628 - 487 (A) PC,MP20006628
MP20006751 - 487 (A) PC,MP20006751
MP20006849 - 487 (A) PC,MP20006849
MP20006858 - 487 (A) PC,MP20006858
MP20007072 - 487 (A) PC,MP20007072
MP20007149 - 487 (A) PC,MP20007149
MP20007362 - 487 (A) PC,MP20007362
MP20007479 - 487 (A) PC,MP20007479
MP20007963 - 487 (A) PC,MP20007963
MP20008107 - 487 (A) PC,MP20008107
MP20008206 - 487 (A) PC,MP20008206
MP20008335 - 487 (A) PC,MP20008335
MP20008373 - 487 (A) PC,MP20008373
MP20008408 - 487 (A) PC,MP20008408
MP20008463 - 487 (A) PC,MP20008463
MP20008521 - 487 (A) PC,MP20008521
MP20008996 - 487 (A) PC,MP20008996
MP20009241 - 487 (A) PC,MP20009241
MP20009354 - 487 (A) PC,MP20009354
MP20009452 - 487 (A) PC,MP20009452
MP20009911 - 487 (A) PC,MP20009911
MP20010049 - 487 (A) PC,MP20010049
MP20010108 - 487 (A) PC,MP20010108
MP20010408 - 487 (A) PC,MP20010408
MP20010416 - 487 (A) PC,MP20010416
MP20010450 - 487 (A) PC,MP20010450
MP20010619 - 487 (A) PC,MP20010619
MP20010737 - 487 (A) PC,MP20010737
MP20010774 - 487 (A) PC,MP20010774
MP20010855 - 487 (A) PC,MP20010855
MP20010919 - 487 (A) PC,MP20010919
MP20011006 - 487 (A) PC,MP20011006
MP20011010 - 487 (A) PC,MP20011010
MP20011034 - 487 (A) PC,MP20011034
MP20011069 - 487 (A) PC,MP20011069
MP20011166 - 487 (A) PC,MP20011166
MP20011181 - 487 (A) PC,MP20011181
MP20011205 - 487 (A) PC,MP20011205
MP20011206 - 487 (A) PC,MP20011206
MP20011252 - 487 (A) PC,MP20011252
MP20011325 - 487 (A) PC,MP20011325
MP20011743 - 487 (A) PC,MP20011743
MP20011886 - 487 (A) PC,MP20011886
MP20800011 - 487 (A) PC,MP20800011
MP20800052 - 487 (A) PC,MP20800052
MP20800108 - 487 (A) PC,MP20800108
MP20800109 - 487 (A) PC,MP20800109
MP20800145 - 487 (A) PC,MP20800145
MP20800198 - 487 (A) PC,MP20800198
MP20800233 - 487 (A) PC,MP20800233
MP20800239 - 487 (A) PC,MP20800239
MP20800335 - 487 (A) PC,MP20800335
MP20800337 - 487 (A) PC,MP20800337
MP20800363 - 487 (A) PC,MP20800363
MP20800395 - 487 (A) PC,MP20800395
MP20800417 - 487 (A) PC,MP20800417
MP20800433 - 487 (A) PC,MP20800433
MP20800436 - 487 (A) PC,MP20800436
MP20800447 - 487 (A) PC,MP20800447
MP20800448 - 487 (A) PC,MP20800448
MP20800464 - 487 (A) PC,MP20800464
MP20800678 - 487 (A) PC,MP20800678
MP20800696 - 487 (A) PC,MP20800696
MP20800703 - 487 (A) PC,MP20800703
MP20800704 - 487 (A) PC,MP20800704
MP20800719 - 487 (A) PC,MP20800719
MP20800756 - 487 (A) PC,MP20800756
MP20800919 - 487 (A) PC,MP20800919
MP20800920 - 487 (A) PC,MP20800920
MP20800957 - 487 (A) PC,MP20800957
MP20801046 - 487 (A) PC,MP20801046
MP20001782 - 487 (B)(3) PC,MP20001782
MP20007637 - 487 (C) PC,MP20007637
MP20008662 - 487 (D) PC,MP20008662
MP20011010 - 487 (D) PC,MP20011010
MP20001624 - 487 (D)(2) PC,MP20001624
MP20002437 - 487 (D)(2) PC,MP20002437
MP20003654 - 487 (D)(2) PC,MP20003654
MP20004845 - 487 (D)(2) PC,MP20004845
MP20000301 - 488 PC,MP20000301
MP20000530 - 488 PC,MP20000530
MP20000609 - 488 PC,MP20000609
MP20000755 - 488 PC,MP20000755
MP20000830 - 488 PC,MP20000830
MP20000870 - 488 PC,MP20000870
MP20001121 - 488 PC,MP20001121
MP20001130 - 488 PC,MP20001130
MP20001137 - 488 PC,MP20001137
MP20001385 - 488 PC,MP20001385
MP20001446 - 488 PC,MP20001446
MP20001463 - 488 PC,MP20001463
MP20001772 - 488 PC,MP20001772
MP20001878 - 488 PC,MP20001878
MP20001903 - 488 PC,MP20001903
MP20001946 - 488 PC,MP20001946
MP20002327 - 488 PC,MP20002327
MP20002598 - 488 PC,MP20002598
MP20002670 - 488 PC,MP20002670
MP20002742 - 488 PC,MP20002742
MP20002803 - 488 PC,MP20002803
MP20003141 - 488 PC,MP20003141
MP20003368 - 488 PC,MP20003368
MP20003402 - 488 PC,MP20003402
MP20003424 - 488 PC,MP20003424
MP20003447 - 488 PC,MP20003447
MP20003551 - 488 PC,MP20003551
MP20003915 - 488 PC,MP20003915
MP20003916 - 488 PC,MP20003916
MP20004053 - 488 PC,MP20004053
MP20004069 - 488 PC,MP20004069
MP20004140 - 488 PC,MP20004140
MP20004152 - 488 PC,MP20004152
MP20004208 - 488 PC,MP20004208
MP20004212 - 488 PC,MP20004212
MP20004240 - 488 PC,MP20004240
MP20004542 - 488 PC,MP20004542
MP20004881 - 488 PC,MP20004881
MP20004944 - 488 PC,MP20004944
MP20004949 - 488 PC,MP20004949
MP20005012 - 488 PC,MP20005012
MP20005160 - 488 PC,MP20005160
MP20005260 - 488 PC,MP20005260
MP20005261 - 488 PC,MP20005261
MP20005408 - 488 PC,MP20005408
MP20005419 - 488 PC,MP20005419
MP20005517 - 488 PC,MP20005517
MP20005612 - 488 PC,MP20005612
MP20005716 - 488 PC,MP20005716
MP20005785 - 488 PC,MP20005785
MP20005823 - 488 PC,MP20005823
MP20005990 - 488 PC,MP20005990
MP20006158 - 488 PC,MP20006158
MP20006202 - 488 PC,MP20006202
MP20006342 - 488 PC,MP20006342
MP20006383 - 488 PC,MP20006383
MP20006386 - 488 PC,MP20006386
MP20006410 - 488 PC,MP20006410
MP20006641 - 488 PC,MP20006641
MP20006705 - 488 PC,MP20006705
MP20006710 - 488 PC,MP20006710
MP20006734 - 488 PC,MP20006734
MP20006771 - 488 PC,MP20006771
MP20006781 - 488 PC,MP20006781
MP20006998 - 488 PC,MP20006998
MP20007006 - 488 PC,MP20007006
MP20007012 - 488 PC,MP20007012
MP20007094 - 488 PC,MP20007094
MP20007155 - 488 PC,MP20007155
MP20007244 - 488 PC,MP20007244
MP20007250 - 488 PC,MP20007250
MP20007304 - 488 PC,MP20007304
MP20007323 - 488 PC,MP20007323
MP20007428 - 488 PC,MP20007428
MP20007522 - 488 PC,MP20007522
MP20007831 - 488 PC,MP20007831
MP20008123 - 488 PC,MP20008123
MP20008186 - 488 PC,MP20008186
MP20008197 - 488 PC,MP20008197
MP20008332 - 488 PC,MP20008332
MP20008471 - 488 PC,MP20008471
MP20008615 - 488 PC,MP20008615
MP20008707 - 488 PC,MP20008707
MP20008766 - 488 PC,MP20008766
MP20008770 - 488 PC,MP20008770
MP20008782 - 488 PC,MP20008782
MP20008814 - 488 PC,MP20008814
MP20008836 - 488 PC,MP20008836
MP20008877 - 488 PC,MP20008877
MP20008884 - 488 PC,MP20008884
MP20008973 - 488 PC,MP20008973
MP20008986 - 488 PC,MP20008986
MP20008988 - 488 PC,MP20008988
MP20009335 - 488 PC,MP20009335
MP20009358 - 488 PC,MP20009358
MP20009424 - 488 PC,MP20009424
MP20009501 - 488 PC,MP20009501
MP20009623 - 488 PC,MP20009623
MP20009800 - 488 PC,MP20009800
MP20009913 - 488 PC,MP20009913
MP20010010 - 488 PC,MP20010010
MP20010012 - 488 PC,MP20010012
MP20010021 - 488 PC,MP20010021
MP20010032 - 488 PC,MP20010032
MP20010095 - 488 PC,MP20010095
MP20010151 - 488 PC,MP20010151
MP20010240 - 488 PC,MP20010240
MP20010285 - 488 PC,MP20010285
MP20010502 - 488 PC,MP20010502
MP20010523 - 488 PC,MP20010523
MP20010628 - 488 PC,MP20010628
MP20010758 - 488 PC,MP20010758
MP20010764 - 488 PC,MP20010764
MP20010785 - 488 PC,MP20010785
MP20010841 - 488 PC,MP20010841
MP20010850 - 488 PC,MP20010850
MP20010873 - 488 PC,MP20010873
MP20010878 - 488 PC,MP20010878
MP20010892 - 488 PC,MP20010892
MP20010910 - 488 PC,MP20010910
MP20011021 - 488 PC,MP20011021
MP20011096 - 488 PC,MP20011096
MP20011098 - 488 PC,MP20011098
MP20011149 - 488 PC,MP20011149
MP20011356 - 488 PC,MP20011356
MP20011361 - 488 PC,MP20011361
MP20011376 - 488 PC,MP20011376
MP20011422 - 488 PC,MP20011422
MP20011430 - 488 PC,MP20011430
MP20011440 - 488 PC,MP20011440
MP20011640 - 488 PC,MP20011640
MP20011667 - 488 PC,MP20011667
MP20011701 - 488 PC,MP20011701
MP20011788 - 488 PC,MP20011788
MP20011842 - 488 PC,MP20011842
MP20011860 - 488 PC,MP20011860
MP20011871 - 488 PC,MP20011871
MP20011874 - 488 PC,MP20011874
MP20011875 - 488 PC,MP20011875
MP20011904 - 488 PC,MP20011904
MP20012072 - 488 PC,MP20012072
MP20012115 - 488 PC,MP20012115
MP20800004 - 488 PC,MP20800004
MP20800007 - 488 PC,MP20800007
MP20800009 - 488 PC,MP20800009
MP20800046 - 488 PC,MP20800046
MP20800080 - 488 PC,MP20800080
MP20800106 - 488 PC,MP20800106
MP20800110 - 488 PC,MP20800110
MP20800123 - 488 PC,MP20800123
MP20800141 - 488 PC,MP20800141
MP20800148 - 488 PC,MP20800148
MP20800152 - 488 PC,MP20800152
MP20800185 - 488 PC,MP20800185
MP20800200 - 488 PC,MP20800200
MP20800203 - 488 PC,MP20800203
MP20800204 - 488 PC,MP20800204
MP20800214 - 488 PC,MP20800214
MP20800249 - 488 PC,MP20800249
MP20800267 - 488 PC,MP20800267
MP20800270 - 488 PC,MP20800270
MP20800294 - 488 PC,MP20800294
MP20800366 - 488 PC,MP20800366
MP20800370 - 488 PC,MP20800370
MP20800401 - 488 PC,MP20800401
MP20800403 - 488 PC,MP20800403
MP20800405 - 488 PC,MP20800405
MP20800423 - 488 PC,MP20800423
MP20800437 - 488 PC,MP20800437
MP20800442 - 488 PC,MP20800442
MP20800469 - 488 PC,MP20800469
MP20800497 - 488 PC,MP20800497
MP20800510 - 488 PC,MP20800510
MP20800530 - 488 PC,MP20800530
MP20800553 - 488 PC,MP20800553
MP20800588 - 488 PC,MP20800588
MP20800600 - 488 PC,MP20800600
MP20800674 - 488 PC,MP20800674
MP20800698 - 488 PC,MP20800698
MP20800726 - 488 PC,MP20800726
MP20800736 - 488 PC,MP20800736
MP20800739 - 488 PC,MP20800739
MP20800751 - 488 PC,MP20800751
MP20800764 - 488 PC,MP20800764
MP20800773 - 488 PC,MP20800773
MP20800775 - 488 PC,MP20800775
MP20800784 - 488 PC,MP20800784
MP20800786 - 488 PC,MP20800786
MP20800787 - 488 PC,MP20800787
MP20800825 - 488 PC,MP20800825
MP20800828 - 488 PC,MP20800828
MP20800831 - 488 PC,MP20800831
MP20800846 - 488 PC,MP20800846
MP20800865 - 488 PC,MP20800865
MP20800875 - 488 PC,MP20800875
MP20800882 - 488 PC,MP20800882
MP20800893 - 488 PC,MP20800893
MP20800902 - 488 PC,MP20800902
MP20800925 - 488 PC,MP20800925
MP20800932 - 488 PC,MP20800932
MP20800953 - 488 PC,MP20800953
MP20800964 - 488 PC,MP20800964
MP20800966 - 488 PC,MP20800966
MP20800996 - 488 PC,MP20800996
MP20801000 - 488 PC,MP20801000
MP20801002 - 488 PC,MP20801002
MP20801005 - 488 PC,MP20801005
MP20801008 - 488 PC,MP20801008
MP20801013 - 488 PC,MP20801013
MP20801019 - 488 PC,MP20801019
MP20801030 - 488 PC,MP20801030
MP20801035 - 488 PC,MP20801035
SP20009712 - 488 PC,SP20009712
MP20001401 - 664 /187 (A) PC,MP20001401
MP20003719 - 664 /187 (A) PC,MP20003719
MP20003973 - 664 /187 (A) PC,MP20003973
MP20006709 - 664 /187 (A) PC,MP20006709
MP20009178 - 664 /187 (A) PC,MP20009178
MP20010360 - 664 /187 (A) PC,MP20010360
MP20001063 - 664 /211 PC,MP20001063
MP20001549 - 664 /211 PC,MP20001549
MP20002532 - 664 /211 PC,MP20002532
MP20002783 - 664 /211 PC,MP20002783
MP20005773 - 664 /211 PC,MP20005773
MP20005894 - 664 /211 PC,MP20005894
MP20007481 - 664 /211 PC,MP20007481
MP20008678 - 664 /211 PC,MP20008678
MP20010756 - 664 /211 PC,MP20010756
MP20010905 - 664 /211 PC,MP20010905
MP20011785 - 664 /211 PC,MP20011785
MP20001529 - 664 /212.5 (A) PC,MP20001529
MP20005287 - 664 /261 PC,MP20005287
MP20000067 - 664 /460 (A) PC,MP20000067
MP20000339 - 664 /460 (A) PC,MP20000339
MP20002313 - 664 /460 (A) PC,MP20002313
MP20004003 - 664 /460 (A) PC,MP20004003
MP20006257 - 664 /460 (A) PC,MP20006257
MP20007000 - 664 /460 (A) PC,MP20007000
MP20010654 - 664 /460 (A) PC,MP20010654
MP20011976 - 664 /460 (A) PC,MP20011976
MP20000511 - 664 /460 (B) PC,MP20000511
MP20001971 - 664 /460 (B) PC,MP20001971
MP20002193 - 664 /460 (B) PC,MP20002193
MP20002375 - 664 /460 (B) PC,MP20002375
MP20002560 - 664 /460 (B) PC,MP20002560
MP20002563 - 664 /460 (B) PC,MP20002563
MP20004852 - 664 /460 (B) PC,MP20004852
MP20005070 - 664 /460 (B) PC,MP20005070
MP20005224 - 664 /460 (B) PC,MP20005224
MP20006654 - 664 /460 (B) PC,MP20006654
MP20007036 - 664 /460 (B) PC,MP20007036
MP20007505 - 664 /460 (B) PC,MP20007505
MP20007927 - 664 /460 (B) PC,MP20007927
MP20008007 - 664 /460 (B) PC,MP20008007
MP20008072 - 664 /460 (B) PC,MP20008072
MP20008517 - 664 /460 (B) PC,MP20008517
MP20008957 - 664 /460 (B) PC,MP20008957
MP20009094 - 664 /460 (B) PC,MP20009094
MP20010680 - 664 /460 (B) PC,MP20010680
MP20011015 - 664 /460 (B) PC,MP20011015
MP20011115 - 664 /460 (B) PC,MP20011115
MP20011642 - 664 /460 (B) PC,MP20011642
MP20011846 - 664 /460 (B) PC,MP20011846
MP20005842 - 664 /460 PC,MP20005842
