caseID,personID,Age,Sex
MP20010240,3877,16,MALE
MP20007353,2309,54,FEMALE
MP20010311,3570,23,MALE
MP20006201,4931,,
MP20009508,3986,23,MALE
MP20002614,2812,38,MALE
MP20002933,3663,21,FEMALE
MP20003893,3437,26,MALE
MP20009453,3833,17,FEMALE
MP20009496,3833,17,FEMALE
MP20005015,3724,20,MALE
MP20006593,2339,53,MALE
MP20007741,2632,43,MALE
MP20008984,3309,29,FEMALE
MP20006608,2677,41,MALE
MP20004879,3436,26,MALE
MP20002432,3854,17,FEMALE
MP20010078,3698,21,FEMALE
MP20004129,3755,20,MALE
MP20000965,3161,31,MALE
MP20006173,2720,40,MALE
MP20004985,3586,23,MALE
MP20000357,3374,27,FEMALE
MP20002884,2725,40,MALE
MP20010011,2930,35,MALE
MP20010360,2713,40,MALE
MP20002523,3179,30,FEMALE
MP20007924,3179,31,FEMALE
MP20008183,2529,46,MALE
MP20004205,3057,33,MALE
MP20001721,2726,40,MALE
MP20006282,2831,38,MALE
MP20005763,3817,18,MALE
MP19037447,3354,28,MALE
MP20000417,3081,32,FEMALE
MP20008159,3855,17,MALE
MP20006247,3595,23,MALE
MP20002246,3076,32,MALE
MP20002246,3077,32,MALE
MP20009418,3555,24,FEMALE
MP20005287,3745,20,MALE
MP20006314,3879,16,MALE
MP20006170,2939,35,MALE
MP20009829,3653,22,MALE
MP20000433,2098,68,MALE
MP20009110,3311,29,MALE
MP20007431,3795,19,MALE
MP20004312,4001,Unknown,MALE
MP20000001,3475,25,MALE
MP20008911,3230,30,MALE
MP20002541,3259,29,MALE
MP20007431,3418,27,MALE
MP20009532,2718,40,MALE
MP20005791,3735,20,MALE
MP20008501,3175,31,MALE
MP20009719,5451,45,MALE
MP20009719,5451,18,MALE
MP20005643,3707,21,MALE
MP20004312,4003,Unknown,FEMALE
MP20001529,3866,16,MALE
MP20006579,3797,19,FEMALE
MP20000690,3808,18,MALE
MP20007431,3777,19,MALE
MP20010050,3705,21,MALE
MP20008129,4007,30,MALE
MP20009778,3423,27,MALE
MP20004628,2724,40,MALE
MP20005358,2796,38,MALE
MP20002803,3315,28,MALE
MP20000042,2818,38,MALE
MP20007051,2787,38,MALE
MP20000649,3590,23,MALE
MP20000338,2881,36,MALE
MP20009646,3519,24,MALE
MP20009645,3398,27,MALE
MP20008581,3060,33,MALE
MP20004874,2914,36,MALE
MP20010177,3612,23,MALE
MP20010165,2381,51,MALE
MP20004456,2582,44,MALE
MP20009588,3137,31,MALE
MP20008648,3968,3,MALE
MP20001080,3821,18,MALE
MP20005623,2653,42,MALE
MP20006094,2653,42,MALE
MP20005528,3353,28,MALE
MP20002652,5453,30,MALE
MP20003228,3061,32,MALE
MP20001502,3801,18,MALE
MP20004047,2711,40,FEMALE
MP20004129,3792,19,FEMALE
MP20008471,3031,33,MALE
MP20009008,3483,25,MALE
MP20001212,3903,15,MALE
MP20001502,3798,18,FEMALE
MP20002700,3798,18,FEMALE
MP20007388,3058,33,MALE
MP20009496,3832,17,MALE
MP20000310,3150,31,FEMALE
MP20008968,2697,41,MALE
MP20008575,3640,22,MALE
MP20008500,3865,16,MALE
MP20009484,3865,16,MALE
MP20008243,2549,45,MALE
MP20009982,2432,49,MALE
MP20008840,3865,16,MALE
MP20006931,2987,34,MALE
MP20006430,3141,31,FEMALE
MP20007000,3706,21,MALE
MP20009637,3360,28,FEMALE
MP20004572,2052,72,FEMALE
MP20008857,3317,29,MALE
MP20009155,3289,29,MALE
MP20000691,3654,21,MALE
MP20001366,3654,22,MALE
MP20002401,3654,22,MALE
MP20008022,4019,29,FEMALE
MP20008954,2853,37,FEMALE
MP20007769,3337,28,MALE
MP20002811,2421,50,MALE
MP20002541,3172,31,MALE
MP19037568,3656,21,MALE
MP20003400,3835,17,MALE
MP20001183,2836,37,MALE
MP20010069,2834,38,FEMALE
MP20004791,3886,16,MALE
MP19037589,4020,Unknown,MALE
MP20002859,3085,32,MALE
MP20003217,2446,48,MALE
MP20005190,3525,24,MALE
MP20000303,3260,29,FEMALE
MP20010110,3547,24,MALE
MP20004989,3564,23,MALE
MP20002469,3272,29,MALE
MP20007999,3726,20,MALE
MP20007371,3435,26,MALE
MP20005640,2492,47,MALE
MP20003384,3925,13,FEMALE
MP20009149,3038,33,MALE
MP20000995,2325,53,MALE
MP20000640,3725,20,MALE
MP20006235,3355,28,FEMALE
MP20000205,2816,38,MALE
MP20003527,2717,40,MALE
MP20001045,2819,38,MALE
MP20005165,3573,23,FEMALE
MP20003973,3599,23,FEMALE
MP20000348,3333,28,FEMALE
MP20003126,3283,29,MALE
MP20003126,3381,27,FEMALE
MP20002437,3021,33,MALE
MP20001484,2308,54,FEMALE
MP20007744,2880,37,MALE
MP20005961,3089,32,MALE
MP20004596,3563,23,MALE
MP20007229,4029,30,MALE
MP20000986,2897,36,FEMALE
MP20003168,3108,32,MALE
MP20010148,2776,39,MALE
MP20008840,3921,14,MALE
MP20009484,3921,14,MALE
MP20000624,2745,39,MALE
MP20009646,3092,32,FEMALE
MP20010144,2705,40,MALE
MP20007705,3154,31,MALE
MP20007166,3430,26,MALE
MP20008585,3918,14,MALE
MP20008722,3221,30,MALE
MP20000356,2417,50,MALE
MP20007215,3105,32,FEMALE
MP20003097,2825,38,FEMALE
MP20007532,3284,29,MALE
MP20004206,2833,37,FEMALE
MP20001529,3793,19,MALE
MP20008585,3849,17,MALE
MP20001529,3007,33,MALE
MP20003234,3251,29,MALE
MP20003234,3252,29,MALE
MP20003267,3438,26,FEMALE
MP20005112,2915,36,MALE
MP20007740,2890,36,MALE
MP20002108,2858,37,MALE
MP20001212,3734,20,MALE
MP20009631,3104,32,MALE
MP20001296,3193,30,MALE
MP19037614,3113,31,MALE
MP20007896,5454,30,MALE
MP20007896,5454,26,MALE
MP20001624,2781,39,MALE
MP20004452,2314,54,FEMALE
MP20002136,3487,25,MALE
MP20004840,3133,31,MALE
MP20009894,3265,29,FEMALE
MP20007065,3263,29,MALE
MP19037499,2791,38,MALE
MP20010245,3267,29,MALE
MP20009665,3301,29,MALE
MP20000006,3512,24,MALE
MP20008159,3881,16,MALE
MP20007032,2804,37,MALE
MP20002879,3345,28,MALE
MP20002418,3186,31,MALE
MP20009484,3802,18,MALE
MP20006822,3391,27,MALE
MP20007605,3799,18,MALE
MP20002919,2364,52,MALE
MP20000795,3916,14,MALE
MP20002149,3481,25,FEMALE
MP20002496,3775,19,MALE
MP20008808,2900,36,MALE
MP20001826,3276,29,MALE
MP20002008,3530,24,MALE
MP20009453,4048,UNKNOWN,MALE
MP20010400,3554,24,MALE
MP20003943,2311,54,MALE
MP20007805,2311,54,MALE
MP20010209,2664,42,MALE
MP20001401,3732,20,MALE
MP20001049,2286,55,MALE
MP20001777,3116,32,MALE
MP20002193,3116,32,MALE
MP20002230,3116,32,MALE
MP20001081,3527,24,FEMALE
MP20000175,3177,30,MALE
MP20010391,3888,16,MALE
MP20004878,3461,25,MALE
MP20008292,3694,21,MALE
MP20000769,2507,46,MALE
MP20007821,3332,28,FEMALE
MP20000182,3520,24,MALE
MP20001529,3823,18,MALE
MP20002700,3630,22,FEMALE
MP20004011,3491,25,MALE
MP20009496,3017,33,MALE
MP20010177,3594,23,MALE
MP20004936,3657,21,MALE
MP20006628,2958,35,MALE
MP20006781,2958,35,MALE
MP20000767,3580,23,FEMALE
MP20004925,2859,37,MALE
MP20000949,2615,43,FEMALE
MP20003719,2603,43,MALE
MP20002225,2213,60,FEMALE
MP20001798,2754,39,MALE
MP20000283,3281,29,MALE
MP20007831,3420,27,MALE
MP20000006,3875,16,MALE
MP20006082,3904,15,MALE
MP20009021,2199,60,MALE
MP20001556,2419,49,FEMALE
MP20000390,3932,12,MALE
MP20006472,3932,12,MALE
MP20006481,3932,12,MALE
MP20004756,2270,56,MALE
MP20007036,3242,30,MALE
MP20008113,2886,36,MALE
MP20008113,2998,34,FEMALE
MP20002630,3872,16,FEMALE
MP20005716,2955,35,MALE
MP20008125,3747,20,FEMALE
MP20009647,3589,23,FEMALE
MP20002630,3861,16,FEMALE
MP20003425,3100,32,MALE
MP20007603,3768,19,MALE
MP20003634,2509,46,FEMALE
MP20001727,3609,22,MALE
MP20006247,3642,22,FEMALE
MP20008042,5460,27,MALE
MP20007041,3106,32,FEMALE
MP20001733,2766,39,MALE
MP20004504,2827,38,MALE
MP20006276,3850,17,MALE
MP20006973,2607,43,MALE
MP20003384,3911,14,MALE
MP20005982,4059,50,MALE
MP20007972,2780,39,FEMALE
MP20009982,3029,33,MALE
MP20005773,3728,20,MALE
MP20008752,3035,33,MALE
MP20008864,3858,17,MALE
MP20006289,2931,35,FEMALE
MP20008314,3056,33,MALE
MP20009845,3470,25,MALE
MP20009149,2930,35,MALE
MP20005222,3421,26,FEMALE
MP20001995,3900,15,MALE
MP20009648,2682,41,MALE
MP20006677,2678,41,MALE
MP20010282,2300,55,MALE
MP20005547,2908,36,MALE
MP20004580,2523,46,MALE
MP20003477,2733,40,MALE
MP20000019,3392,27,FEMALE
MP20007095,2851,37,FEMALE
MP20000323,2778,39,MALE
MP20010013,3213,30,MALE
MP20008085,2722,40,MALE
MP20002110,3679,21,FEMALE
MP20009444,3356,28,MALE
MP20004174,3041,33,FEMALE
MP20003344,3662,21,MALE
MP20004206,3662,21,MALE
MP20006617,3168,31,FEMALE
MP20009453,3885,16,FEMALE
MP20009496,3885,16,FEMALE
MP20001529,3605,22,MALE
MP20002385,3893,15,MALE
MP20008159,3822,18,MALE
MP20001529,3606,22,MALE
MP20002541,2770,39,FEMALE
MP20005101,3625,22,MALE
MP20000462,3014,33,MALE
MP20003212,3262,29,FEMALE
MP20005277,2957,35,MALE
MP20003183,3266,29,MALE
MP20002143,2379,51,MALE
MP20003822,2773,39,MALE
MP20002973,2967,34,MALE
MP20007737,3401,27,MALE
MP20008931,3401,27,MALE
MP20009484,3897,15,MALE
MP20002650,2599,43,MALE
MP20008395,3870,16,FEMALE
MP20006567,2134,65,MALE
MP20007508,3339,28,FEMALE
MP20003973,3296,29,MALE
MP20009497,5464,48,FEMALE
MP20009497,5465,39,FEMALE
MP20000058,2633,42,MALE
MP20003841,3107,32,MALE
MP20003889,3452,26,MALE
MP20007311,3119,32,MALE
MP20008022,2917,36,MALE
MP20002639,3396,27,MALE
MP20008312,2905,36,MALE
MP20000095,3902,15,MALE
MP20000095,3844,17,MALE
MP20010013,3648,22,MALE
MP20003228,3062,32,FEMALE
MP20001401,3788,19,MALE
MP20002774,5466,45,MALE
MP20002774,3789,19,MALE
MP20001401,3790,19,MALE
MP20000255,3248,29,MALE
MP20000279,4073,Unknown,MALE
MP20010089,3806,18,MALE
MP20000095,3620,22,MALE
MP20001828,2797,38,MALE
MP20002364,4075,20,MALE
MP20003634,2498,47,MALE
MP20008161,3232,30,FEMALE
MP20001682,2736,40,MALE
MP20002526,3069,32,MALE
MP20008752,2587,44,MALE
MP20009786,2937,35,FEMALE
MP20006709,3610,22,MALE
MP20006709,2513,46,FEMALE
MP20006709,2771,39,MALE
MP20010391,3898,15,FEMALE
MP20009586,2964,35,MALE
MP20008867,4080,40,MALE
MP20007003,2534,46,MALE
MP20008867,2478,47,MALE
MP20001502,3627,22,MALE
MP20010093,3627,22,MALE
MP20004245,2982,34,MALE
MP20004580,2684,41,FEMALE
MP20009586,3065,33,MALE
MP20008963,3295,29,MALE
MP20000947,2850,37,MALE
MP20006809,2694,41,MALE
MP20003733,3403,27,MALE
MP20005354,3209,30,MALE
MP20003158,3382,27,MALE
MP20000095,3619,22,MALE
MP20009942,2457,48,MALE
MP20006984,3245,30,MALE
MP20007907,3841,17,MALE
MP20000406,3683,21,MALE
MP20003215,3074,32,MALE
MP20002645,2869,37,MALE
MP20008649,2186,61,MALE
MP20000780,2531,45,MALE
MP20006410,2476,47,FEMALE
MP20007890,3049,33,MALE
MP20004779,2676,41,MALE
MP20008743,3465,25,MALE
MP20004597,3776,19,MALE
MP20008159,3878,16,MALE
MP20007124,2532,46,MALE
MP20004597,3559,23,MALE
MP20003729,2117,66,MALE
MP20007428,3587,23,MALE
MP20008877,3587,23,MALE
MP20010012,3587,23,MALE
MP20002325,3711,20,FEMALE
MP20001607,3298,29,MALE
MP20008395,3298,29,MALE
MP20003361,3843,17,MALE
MP20008147,3549,24,MALE
MP20005748,2626,43,FEMALE
MP20003923,2793,38,MALE
MP20001529,3824,18,MALE
MP20006347,2983,34,MALE
MP20002432,3912,14,MALE
MP20008265,3299,29,MALE
MP20000006,3758,19,MALE
MP20007769,3125,32,MALE
MP20000964,3703,21,MALE
MP20006276,3848,17,MALE
MP20003217,3292,29,FEMALE
MP20000782,5473,34,MALE
MP20002385,3884,16,MALE
MP20009790,2195,60,FEMALE
MP20000087,2758,39,FEMALE
MP20001502,3691,21,MALE
MP20000182,3473,25,MALE
MP20010135,3434,26,MALE
MP20004129,3603,23,FEMALE
MP20006978,2367,52,MALE
MP20005769,2114,67,FEMALE
MP20002199,2348,53,MALE
MP20008476,2160,63,MALE
MP20002364,5474,35,FEMALE
MP20010143,2560,45,MALE
MP20004851,2366,52,FEMALE
MP20008294,3022,33,FEMALE
MP20005139,2634,42,MALE
MP20008984,3479,25,MALE
MP20003289,2912,36,MALE
MP20009615,3115,32,MALE
MP20001273,3829,17,MALE
MP20009137,3550,24,MALE
MP20004763,2490,47,MALE
MP20002331,3120,31,FEMALE
MP20005395,3102,32,MALE
MP20006276,3913,14,MALE
MP20006628,2875,37,MALE
MP20006781,2875,37,MALE
MP20008149,2875,37,MALE
MP20000202,3351,28,MALE
MP20005231,3351,28,MALE
MP20008012,2862,37,MALE
MP20009098,2862,37,MALE
MP20000688,3219,30,MALE
MP20007305,3668,21,MALE
MP20001624,3314,28,MALE
MP20003851,3412,27,MALE
MP20009038,3122,32,MALE
MP20000278,2786,38,FEMALE
MP20010209,3575,23,MALE
MP20003080,5482,15,MALE
MP20006803,3273,29,MALE
MP20003545,3139,31,MALE
MP20002222,3723,20,MALE
MP20007244,3174,31,MALE
MP20008920,2472,47,MALE
MP20009674,3742,20,MALE
MP20009674,4107,UNKNOWN,MALE
MP20005342,2149,64,FEMALE
MP20000207,5483,37,MALE
MP20000207,5484,35,FEMALE
MP20010391,3857,17,MALE
MP20007431,3324,28,MALE
MP20002321,3454,25,FEMALE
MP20003644,3425,26,MALE
MP20002496,4111,Unknown,MALE
MP20008662,3571,23,FEMALE
MP20010418,3940,10,MALE
MP20007036,3241,30,MALE
MP20007036,3567,23,MALE
MP20006186,3585,23,MALE
MP20009632,3395,27,MALE
MP20007431,3513,25,MALE
MP20010195,3616,22,FEMALE
MP20003409,3000,34,MALE
MP20009230,2372,51,MALE
MP20000390,3922,14,MALE
MP20008084,2437,49,MALE
MP20008628,3400,27,FEMALE
MP20001728,3347,28,MALE
MP20009068,3379,27,MALE
MP20001737,2868,37,MALE
MP20001300,2868,37,MALE
MP20009571,3362,28,FEMALE
MP20009704,5485,34,MALE
MP20006032,2340,52,MALE
MP20001737,2606,43,MALE
MP20005608,2144,64,FEMALE
MP20005190,3471,25,MALE
MP20000205,3037,33,MALE
MP20005358,3494,25,FEMALE
MP20004524,2951,35,MALE
MP20004597,3474,25,MALE
MP20008159,3831,17,MALE
MP20008365,3203,30,MALE
MP20000360,3510,24,FEMALE
MP20010401,2329,53,MALE
MP20009492,2845,37,FEMALE
MP20006684,3781,19,MALE
MP20004466,2901,36,MALE
MP20002700,3682,21,MALE
MP20003358,3003,33,MALE
MP20010013,3791,19,MALE
MP20000088,2969,34,MALE
MP20008248,2972,34,FEMALE
MP20007534,2466,48,MALE
MP20008490,3704,21,MALE
MP20006472,3837,17,MALE
MP20006481,3837,17,MALE
MP20008752,3249,30,MALE
MP20006628,3556,24,FEMALE
MP20006781,3556,24,FEMALE
MP20001034,3323,28,MALE
MP20009646,4123,30,FEMALE
MP20008948,4125,UNKNOWN,UNKNOWN
MP20007975,2751,39,MALE
MP20000095,3800,18,MALE
MP20000181,3749,20,MALE
MP20001273,3750,20,UNKNOWN
MP20002783,3751,20,MALE
MP20000095,3752,20,MALE
MP20006664,3753,20,
MP20003851,3754,20,MALE
MP20004129,3772,19,FEMALE
MP20001273,3908,15,MALE
MP20000301,4126,,
MP20000315,4127,,
MP20000403,4128,,
MP20000469,4129,,
MP20000455,4130,13,MALE
MP20000562,4131,,
MP20000530,4132,,
MP20001054,4133,,
MP20001107,4134,UNKNOWN,
MP20001022,4135,,
MP20001126,4136,,
MP20001312,4137,,
MP20001300,4138,,
MP20002023,4139,Unknown,UNKNOWN
MP20002079,4140,,
MP20002053,4141,,
MP20002532,4142,16,
MP20002532,4143,16,MALE
MP20002532,4144,17,MALE
MP20002721,4145,,
MP20002784,4146,,
MP20003048,4147,,
MP20003048,4148,,MALE
MP20004516,4149,,
MP20004516,4150,,MALE
MP20004542,4151,,
MP20005250,4152,,
MP20005365,4153,,
MP20005392,4154,,
MP20005359,4155,,
MP20005894,4156,,MALE
MP20006388,4157,,
MP20006718,4158,UNKNOWN,MALE
MP20007085,4159,,
MP20007144,4160,,
MP20007149,4161,,
MP20007323,4162,,
MP20007094,4163,,
MP20006342,4164,,MALE
MP20006342,4165,,
MP20007494,4166,,MALE
MP20007927,4167,,
MP20008111,4168,,
MP20008169,4169,,
MP20008206,4170,,
MP20005261,4171,,
MP20008197,4172,,
MP20008606,4173,,
MP20008601,4174,,
MP20008650,4175,,
MP20008707,4176,,
MP20008822,4177,,
MP20008836,4178,,
MP20009371,4179,,
MP20009354,4180,,
MP20009525,4181,20,MALE
MP20009623,4182,,
MP20010010,4183,,UNKNOWN
MP20010095,4184,,
MP20010032,4185,,
MP20010407,4186,,
MP20000719,4187,Unknown,UNKNOWN
MP20001820,4188,,UNKNOWN
MP20002012,4189,Unknown,
MP20001807,4190,Unknown,
MP20003205,4191,Unknown,UNKNOWN
MP20005767,4192,,
MP20006342,4193,30,MALE
MP20008398,4194,Unknown,
MP20009131,4195,Unknown,
MP20010153,4196,Unknown,
MP20000772,4197,Unknown,UNKNOWN
MP20003445,4198,Unknown,UNKNOWN
MP20002136,4199,UNKNOWN,MALE
MP19037447,4200,16,MALE
MP20003746,4201,11,MALE
MP20003746,4202,,
MP20000880,4203,,
MP20004431,4204,,MALE
MP20008314,4205,,MALE
MP20007487,4206,30,MALE
MP20000299,4207,40,MALE
MP20000615,4208,,
MP20009178,4209,28,MALE
MP20008923,4210,,FEMALE
MP20007475,4211,Unknown,
MP20009143,4212,,
MP20001270,4213,19,FEMALE
MP20004431,4214,,
MP20008243,4215,,MALE
MP20007140,4216,UNKNOWN,MALE
MP20000045,4217,Unknown,MALE
MP20000035,4218,Unknown,UNKNOWN
MP19037546,4219,20,UNKNOWN
MP20000066,4220,Unknown,UNKNOWN
MP20000075,4221,,
MP19037581,4222,,
MP19037544,4223,UKNOWN,UNKNOWN
MP20000138,4224,,
MP19037553,4225,,
MP20000058,4226,Unknown,MALE
MP20000099,4227,Unknown,UNKNOWN
MP20000067,4228,UNKNOWN,MALE
MP20000278,4229,,MALE
MP20000278,4230,,FEMALE
MP19036742,4231,,UNKNOWN
MP20000481,4232,,
MP20000485,4233,,
MP20000629,4234,,
MP20000685,4235,,
MP20000567,4236,,
MP20000840,4237,,UNKNOWN
MP20000729,4238,,
MP20000344,4239,UNKNOWN,MALE
MP20000431,4240,UNKNOWN,UNKNOWN
MP20001135,4241,19,
MP20001072,4242,UNKNOWN,MALE
MP20000830,4243,Unknown,UNKNOWN
MP20001502,4244,Unknown,FEMALE
MP20001502,4245,Unknown,MALE
MP20001544,4246,Unknown,UNKNOWN
MP20001346,4247,20,MALE
MP20001121,4249,UNKNOWN,UNKNOWN
MP20001654,4250,,
MP20001640,4251,Unknown,UNKNOWN
MP20001657,4252,Unknown,MALE
MP20001764,4253,UNKONWN,UNKNOWN
MP20001761,4254,UNKNOWN,UNKNOWN
MP20001770,4255,Unknown,UNKNOWN
MP20001737,4257,UNKNOWN,UNKNOWN
MP20001768,4258,Unknown,UNKNOWN
MP20001378,4259,,
MP20001385,4260,,
MP20002116,4261,UNKNOWN,MALE
MP20002116,4262,UNKNOWN,FEMALE
MP20002152,4263,Unknown,MALE
MP20002166,4264,Unknown,UNKNOWN
MP20002160,4265,Unknown,UNKNOWN
MP20001799,4266,UNKNOWN,UNKNOWN
MP20002192,4267,UNKNOWN,UNKNOWN
MP20002313,4268,Unknown,UNKNOWN
MP20002251,4269,UNKNOWN,UNKNOWN
MP20002349,4270,,MALE
MP20002314,4271,,MALE
MP20001946,4272,,
MP20002440,4273,Unknown,UNKNOWN
MP20002504,4274,Unknown,UNKNOWN
MP20002537,4275,UNKNOWN,UNKNOWN
MP20002613,4276,,
MP20002597,4277,,MALE
MP20002598,4278,,MALE
MP20002636,4279,18,MALE
MP20002742,4280,,
MP20002777,4281,UNKNOWN,UNKNOWN
MP20002797,4282,Unknown,UNKNOWN
MP20003044,4283,30,MALE
MP20003072,4284,UNKNOWN,MALE
MP20003135,4285,Unknown,UNKNOWN
MP20003162,4286,UNKNOWN,MALE
MP20003329,4287,Unknown,MALE
MP20003386,4288,,
MP20003447,4289,,
MP20003532,4290,,
MP20003558,4291,,FEMALE
MP20003558,4292,,MALE
MP20003572,4293,,
MP20003687,4294,,
MP20003896,4295,UNKNOWN,UNKNOWN
MP20001673,4296,,MALE
MP20004145,4297,Unknown,MALE
MP20004263,4298,Unknown,UNKNOWN
MP20004205,4299,30,MALE
MP20004258,4300,Unknown,UNKNOWN
MP20004426,4302,,MALE
MP20004601,4303,,
MP20004602,4304,,
MP20004815,4305,Unknown,UNKNOWN
MP20004852,4306,30,MALE
MP20004923,4307,Unknown,
MP20004952,4308,19,MALE
MP20004939,4309,20,MALE
MP20004862,4310,,UNKNOWN
MP20004921,4311,,
MP20005032,4312,,
MP20005224,4313,Unknown,
MP20005181,4314,Unknown,UNKNOWN
MP20005172,4315,,MALE
MP20005464,4316,UNKNOWN,
MP20005667,4317,,
MP20005650,4318,,MALE
MP20005534,4319,,
MP20005698,4320,30,MALE
MP20005842,4321,,
MP20005812,4322,Unknown,UNKNOWN
MP20005951,4323,,
MP20005914,4324,Unknown,UNKNOWN
MP20005927,4325,Unknown,UNKNOWN
MP20005939,4326,UNKNOWN,UNKNOWN
MP20006056,4327,UNKNOWN,UNKNOWN
MP20006197,4328,UNKNOWN,MALE
MP20006410,4329,,
MP20006477,4330,20,MALE
MP20006628,4331,,UNKNOWN
MP20006662,4332,,
MP20006654,4333,Unknown,
MP20003368,4334,,
MP20006771,4335,,
MP20006751,4336,,
MP20005909,4337,20,
MP20006641,4338,,UNKNOWN
MP20006873,4339,Unknown,UNKNOWN
MP20006849,4340,Unknown,UNKNOWN
MP20006858,4341,Unknown,UNKNOWN
MP20006970,4342,UNKNOWN,UNKNOWN
MP20007007,4343,,UNKNOWN
MP20007008,4344,,UNKNOWN
MP20007128,4345,,FEMALE
MP20007203,4346,,
MP20007334,4347,Under 24 Hours Old,UNKNOWN
MP20007304,4348,,
MP20007155,4349,,
MP20007430,4350,,
MP20007431,4351,Unknown,UNKNOWN
MP20007410,4352,,
MP20007479,4353,UNKNOWN,
MP20007522,4354,Unknown,UNKNOWN
MP20006383,4355,,
MP20007506,4356,20,MALE
MP20006577,4357,,
MP20007229,4358,,
MP20005990,4359,,
MP20004563,4360,UNKNOWN,UNKNOWN
MP20007661,4361,,UNKNOWN
MP20007643,4362,UKNOWN,UNKNOWN
MP20003907,4363,35,MALE
MP20003915,4364,,
MP20003916,4365,,
MP20004152,4366,,
MP20004208,4367,,
MP20005012,4368,,
MP20005785,4369,,
MP20008335,4370,Unknown,UNKNOWN
MP20008465,4371,Unknown,UNKNOWN
MP20008462,4372,,
MP20008455,4373,,
MP20008479,4374,,UNKNOWN
MP20008072,4375,UNKNOWN,MALE
MP20008521,4376,Unknown,UNKNOWN
MP20008643,4377,,
MP20008123,4378,,
MP20008750,4379,,
MP20008814,4380,Unknown,
MP20008855,4381,Unknown,MALE
MP20008855,4382,,MALE
MP20008996,4383,Unknown,UNKNOWN
MP20009052,4384,UNKNOWN,MALE
MP20009054,4385,UNKNOWN,MALE
MP20008332,4386,Unknown,UNKNOWN
MP20008782,4387,,
MP20008957,4388,,UNKNOWN
MP20009094,4389,,
MP20009163,4390,Unknown,UNKNOWN
MP20008973,4391,Unknown,UNKNOWN
MP20009183,4392,,MALE
MP20008986,4393,,UNKNOWN
MP20009138,4394,UNKNOWN,MALE
MP20009253,4395,,UNKNOWN
MP20009748,4396,,UNKNOWN
MP20009865,4397,,
MP20009911,4398,,UNKNOWN
MP20009941,4399,,
MP20009630,4400,,UNKNOWN
MP20010094,4401,Unknown,
MP20010201,4402,Unknown,
MP20009913,4403,Unknown,UNKNOWN
MP20010285,4404,,
MP20010249,4405,20,
MP20010370,4406,,UNKNOWN
MP20010416,4407,,
MP20010408,4408,,UNKNOWN
MP20002494,4409,,UNKNOWN
MP20002518,4410,UNKNOWN,UNKNOWN
MP19037565,4412,UNKNOWN,
MP19037555,4413,UNKNOWN,
MP20000042,4414,Unknown,UNKNOWN
MP20000015,4415,,
MP19037508,4416,UNKNOWN,UNKNOWN
MP19037120,4417,,
MP20000057,4418,UNKNOWN,UNKNOWN
MP20000030,4419,Unknown,UNKNOWN
MP19037403,4420,,
MP19037420,4421,,
MP20000044,4422,Unknown,UNKNOWN
MP20000164,4423,Unknown,
MP20000151,4424,,
MP20000010,4425,UNKNOWN,MALE
MP20000101,4426,,
MP20000186,4427,,FEMALE
MP20000186,4428,Unknown,FEMALE
MP20000086,4429,Unknown,UNKNOWN
MP19037545,4430,,
MP19037559,4431,,
MP20000040,4432,,
MP20000062,4433,13,
MP20000069,4434,,
MP19803372,4435,,
MP20000084,4436,,
MP19803376,4437,,
MP19803377,4438,,
MP19803380,4439,,
MP19803396,4440,,
MP20800004,4441,,
MP20800007,4442,,
MP20800009,4443,,
MP20800011,4444,,
MP20000095,4445,Unknown,MALE
MP19037552,4446,UNKNOWN,UNKNOWN
MP20000254,4447,,FEMALE
MP20000270,4448,Unknown,UNKNOWN
MP19037368,4449,,
MP20000033,4450,30,MALE
MP20000283,4451,,
MP20000188,4452,,
MP20000198,4453,,
MP20000201,4454,,
MP20000204,4455,,
MP20000208,4456,,
MP20000218,4457,,
MP20000266,4458,,
MP20000316,4459,,
MP20000390,4460,,
MP20000365,4461,UNKNOWN,UNKNOWN
MP20000382,4462,,
MP20000200,4463,UNKNOWN,
MP20000482,4464,,
MP20000476,4465,UNKNOWN,
MP20000462,4466,,
MP20000444,4467,UNKNOWN,MALE
MP20000418,4468,20,FEMALE
MP20000502,4469,20,MALE
MP20000368,4470,UNKNOWN,MALE
MP20000458,4471,UNKNOWN,UNKNOWN
MP20000511,4472,,
MP20000509,4473,UNKNOWN,UNKNOWN
MP20000324,4474,,
MP20000423,4475,,
MP20000452,4476,,
MP19037590,4477,,
MP20000364,4478,Unknown,MALE
MP20000339,4479,UNKNOWN,MALE
MP20000261,4480,,
MP20000499,4481,Unknown,UNKNOWN
MP20000597,4482,Unknown,UNKNOWN
MP20000564,4483,,
MP20000526,4484,20,FEMALE
MP20000402,4486,,
MP20000374,4487,,
MP20000690,4489,UNKNOWN,
MP20000751,4490,UNKNOWN,
MP20000609,4491,Unknown,UNKNOWN
MP20000508,4492,,
MP20000689,4493,,
MP20000655,4494,,
MP20000677,4495,Unknown,MALE
MP20000699,4496,,
MP20000732,4497,,
MP20000764,4498,,
MP20000702,4499,,
MP20000714,4500,,
MP20800046,4501,,
MP20000372,4502,Unknown,UNKNOWN
MP20800052,4503,,
MP20800071,4504,,
MP20800078,4505,,
MP20800079,4506,,
MP20800080,4507,,
MP20000839,4508,Unknown,UNKNOWN
MP20000767,4509,UNKNOWN,FEMALE
MP20000929,4510,Unknown,UNKNOWN
MP20000548,4511,Unknown,
MP20000809,4512,UNKNOWN,UNKNOWN
MP19035391,4513,,
MP20000958,4514,,
MP20000378,4515,30,MALE
MP20000378,4516,20,FEMALE
MP20000837,4517,,
MP20000893,4518,,
MP20000870,4519,,
MP20001137,4520,UNKNOWN,
MP20001125,4521,,
MP20000981,4522,,
MP20001041,4523,,
MP20001062,4524,,
MP20001093,4525,,
MP20001107,4526,,
MP20800106,4527,,
MP20800108,4528,,
MP20800109,4529,,
MP20800110,4530,,
MP20001024,4531,,
MP20001063,4532,24,MALE
MP20001076,4533,UNKNOWN,MALE
MP20001105,4534,UNKNOWN,
MP20001109,4535,,
MP20001115,4536,,
MP20001231,4537,UNKNOWN,
MP20000755,4538,Unknown,UNKNOWN
MP20001282,4539,,
MP20001188,4540,Unknown,UNKNOWN
MP20001127,4541,,
MP20001191,4542,UNKNOWN,UNKNOWN
MP20001330,4543,,
MP20001374,4544,,
MP20001426,4545,Unknown,UNKNOWN
MP20001276,4546,Unknown,UNKNOWN
MP20001155,4547,,
MP20001413,4548,UNKNOWN,MALE
MP20001284,4549,UNKNOWN,UNKNOWN
MP20001130,4550,UNKNOWN,
MP20001446,4551,UNKNOWN,
MP20001152,4552,,
MP20001184,4553,,
MP20001185,4554,,
MP20001224,4555,,
MP20001232,4556,,
MP20001392,4557,,
MP20001408,4558,,
MP20001424,4559,,
MP20001485,4560,,
MP20001501,4561,,
MP20001513,4562,,
MP20001514,4563,UNKNOWN,MALE
MP20001622,4564,UNKNOWN,UNKNOWN
MP20001586,4565,,MALE
MP20001586,4566,20,MALE
MP20000886,4567,Unknown,
MP20000904,4568,,
MP20001680,4569,Unknown,UNKNOWN
MP20001648,4570,Unknown,MALE
MP20001602,4571,,
MP20001609,4572,,
MP20001633,4573,,
MP20001647,4574,,
MP20001660,4575,,
MP20001698,4576,,
MP20001620,4577,,
MP20001772,4578,Unknown,UNKNOWN
MP20001746,4579,Unknown,UNKNOWN
MP20001737,4580,Unknown,MALE
MP20001624,4581,,
MP20001759,4582,,
MP20001808,4583,UNKNOWN,MALE
MP20001795,4584,55,MALE
MP20001782,4585,,
MP20001300,4586,UNKNOWN,MALE
MP20001777,4587,,MALE
MP20001463,4588,UNKNOWN,
MP20001826,4589,UNKNOWN,UNKNOWN
MP20001834,4590,UNKNOWN,
MP20001878,4591,20,MALE
MP20001729,4592,UNKNOWN,MALE
MP20001730,4593,UNKNOWN,
MP20001753,4594,,
MP20001771,4595,,
MP20001829,4596,,
MP20001839,4597,,
MP20001849,4598,,
MP20001852,4599,,
MP20001787,4600,,
MP20001971,4601,UNKNOWN,
MP20001930,4602,UNKNOWN,
MP20001927,4603,,
MP20001566,4604,Unknown,UNKNOWN
MP20001827,4605,,
MP20001949,4606,,
MP20800123,4607,,
MP20800141,4608,,
MP20800156,4609,,
MP20800125,4610,,
MP20800126,4611,,
MP20800153,4612,,
MP20800157,4613,,
MP20800152,4614,,
MP20800148,4615,,
MP20800145,4616,,
MP20002056,4617,Unknown,
MP20002159,4618,,
MP20002193,4619,,MALE
MP20002155,4620,Unknown,MALE
MP20002160,4621,UNKNOWN,
MP20002150,4622,Unknown,MALE
MP20002149,4623,18,FEMALE
MP20002072,4624,,
MP20002060,4625,,
MP20001909,4626,,
MP20001914,4627,,
MP20001954,4628,,
MP20001973,4629,,
MP20001998,4630,,
MP20002027,4631,,
MP20002050,4632,,
MP20002061,4633,,
MP20002126,4634,,
MP20002188,4635,,
MP20002198,4636,,
MP20002209,4637,,
MP20002327,4638,Unknown,UNKNOWN
MP20002299,4639,,
MP20002250,4640,,
MP19803344,4641,,
MP20800185,4642,,
MP20002375,4643,UNKNOWN,MALE
MP20002392,4644,Unknown,MALE
MP20002364,4645,Unknown,MALE
MP20002418,4646,UNKNOWN,MALE
MP20001903,4647,,
MP20002406,4648,,
MP20002428,4649,,FEMALE
MP20002428,4650,,MALE
MP20002331,4651,Unknown,UNKNOWN
MP20002190,4652,UNKNOWN,
MP20002427,4653,,
MP20002456,4654,Unknown,UNKNOWN
MP20002420,4655,UNKNOWN,
MP20002402,4656,,MALE
MP20002467,4657,,UNKNOWN
MP20002342,4658,,
MP20002390,4659,,
MP20002393,4660,,
MP20002404,4661,,
MP20002484,4662,Unknown,MALE
MP20002529,4663,35,MALE
MP20002516,4664,,
MP20002560,4665,Unknown,MALE
MP20002563,4666,UNKNOWN,UNKNOWN
MP20002556,4667,UNKNOWN,UNKNOWN
MP20800186,4668,,
MP20800196,4669,,
MP20002555,4670,UNKNOWN,MALE
MP20002523,4671,,
MP20002487,4672,,MALE
MP20002474,4673,,FEMALE
MP20002630,4674,UNKNOWN,FEMALE
MP20002483,4675,,
MP20002497,4676,,
MP20002499,4677,,
MP20002565,4678,,
MP20002580,4679,,
MP20800198,4680,,
MP20002609,4681,,
MP20800199,4682,,
MP20800200,4683,,
MP20800202,4684,,
MP20800203,4685,,
MP20800204,4686,,
MP20800205,4687,,
MP20800206,4688,,
MP20800207,4689,,
MP20800208,4690,,
MP20800220,4691,,
MP20800221,4692,,
MP20800229,4693,,
MP20800233,4694,,
MP20002561,4695,Unknown,
MP20002736,4696,UNKNOWN,
MP20002649,4697,Unknown,MALE
MP20800224,4698,,
MP20800239,4699,,
MP20800249,4700,,
MP20800256,4701,,
MP20800257,4702,,
MP20800258,4703,,
MP20002848,4704,,
MP20002784,4705,Unknown,UNKNOWN
MP20002858,4706,UNKNOWN,
MP20002861,4707,UNKNOWN,
MP20002792,4708,Unknown,UNKNOWN
MP20002903,4709,,
MP20002882,4710,UNKNOWN,UNKNOWN
MP20002850,4711,,
MP20002811,4712,UNKNOWN,
MP20002734,4713,,
MP20002672,4714,,
MP20002706,4715,,
MP20002885,4716,,
MP20002898,4717,,
MP20002893,4718,,
MP20002914,4719,,
MP20002929,4720,,
MP20800214,4721,,
MP20800263,4722,,
MP20800266,4723,,
MP20800267,4724,,
MP20800270,4725,,
MP20003060,4726,,
MP20003051,4727,,MALE
MP20003028,4728,,
MP20003103,4729,UNKNOWN,UNKNOWN
MP20003015,4730,,
MP20003019,4731,,
MP20002693,4732,UNKNOWN,UNKNOWN
MP20003086,4733,,
MP20003228,4734,Unknown,FEMALE
MP20003228,4735,,
MP20003122,4736,,
MP20003303,4737,UNKNOWN,
MP20003286,4738,,
MP20003360,4739,UNKNOWN,
MP20003414,4740,Unknown,UNKNOWN
MP20003203,4741,,
MP20003238,4742,,
MP20003255,4743,Unknown,FEMALE
MP20003237,4744,30,MALE
MP20800294,4745,,
MP20003427,4746,,FEMALE
MP20003427,4747,,MALE
MP20800331,4748,,
MP20800323,4749,,
MP20800319,4750,,
MP20003435,4751,,UNKNOWN
MP20003531,4752,UNKNOWN,
MP20003533,4753,UNKNOWN,
MP20003564,4754,Unknown,
MP20002951,4756,UNKNOWN,MALE
MP20003654,4757,Unknown,MALE
MP20003765,4758,UNKNOWN,UNKNOWN
MP20000824,4759,UNKNOWN,UNKNOWN
MP20800335,4760,,
MP20003328,4761,,
MP20800337,4762,,
MP20800341,4763,,
MP20003442,4764,,
MP20003461,4765,,
MP20003497,4766,,
MP20003573,4767,,
MP20003509,4768,,
MP20003671,4769,,
MP20003697,4770,,
MP20003559,4771,,
MP20003732,4772,,
MP20003518,4773,,
MP20003537,4774,,
MP20003820,4775,UNKNOWN,UNKNOWN
MP20003614,4776,Unknown,UNKNOWN
MP20003033,4777,,
MP20003837,4778,,
MP20003935,4779,UNKNOWN,
MP20003973,4780,UNKNOWN,MALE
MP20003921,4781,,
MP20003803,4782,,
MP20004003,4783,UNKNOWN,MALE
MP20004027,4784,UNKNOWN,UNKNOWN
MP20004069,4785,UNKNOWN,
MP20003981,4786,,
MP20004006,4787,,
MP20004055,4788,,
MP20004065,4789,,
MP20004088,4790,,
MP20800361,4791,,
MP20800366,4792,,
MP20800370,4793,,
MP20800363,4794,,
MP20800383,4795,,
MP20003913,4796,,
MP20003876,4797,,UNKNOWN
MP20004304,4798,UNKNOWN,
MP20004237,4799,,
MP20004331,4800,,
MP20004140,4801,30,MALE
MP20004370,4802,,
MP20003979,4803,,
MP20004405,4804,Unknown,
MP20004050,4805,UNKNOWN,UNKNOWN
MP20004312,4806,,
MP20004380,4807,UNKNOWN,
MP20004419,4808,UNKNOWN,
MP20004432,4809,UNKNOWN,
MP20004440,4810,UNKNOWN,
MP20004179,4811,,
MP20004200,4812,,
MP20004207,4813,,
MP20004257,4814,,
MP20004273,4815,,
MP20004360,4816,,
MP20800395,4817,,
MP20800401,4818,,
MP20800403,4819,,
MP20800405,4820,,
MP20004464,4821,,
MP20004487,4822,UNKNOWN,
MP20004045,4823,UNKNOWN,MALE
MP20004053,4824,Unknown,MALE
MP20004580,4825,UNKNOWN,
MP20004597,4826,,
MP20004608,4827,Unknown,
MP20004605,4828,UNKNOWN,UNKNOWN
MP20004606,4829,Unknown,UNKNOWN
MP20004611,4830,Unknown,UNKNOWN
MP20004573,4831,,MALE
MP20004610,4832,Unknown,UNKNOWN
MP20004471,4833,Unknown,UNKNOWN
MP20004613,4834,Unknown,MALE
MP20003969,4835,,
MP20004620,4836,,
MP20004481,4837,Unknown,UNKNOWN
MP20004535,4838,,
MP20004676,4839,Unknown,MALE
MP20004493,4840,,
MP20004497,4841,,
MP20004600,4842,,
MP20004632,4843,,
MP20004660,4844,,
MP20004736,4845,,
MP20004796,4846,,MALE
MP20004823,4847,Unknown,UNKNOWN
MP20004798,4848,UNKNOWN,UNKNOWN
MP20004716,4849,,
MP20004831,4850,,
MP20004830,4851,,
MP20004863,4852,Unknown,
MP20800417,4853,,
MP20800418,4854,,
MP20004888,4855,UNKNOWN,UNKNOWN
MP20004947,4856,UNKNOWN,
MP20004835,4857,Unknown,UNKNOWN
MP20004845,4858,UNKNOWN,UNKNOWN
MP20800419,4859,,
MP20800423,4860,,
MP20800433,4861,,
MP20800436,4862,,
MP20800437,4863,,
MP20800442,4864,,
MP20800445,4865,,
MP20800447,4866,,
MP20800448,4867,,
MP20800451,4868,,
MP20005084,4869,UNKNOWN,
MP20005080,4870,UNKNOWN,
MP20005070,4871,Unknown,UNKNOWN
MP20005014,4872,UNKNOWN,
MP20004987,4873,,
MP20005021,4874,,
MP20005031,4875,,
MP20800464,4876,,
MP20800465,4877,,
MP20800467,4878,,
MP20800469,4879,,
MP19004689,4880,Unknown,UNKNOWN
MP20800468,4881,,
MP20004880,4882,,MALE
MP20004979,4883,,
MP20005202,4884,,
MP20005193,4885,,
MP20005234,4886,,
MP20005301,4887,,
MP20004703,4888,40,MALE
MP20005049,4889,,
MP20005120,4890,Unknown,UNKNOWN
MP20005051,4891,UNKNOWN,UNKNOWN
MP20005346,4892,UNKNOWN,MALE
MP20005373,4893,,
MP20005344,4894,,
MP20005244,4895,UNKNOWN,
MP20005343,4896,,
MP20005133,4897,,
MP20005136,4898,,
MP20005195,4899,,
MP20005241,4900,UNKNOWN,
MP20005578,4901,UNKNOWN,
MP20005613,4902,,MALE
MP20005612,4903,UNKNOWN,
MP20005517,4904,,
MP20005419,4905,,
MP20005408,4906,,
MP20005567,4907,,
MP20005645,4908,,
MP20800495,4909,,
MP20800497,4910,,
MP20800498,4911,,
MP20800510,4912,,
MP20005508,4913,UNKNOWN,UNKNOWN
MP20005507,4914,UNKNOWN,UNKNOWN
MP20005900,4915,30,FEMALE
MP20005881,4916,,
MP20005830,4917,UNKNOWN,
MP20005810,4918,UNKNOWN,UNKNOWN
MP20005797,4919,Unknown,UNKNOWN
MP20005573,4920,,
MP20005934,4921,UNKNOWN,
MP20005986,4922,Unknown,
MP20005935,4923,Unknown,UNKNOWN
MP20005664,4924,UNKNOWN,
MP20005756,4925,UNKNOWN,UNKNOWN
MP20006083,4926,Unknown,UNKNOWN
MP20006054,4927,20,MALE
MP20006002,4928,,MALE
MP20006025,4929,Unknown,
MP20006158,4930,Unknown,UNKNOWN
MP20006201,4932,,MALE
MP20006180,4933,,
MP20006222,4934,,
MP20006257,4935,,UNKNOWN
MP20005277,4936,,
MP20005303,4937,,
MP20005360,4938,,
MP20005375,4939,,
MP20005495,4940,,
MP20005522,4941,,
MP20005569,4942,,
MP20005595,4943,,
MP20005659,4944,,
MP20005661,4945,,
MP20005666,4946,,
MP20005683,4947,,
MP20006233,4948,,
MP20006297,4949,,
MP20005119,4950,,
MP20005764,4951,UNKNOWN,
MP20005808,4952,UNKNOWN,
MP20005879,4953,UNKNOWN,
MP20005902,4954,UNKNOWN,
MP20005919,4955,UNKNOWN,
MP20005957,4956,UNKNOWN,
MP20006013,4957,UNKNOWN,
MP20006043,4958,UNKNOWN,
MP20006072,4959,UNKNOWN,
MP20006087,4960,UNKNOWN,
MP20006164,4961,UNKNOWN,
MP20800538,4962,,
MP20800535,4963,,
MP20800536,4964,,
MP20800524,4965,,
MP20800530,4966,,
MP20006170,4967,,
MP20006181,4968,,
MP20006198,4969,,
MP20006203,4970,,
MP20006227,4971,,
MP20006309,4972,,
MP20006312,4973,,
MP20006336,4974,,
MP20006343,4975,,
MP20006459,4976,13,MALE
MP20006387,4977,20,MALE
MP20006382,4978,,
MP20006472,4979,,
MP20006330,4980,Unknown,UNKNOWN
MP20006556,4981,UNKNOWN,
MP20800571,4982,,
MP20006492,4983,,
MP20006560,4984,,
MP20800575,4985,,
MP20006575,4986,25,MALE
MP20800577,4987,,
MP20800569,4988,,
MP20800553,4989,,
MP20006473,4990,,
MP20006491,4991,,
MP20800564,4992,,
MP20006627,4993,Unknown,UNKNOWN
MP20006744,4994,Unknown,UNKNOWN
MP20004240,4995,,
MP20006290,4996,UNKNOWN,UNKNOWN
MP20006278,4997,,
MP20005953,4998,,
MP20006833,4999,UNKNOWN,UNKNOWN
MP20006803,5000,Unknown,UNKNOWN
MP20006696,5001,UNKNOWN,UNKNOWN
MP20005909,5002,,
MP20006582,5003,,FEMALE
MP20006588,5004,,
MP20006605,5005,,
MP20006607,5006,,
MP20006668,5007,,
MP20006699,5008,,
MP20006714,5009,,
MP20006764,5010,,
MP20006794,5011,,
MP20006872,5012,Unknown,UNKNOWN
MP20006136,5013,,MALE
MP20006968,5014,Unknown,UNKNOWN
MP20800594,5015,,
MP20007016,5016,Unknown,UNKNOWN
MP20007013,5017,Unknown,UNKNOWN
MP20006957,5018,,
MP20007033,5019,,
MP20006840,5020,,
MP20006847,5021,,
MP20006857,5022,,
MP20006912,5023,,
MP20006943,5024,,
MP20006950,5025,,
MP20006987,5026,,
MP20006992,5027,,
MP20006996,5028,,
MP20007002,5029,,
MP20007031,5030,,
MP20007072,5031,UNKNOWN,UNKNOWN
MP20006781,5032,,MALE
MP20007137,5033,,
MP20007137,5034,,UNKNOWN
MP20800600,5035,,
MP20800585,5036,,
MP20800588,5037,,
MP20006955,5038,Unknown,UNKNOWN
MP20007221,5039,UNKNOWN,UNKNOWN
MP20007141,5040,UNKNOWN,UNKNOWN
MP20007142,5041,,
MP20007145,5042,,
MP20007150,5043,,
MP20007151,5044,UNKNOWN,
MP20007163,5045,,
MP20007119,5046,,
MP20006350,5047,UNKNOWN,UNKNOWN
MP20007106,5048,,
MP20007130,5049,,
MP20007156,5050,,
MP20007164,5051,,
MP20007165,5052,,
MP20007167,5053,,
MP20007231,5054,,
MP20007006,5055,UNKNOWN,UNKNOWN
MP20800648,5056,,
MP20007355,5057,,
MP20007362,5058,UNKNOWN,UNKNOWN
MP20800649,5059,,
MP20007250,5060,,
MP20007431,5061,,
MP20003141,5062,Unknown,MALE
MP20007481,5063,Unknown,MALE
MP20007504,5064,Unknown,UNKNOWN
MP20007012,5065,UNKNOWN,
MP20006998,5066,UNKNOWN,UNKNOWN
MP20006386,5067,,
MP20007301,5068,UNKNOWN,UNKNOWN
MP20007506,5069,UNKNOWN,UNKNOWN
MP20007505,5070,Unknown,MALE
MP20003402,5071,,
MP20003424,5072,UNKNOWN,
MP20003551,5073,UNKNOWN,
MP20007603,5074,Unknown,MALE
MP20007387,5075,27,MALE
MP20007460,5076,,
MP20007508,5077,,
MP20007513,5078,,
MP20007550,5079,,
MP20007598,5080,,
MP20006651,5081,17,MALE
MP20006202,5082,,
SP20009712,5083,,MALE
MP20006132,5084,,
MP20005823,5085,UNKNOWN,
MP20007525,5086,UNKNOWN,UNKNOWN
MP20007682,5087,,
MP20007637,5088,UNKNOWN,UNKNOWN
MP20007714,5089,,
MP20007728,5090,,UNKNOWN
MP20006972,5091,,
MP20007725,5092,Unknown,MALE
MP20003910,5093,35,MALE
MP20003912,5094,,
MP20007617,5095,,
MP20007620,5096,,
MP20007627,5097,,
MP20007634,5098,,
MP20007663,5099,Unknown,
MP20007699,5100,,
MP20007788,5101,,UNKNOWN
MP20007712,5102,,
MP20007831,5103,Unknown,MALE
MP20800654,5104,,
MP20800661,5105,,
MP20800662,5106,,
MP20800666,5107,,
MP20800674,5108,,
MP20800678,5109,,
MP20800679,5110,,
MP20007963,5111,,
MP20007999,5112,,MALE
MP20007999,5113,Unknown,MALE
MP20007800,5114,,
MP20007832,5115,,
MP20007873,5116,,
MP20007886,5117,,
MP20007891,5118,,
MP20007900,5119,,
MP20007989,5120,,
MP20007995,5121,,
MP20800701,5122,,
MP20800704,5123,,
MP20008012,5124,,
MP20008013,5125,,
MP20008025,5126,UNKNOWN,
MP20008014,5127,,
MP20008018,5128,UNKNOWN,
MP20008020,5129,,
MP20008010,5130,UNKNOWN,MALE
MP20008007,5131,,UNKNOWN
MP20007825,5132,,
MP20007796,5133,,
MP20008062,5134,UNKNOWN,
MP20008039,5135,UNKNOWN,UNKNOWN
MP20008087,5136,21,MALE
MP20008094,5137,Unknown,UNKNOWN
MP20800730,5138,,
MP20800726,5139,,
MP20800705,5140,,
MP20800707,5141,,
MP20800710,5142,,
MP20800709,5143,,
MP20800712,5144,,
MP20800713,5145,,
MP20800719,5146,,
MP20800703,5147,,
MP20800721,5148,,
MP20800698,5149,,
MP20800696,5150,,
MP20800724,5151,,
MP20800734,5152,,
MP20800736,5153,,
MP20007818,5154,,
MP20800739,5155,,
MP20008107,5156,UNKNOWN,
MP20008108,5157,,
MP20008110,5158,UNKNOWN,
MP20008169,5159,,MALE
MP20008038,5160,,
MP20008093,5161,,
MP20008106,5162,,
MP20008120,5163,,
MP20008122,5164,,
MP20008132,5165,,
MP20008185,5166,,
MP20008184,5167,Unknown,UNKNOWN
MP20008181,5168,Unknown,MALE
MP20008256,5169,21,MALE
MP20008202,5170,,
MP20008215,5171,,
MP20008224,5172,,
MP20008231,5173,,
MP20008240,5174,,
MP20008306,5175,Unknown,UNKNOWN
MP20008190,5176,,
MP20008340,5177,,MALE
MP20004212,5178,UNKNOWN,
MP20004944,5179,UNKNOWN,
MP20004949,5180,Unknown,UNKNOWN
MP20005160,5181,Unknown,UNKNOWN
MP20008404,5182,,
MP20008393,5183,UNKNOWN,UNKNOWN
MP20005260,5184,,
MP20008373,5185,25,MALE
MP20007773,5186,25,FEMALE
MP20008463,5187,,
MP20008449,5188,UNKNOWN,UNKNOWN
MP20008408,5189,,
MP20007974,5190,,
MP20008517,5191,UNKNOWN,UNKNOWN
MP20008560,5192,,
MP20008576,5193,UNKNOWN,
MP20008528,5194,,
MP20008540,5195,,
MP20008214,5196,,
MP20008260,5197,,
MP20008269,5198,,
MP20008283,5199,,
MP20008310,5200,,
MP20008378,5201,,
MP20008422,5202,,
MP20008432,5203,,
MP20008445,5204,,
MP20008446,5205,,
MP20008447,5206,,
MP20008468,5207,,
MP20008466,5208,,
MP20008469,5209,,
MP20008498,5210,,
MP20008510,5211,,
MP20008533,5212,,
MP20008537,5213,,
MP20008558,5214,,
MP20008561,5215,,
MP20008608,5216,,UNKNOWN
MP20008009,5217,,MALE
MP20008261,5218,UNKNOWN,UNKNOWN
MP20008709,5219,Unknown,UNKNOWN
MP20008692,5220,,
MP20008677,5221,,
MP20008677,5222,,MALE
MP20008637,5223,Unknown,UNKNOWN
MP20008186,5224,,
MP20008707,5225,Unknown,UNKNOWN
MP20008766,5226,,
MP20008678,5227,20,MALE
MP20008763,5228,UNKNOWN,
MP20008764,5229,,
MP20008602,5230,,
MP20008619,5231,,
MP20008631,5232,UNKNOWN,
MP20008688,5233,,
MP20008694,5234,,
MP20008698,5235,,
MP20008716,5236,,
MP20008775,5237,Unknown,UNKNOWN
MP20008733,5238,Unknown,UNKNOWN
MP20008884,5239,,
MP20008660,5240,,
MP20008825,5241,,
MP20800786,5242,,
MP20800793,5243,,
MP20800791,5244,,
MP20800744,5245,,
MP20800751,5246,,
MP20800775,5247,,
MP20800784,5248,,
MP20800749,5249,,
MP20800748,5250,,
MP20008770,5251,Unknown,UNKNOWN
MP20800756,5252,,
MP20800776,5253,,
MP20800772,5254,,
MP20800773,5255,,
MP20800764,5256,,
MP20800799,5257,,
MP20800787,5258,,
MP20008928,5259,,
MP20008926,5260,,MALE
MP20008897,5261,,MALE
MP20008354,5262,,
MP20008352,5263,,
MP20008962,5264,,
MP20008965,5265,UNKNOWN,MALE
MP20008983,5266,,
MP20009043,5267,,FEMALE
MP20009052,5268,,
MP20009080,5269,Unknown,UNKNOWN
MP20008881,5270,UNKNOWN,MALE
MP20009125,5271,,
MP20008281,5272,UNKNOWN,UNKNOWN
MP20008615,5273,,
MP20009142,5274,,
MP20009141,5275,,
MP20009140,5276,,UNKNOWN
MP20800814,5277,,
MP20800816,5278,,
MP20800813,5279,,
MP20800807,5280,,
MP20800811,5281,,
MP20800825,5282,,
MP20800828,5283,,
MP20800831,5284,,
MP20800832,5285,,
MP20008400,5286,,
MP20008988,5287,,
MP20008848,5288,,
MP20008860,5289,,
MP20008879,5290,,
MP20008885,5291,,
MP20008889,5292,,
MP20008950,5293,,
MP20008952,5294,,
MP20008968,5295,,
MP20008981,5296,,
MP20008990,5297,,
MP20009066,5298,,
MP20009068,5299,,
MP20009076,5300,,
MP20009081,5301,,
MP20009171,5302,,
MP20009177,5303,,
MP20009180,5304,,
MP20009186,5305,,
MP20009200,5306,,
MP20800836,5307,,
MP20009246,5308,UNKNOWN,UNKNOWN
MP20009241,5309,UNKNOWN,UNKNOWN
MP20009237,5310,30,MALE
MP20009079,5311,,UNKNOWN
MP20009240,5312,,
MP20009335,5313,UNKNOWN,UNKNOWN
MP20800845,5314,,
MP20800846,5315,,
MP20009334,5316,Unknown,MALE
MP20009238,5317,Unknown,UNKNOWN
MP20009339,5318,,
MP20009360,5319,,
MP20009389,5320,,
MP20009324,5321,,
MP20009358,5322,,
MP20009452,5323,,UNKNOWN
MP20009435,5324,,
MP20009428,5325,,
MP20009425,5326,,
MP20009340,5327,,
MP20009424,5328,,
MP20009239,5329,,
MP20009259,5330,,
MP20009308,5331,,
MP20009336,5332,,
MP20009427,5333,,
MP20800849,5334,,
MP20800865,5335,,
MP20800866,5336,,
MP20800864,5337,,
MP20009517,5338,Unknown,
MP20009539,5339,UNKNOWN,UNKNOWN
MP20009044,5340,,
MP20009501,5341,,MALE
MP20009597,5342,,
MP20009619,5343,,MALE
MP20009593,5344,30,MALE
MP20009598,5345,,
MP20009678,5346,,MALE
MP20009646,5347,20,MALE
MP20800884,5348,,
MP20800882,5349,,
MP20009729,5350,,MALE
MP20009746,5351,,
MP20009751,5352,,
MP20009783,5353,,
MP20009499,5354,,
MP20009667,5355,,
MP20009668,5356,,
MP20009681,5357,,
MP20009691,5358,,
MP20009742,5359,,
MP20009766,5360,,
MP20009787,5361,,
MP20800875,5362,,
MP20800893,5363,,
MP20800902,5364,,
MP20007606,5365,,
MP20009800,5366,,
MP20009927,5367,,
MP20010009,5368,,
MP20010013,5369,Unknown,MALE
MP20010013,5370,,
MP20010029,5371,,UNKNOWN
MP20010007,5372,20,MALE
MP20007793,5373,,MALE
MP20010010,5374,,
MP20009842,5375,,
MP20009955,5376,,
MP20009994,5377,,
MP20010006,5378,,
MP20010108,5379,,
MP20009810,5380,,
MP20009816,5381,,
MP20800918,5382,,
MP20009997,5383,,
MP20800920,5384,,
MP20800919,5385,,
MP20010151,5386,,
MP20010157,5387,,UNKNOWN
MP20010213,5388,Unknown,UNKNOWN
MP20010240,5389,,
MP20010021,5390,,
MP20010279,5391,Unknown,UNKNOWN
MP20010261,5392,UNKNOWN,MALE
MP20010351,5393,,
MP20010344,5394,UNKNOWN,UNKNOWN
MP20010096,5395,,
MP20010105,5396,,
MP20010106,5397,,
MP20010104,5398,,
MP20010189,5399,,
MP20010196,5400,,
MP20010203,5401,,
MP20010212,5402,,
MP20010264,5403,,
MP20010281,5404,,
MP20010371,5405,,
MP20010386,5406,,
MP20010382,5407,,
MP20009870,5408,30,MALE
MP20800925,5409,,
MP20800932,5410,,
MP20800930,5411,,
MP20010392,5412,,
MP20010387,5413,17,MALE
MP20002670,5414,UNKNOWN,UNKNOWN
MP20005353,5415,UNKNOWN,UNKNOWN
MP20003292,5416,Unknown,UNKNOWN
MP19037549,5417,Unknown,UNKNOWN
MP20000418,5418,20,MALE
MP20002496,5419,20,MALE
MP20004011,5420,Unknown,MALE
MP20004148,5421,Unknown,UNKNOWN
MP20004057,5422,Unknown,UNKNOWN
MP20005577,5423,Unknown,MALE
MP20006734,5424,UNKNOWN,FEMALE
MP20006819,5425,UNKNOWN,MALE
MP20007349,5426,UNKNOWN,UNKNOWN
MP20007823,5427,20,MALE
MP20004881,5429,Unknown,UNKNOWN
MP20009866,5430,UNKNOWN,UNKNOWN
MP20009868,5431,Unknown,UNKNOWN
MP20003851,5432,30,MALE
MP20006291,5433,Unknown,UNKNOWN
MP20006710,5434,UNKNOWN,UNKNOWN
MP20002432,3842,17,FEMALE
MP20010270,2903,36,MALE
MP20002601,5435,Unknown,MALE
MP20003119,3075,32,MALE
MP20008968,2977,34,MALE
MP20005144,3157,31,MALE
MP20005613,3255,29,MALE
MP20005466,3500,25,MALE
MP20009782,3429,26,FEMALE
MP20007795,2981,34,MALE
MP20007060,2922,36,MALE
MP20001719,5441,49,UNKNOWN
MP20001719,5442,38,UNKNOWN
MP20005540,2581,44,MALE
MP20000058,3322,28,MALE
MP20001549,2365,52,MALE
MP20007776,2665,41,MALE
MP19037590,2878,36,MALE
MP20010049,2631,43,MALE
MP20006854,2627,43,MALE
MP20006702,2788,38,MALE
MP20006705,2788,38,MALE
MP20006707,2788,38,MALE
MP20002331,3043,33,MALE
MP20000697,3505,25,MALE
MP20006781,3127,31,MALE
MP20002267,3206,30,FEMALE
MP20009904,2757,39,FEMALE
MP20010223,3614,22,FEMALE
MP20001191,2663,42,MALE
MP20006472,3890,16,MALE
MP20006481,3890,16,MALE
MP20004234,3195,30,MALE
MP20002268,2589,44,MALE
MP20006666,3920,14,MALE
MP20007390,2391,51,MALE
MP20010049,3070,32,MALE
MP20002630,3873,16,FEMALE
MP20010186,3611,23,MALE
MP20006718,5445,UNKNOWN,MALE
MP20008022,3286,29,FEMALE
MP20001628,2926,35,MALE
MP20002204,2985,34,MALE
MP20000408,2374,51,MALE
MP20006805,5447,26,FEMALE
MP20008314,2463,48,MALE
MP20008505,3882,16,MALE
MP20009894,3170,31,MALE
MP20002896,5449,Unknown,FEMALE
MP20009233,3152,31,MALE
MP20002365,3477,25,FEMALE
MP20009639,2896,36,MALE
